spend_id,campaign_id,spend_date,impressions,clicks,spend
DSP0000001,CMP0001,2023-06-17,12218,548,219.93
DSP0000002,CMP0001,2023-06-18,10087,356,181.57
DSP0000003,CMP0001,2023-06-19,15531,476,279.57
DSP0000004,CMP0001,2023-06-20,14314,499,257.66
DSP0000005,CMP0001,2023-06-21,10752,285,193.55
DSP0000006,CMP0001,2023-06-22,11897,414,214.16
DSP0000007,CMP0001,2023-06-23,11056,424,199.01
DSP0000008,CMP0001,2023-06-24,9043,292,162.78
DSP0000009,CMP0001,2023-06-25,10440,256,187.92
DSP0000010,CMP0001,2023-06-26,9562,431,172.12
DSP0000011,CMP0001,2023-06-27,13980,521,251.64
DSP0000012,CMP0001,2023-06-28,14379,532,258.83
DSP0000013,CMP0001,2023-06-29,12722,371,229.01
DSP0000014,CMP0001,2023-06-30,12795,470,230.32
DSP0000015,CMP0001,2023-07-01,10803,363,194.46
DSP0000016,CMP0001,2023-07-02,11063,349,199.15
DSP0000017,CMP0001,2023-07-03,15518,387,279.34
DSP0000018,CMP0001,2023-07-04,12417,402,223.52
DSP0000019,CMP0001,2023-07-05,14181,441,255.26
DSP0000020,CMP0001,2023-07-06,15403,395,277.26
DSP0000021,CMP0001,2023-07-07,15155,495,272.79
DSP0000022,CMP0001,2023-07-08,9673,369,174.13
DSP0000023,CMP0001,2023-07-09,9476,370,170.57
DSP0000024,CMP0001,2023-07-10,8875,365,159.75
DSP0000025,CMP0001,2023-07-11,12452,533,224.15
DSP0000026,CMP0001,2023-07-12,11427,317,205.70
DSP0000027,CMP0001,2023-07-13,14516,630,261.29
DSP0000028,CMP0001,2023-07-14,15902,682,286.25
DSP0000029,CMP0001,2023-07-15,13771,503,247.88
DSP0000030,CMP0001,2023-07-16,9693,318,174.48
DSP0000031,CMP0001,2023-07-17,9828,269,176.91
DSP0000032,CMP0001,2023-07-18,12781,416,230.07
DSP0000033,CMP0001,2023-07-19,11537,387,207.67
DSP0000034,CMP0001,2023-07-20,12014,509,216.26
DSP0000035,CMP0001,2023-07-21,12327,346,221.90
DSP0000036,CMP0001,2023-07-22,12289,350,221.21
DSP0000037,CMP0001,2023-07-23,14145,584,254.62
DSP0000038,CMP0001,2023-07-24,12989,358,233.81
DSP0000039,CMP0001,2023-07-25,14629,599,263.33
DSP0000040,CMP0001,2023-07-26,13644,345,245.60
DSP0000041,CMP0001,2023-07-27,14562,382,262.12
DSP0000042,CMP0001,2023-07-28,10396,296,187.13
DSP0000043,CMP0001,2023-07-29,11728,490,211.12
DSP0000044,CMP0001,2023-07-30,9392,238,169.07
DSP0000045,CMP0001,2023-07-31,14691,638,264.45
DSP0000046,CMP0001,2023-08-01,9751,282,175.53
DSP0000047,CMP0001,2023-08-02,14335,463,258.04
DSP0000048,CMP0001,2023-08-03,14455,538,260.20
DSP0000049,CMP0001,2023-08-04,14802,628,266.44
DSP0000050,CMP0001,2023-08-05,11626,317,209.28
DSP0000051,CMP0001,2023-08-06,9311,324,167.60
DSP0000052,CMP0001,2023-08-07,13561,394,244.11
DSP0000053,CMP0001,2023-08-08,11891,400,214.05
DSP0000054,CMP0001,2023-08-09,13628,452,245.31
DSP0000055,CMP0001,2023-08-10,9228,402,166.11
DSP0000056,CMP0001,2023-08-11,10060,374,181.08
DSP0000057,CMP0001,2023-08-12,15083,414,271.51
DSP0000058,CMP0001,2023-08-13,10781,299,194.07
DSP0000059,CMP0001,2023-08-14,13574,561,244.34
DSP0000060,CMP0001,2023-08-15,9471,426,170.48
DSP0000061,CMP0001,2023-08-16,10660,383,191.89
DSP0000062,CMP0001,2023-08-17,11668,356,210.03
DSP0000063,CMP0002,2023-09-27,81376,1424,895.14
DSP0000064,CMP0002,2023-09-28,98696,2000,1085.66
DSP0000065,CMP0002,2023-09-29,68850,1392,757.35
DSP0000066,CMP0002,2023-09-30,56203,817,618.24
DSP0000067,CMP0002,2023-10-01,82191,1441,904.11
DSP0000068,CMP0002,2023-10-02,74824,1025,823.07
DSP0000069,CMP0002,2023-10-03,88898,1136,977.88
DSP0000070,CMP0002,2023-10-04,79721,1565,876.94
DSP0000071,CMP0002,2023-10-05,69373,1151,763.11
DSP0000072,CMP0002,2023-10-06,84144,1413,925.59
DSP0000073,CMP0002,2023-10-07,92027,1726,1012.30
DSP0000074,CMP0002,2023-10-08,74532,957,819.86
DSP0000075,CMP0002,2023-10-09,66555,1106,732.11
DSP0000076,CMP0002,2023-10-10,64096,1049,705.06
DSP0000077,CMP0002,2023-10-11,70544,1243,775.99
DSP0000078,CMP0002,2023-10-12,98891,1866,1087.81
DSP0000079,CMP0002,2023-10-13,56819,1267,625.01
DSP0000080,CMP0002,2023-10-14,87262,1531,959.89
DSP0000081,CMP0002,2023-10-15,88884,1538,977.73
DSP0000082,CMP0002,2023-10-16,86070,1210,946.77
DSP0000083,CMP0002,2023-10-17,97254,1362,1069.80
DSP0000084,CMP0002,2023-10-18,84960,1181,934.56
DSP0000085,CMP0002,2023-10-19,92910,1301,1022.01
DSP0000086,CMP0002,2023-10-20,92641,1367,1019.06
DSP0000087,CMP0002,2023-10-21,91250,1406,1003.76
DSP0000088,CMP0002,2023-10-22,65360,1306,718.97
DSP0000089,CMP0002,2023-10-23,84182,1425,926.01
DSP0000090,CMP0002,2023-10-24,80490,1527,885.39
DSP0000091,CMP0002,2023-10-25,83518,1516,918.70
DSP0000092,CMP0002,2023-10-26,82181,1159,904.00
DSP0000093,CMP0002,2023-10-27,64820,1363,713.03
DSP0000094,CMP0002,2023-10-28,82841,1638,911.26
DSP0000095,CMP0002,2023-10-29,88551,1527,974.07
DSP0000096,CMP0002,2023-10-30,77710,1642,854.82
DSP0000097,CMP0002,2023-10-31,64851,819,713.37
DSP0000098,CMP0002,2023-11-01,79294,1490,872.24
DSP0000099,CMP0002,2023-11-02,86273,1649,949.01
DSP0000100,CMP0002,2023-11-03,82535,1077,907.89
DSP0000101,CMP0002,2023-11-04,74625,1228,820.88
DSP0000102,CMP0002,2023-11-05,97345,1235,1070.80
DSP0000103,CMP0002,2023-11-06,60025,797,660.28
DSP0000104,CMP0002,2023-11-07,83960,1913,923.57
DSP0000105,CMP0002,2023-11-08,59688,1274,656.57
DSP0000106,CMP0002,2023-11-09,77010,1185,847.12
DSP0000107,CMP0002,2023-11-10,70182,1085,772.01
DSP0000108,CMP0002,2023-11-11,72540,983,797.94
DSP0000109,CMP0002,2023-11-12,91766,1311,1009.43
DSP0000110,CMP0002,2023-11-13,96425,1897,1060.68
DSP0000111,CMP0002,2023-11-14,79857,1635,878.43
DSP0000112,CMP0002,2023-11-15,86239,1324,948.63
DSP0000113,CMP0002,2023-11-16,90621,2091,996.84
DSP0000114,CMP0002,2023-11-17,92568,1798,1018.25
DSP0000115,CMP0002,2023-11-18,92020,1849,1012.22
DSP0000116,CMP0003,2024-09-27,64336,500,418.19
DSP0000117,CMP0003,2024-09-28,61796,448,401.68
DSP0000118,CMP0003,2024-09-29,63246,453,411.10
DSP0000119,CMP0003,2024-09-30,44973,199,292.33
DSP0000120,CMP0003,2024-10-01,36855,269,239.56
DSP0000121,CMP0003,2024-10-02,40127,229,260.83
DSP0000122,CMP0003,2024-10-03,49175,238,319.64
DSP0000123,CMP0003,2024-10-04,60916,383,395.96
DSP0000124,CMP0003,2024-10-05,65352,390,424.79
DSP0000125,CMP0003,2024-10-06,53318,349,346.57
DSP0000126,CMP0003,2024-10-07,64026,365,416.17
DSP0000127,CMP0003,2024-10-08,54281,248,352.83
DSP0000128,CMP0003,2024-10-09,57327,397,372.63
DSP0000129,CMP0003,2024-10-10,57678,370,374.91
DSP0000130,CMP0003,2024-10-11,39427,276,256.28
DSP0000131,CMP0003,2024-10-12,61001,335,396.51
DSP0000132,CMP0003,2024-10-13,58610,429,380.97
DSP0000133,CMP0003,2024-10-14,51646,238,335.70
DSP0000134,CMP0003,2024-10-15,49810,387,323.77
DSP0000135,CMP0003,2024-10-16,62089,440,403.58
DSP0000136,CMP0003,2024-10-17,41258,274,268.18
DSP0000137,CMP0003,2024-10-18,63656,377,413.77
DSP0000138,CMP0003,2024-10-19,62616,421,407.01
DSP0000139,CMP0003,2024-10-20,42621,289,277.04
DSP0000140,CMP0003,2024-10-21,38560,247,250.64
DSP0000141,CMP0003,2024-10-22,42712,245,277.63
DSP0000142,CMP0003,2024-10-23,52927,295,344.03
DSP0000143,CMP0003,2024-10-24,58856,295,382.57
DSP0000144,CMP0003,2024-10-25,45723,285,297.20
DSP0000145,CMP0003,2024-10-26,58638,452,381.15
DSP0000146,CMP0003,2024-10-27,53883,387,350.24
DSP0000147,CMP0003,2024-10-28,50661,373,329.30
DSP0000148,CMP0003,2024-10-29,63096,447,410.13
DSP0000149,CMP0003,2024-10-30,59855,363,389.06
DSP0000150,CMP0003,2024-10-31,44560,285,289.64
DSP0000151,CMP0003,2024-11-01,46338,311,301.20
DSP0000152,CMP0003,2024-11-02,37169,194,241.60
DSP0000153,CMP0003,2024-11-03,49140,216,319.41
DSP0000154,CMP0003,2024-11-04,46506,222,302.29
DSP0000155,CMP0003,2024-11-05,55715,425,362.15
DSP0000156,CMP0003,2024-11-06,61404,461,399.13
DSP0000157,CMP0003,2024-11-07,43807,243,284.75
DSP0000158,CMP0003,2024-11-08,65547,343,426.06
DSP0000159,CMP0003,2024-11-09,57935,376,376.58
DSP0000160,CMP0003,2024-11-10,61156,270,397.52
DSP0000161,CMP0003,2024-11-11,62223,262,404.45
DSP0000162,CMP0003,2024-11-12,51227,311,332.98
DSP0000163,CMP0003,2024-11-13,40926,239,266.02
DSP0000164,CMP0003,2024-11-14,50247,255,326.61
DSP0000165,CMP0003,2024-11-15,55456,287,360.47
DSP0000166,CMP0003,2024-11-16,58886,399,382.76
DSP0000167,CMP0003,2024-11-17,41175,288,267.64
DSP0000168,CMP0003,2024-11-18,60064,416,390.42
DSP0000169,CMP0003,2024-11-19,43667,270,283.84
DSP0000170,CMP0003,2024-11-20,47001,230,305.51
DSP0000171,CMP0003,2024-11-21,50629,363,329.09
DSP0000172,CMP0003,2024-11-22,54335,234,353.18
DSP0000173,CMP0003,2024-11-23,57652,327,374.74
DSP0000174,CMP0003,2024-11-24,45415,215,295.20
DSP0000175,CMP0003,2024-11-25,55336,249,359.69
DSP0000176,CMP0003,2024-11-26,39370,173,255.91
DSP0000177,CMP0003,2024-11-27,48512,378,315.33
DSP0000178,CMP0003,2024-11-28,52173,371,339.13
DSP0000179,CMP0003,2024-11-29,44446,237,288.90
DSP0000180,CMP0003,2024-11-30,55467,374,360.54
DSP0000181,CMP0003,2024-12-01,51918,387,337.47
DSP0000182,CMP0003,2024-12-02,65426,374,425.27
DSP0000183,CMP0003,2024-12-03,51416,228,334.21
DSP0000184,CMP0003,2024-12-04,50269,253,326.75
DSP0000185,CMP0003,2024-12-05,67107,302,436.20
DSP0000186,CMP0003,2024-12-06,54940,335,357.11
DSP0000187,CMP0003,2024-12-07,66643,408,433.18
DSP0000188,CMP0003,2024-12-08,39107,232,254.20
DSP0000189,CMP0003,2024-12-09,51156,222,332.52
DSP0000190,CMP0003,2024-12-10,38689,242,251.48
DSP0000191,CMP0003,2024-12-11,42807,206,278.25
DSP0000192,CMP0003,2024-12-12,47676,300,309.90
DSP0000193,CMP0003,2024-12-13,38943,297,253.13
DSP0000194,CMP0003,2024-12-14,54507,342,354.30
DSP0000195,CMP0003,2024-12-15,49296,317,320.43
DSP0000196,CMP0003,2024-12-16,60776,339,395.05
DSP0000197,CMP0003,2024-12-17,52556,284,341.62
DSP0000198,CMP0003,2024-12-18,56306,260,365.99
DSP0000199,CMP0003,2024-12-19,38190,182,248.24
DSP0000200,CMP0003,2024-12-20,37732,190,245.26
DSP0000201,CMP0003,2024-12-21,43803,253,284.72
DSP0000202,CMP0003,2024-12-22,61573,423,400.23
DSP0000203,CMP0003,2024-12-23,48690,213,316.49
DSP0000204,CMP0003,2024-12-24,50655,259,329.26
DSP0000205,CMP0003,2024-12-25,66840,397,434.46
DSP0000206,CMP0003,2024-12-26,51623,257,335.55
DSP0000207,CMP0004,2024-10-15,15295,97,229.43
DSP0000208,CMP0004,2024-10-16,17100,194,256.51
DSP0000209,CMP0004,2024-10-17,18500,209,277.50
DSP0000210,CMP0004,2024-10-18,17100,191,256.51
DSP0000211,CMP0004,2024-10-19,19058,129,285.88
DSP0000212,CMP0004,2024-10-20,17851,179,267.77
DSP0000213,CMP0004,2024-10-21,11770,91,176.56
DSP0000214,CMP0004,2024-10-22,12916,129,193.74
DSP0000215,CMP0004,2024-10-23,12712,147,190.69
DSP0000216,CMP0004,2024-10-24,13486,112,202.30
DSP0000217,CMP0004,2024-10-25,12447,111,186.71
DSP0000218,CMP0004,2024-10-26,17585,118,263.78
DSP0000219,CMP0004,2024-10-27,13531,98,202.97
DSP0000220,CMP0004,2024-10-28,14075,144,211.13
DSP0000221,CMP0004,2024-10-29,17455,186,261.83
DSP0000222,CMP0004,2024-10-30,13438,125,201.58
DSP0000223,CMP0004,2024-10-31,12248,97,183.73
DSP0000224,CMP0004,2024-11-01,14676,164,220.15
DSP0000225,CMP0004,2024-11-02,10342,79,155.13
DSP0000226,CMP0004,2024-11-03,16007,136,240.11
DSP0000227,CMP0004,2024-11-04,12544,134,188.16
DSP0000228,CMP0004,2024-11-05,17932,204,268.98
DSP0000229,CMP0004,2024-11-06,15514,161,232.71
DSP0000230,CMP0004,2024-11-07,13746,106,206.19
DSP0000231,CMP0004,2024-11-08,15586,132,233.80
DSP0000232,CMP0004,2024-11-09,14684,123,220.27
DSP0000233,CMP0004,2024-11-10,11946,80,179.19
DSP0000234,CMP0004,2024-11-11,13579,156,203.69
DSP0000235,CMP0004,2024-11-12,13120,90,196.81
DSP0000236,CMP0004,2024-11-13,17074,188,256.12
DSP0000237,CMP0004,2024-11-14,12192,89,182.89
DSP0000238,CMP0004,2024-11-15,18042,122,270.64
DSP0000239,CMP0004,2024-11-16,11950,104,179.26
DSP0000240,CMP0004,2024-11-17,11870,115,178.05
DSP0000241,CMP0004,2024-11-18,14687,154,220.31
DSP0000242,CMP0004,2024-11-19,12869,92,193.04
DSP0000243,CMP0004,2024-11-20,13338,104,200.07
DSP0000244,CMP0004,2024-11-21,16147,118,242.21
DSP0000245,CMP0004,2024-11-22,10866,121,162.99
DSP0000246,CMP0004,2024-11-23,16694,157,250.42
DSP0000247,CMP0004,2024-11-24,18690,199,280.36
DSP0000248,CMP0004,2024-11-25,16387,144,245.81
DSP0000249,CMP0004,2024-11-26,15372,150,230.58
DSP0000250,CMP0004,2024-11-27,17226,185,258.40
DSP0000251,CMP0004,2024-11-28,12443,116,186.65
DSP0000252,CMP0004,2024-11-29,15849,141,237.74
DSP0000253,CMP0004,2024-11-30,13916,112,208.74
DSP0000254,CMP0004,2024-12-01,16077,124,241.16
DSP0000255,CMP0004,2024-12-02,10781,125,161.72
DSP0000256,CMP0004,2024-12-03,13527,117,202.91
DSP0000257,CMP0004,2024-12-04,11119,123,166.79
DSP0000258,CMP0004,2024-12-05,11370,127,170.55
DSP0000259,CMP0004,2024-12-06,11661,103,174.92
DSP0000260,CMP0004,2024-12-07,14892,121,223.38
DSP0000261,CMP0004,2024-12-08,18965,187,284.48
DSP0000262,CMP0004,2024-12-09,15820,109,237.31
DSP0000263,CMP0004,2024-12-10,16369,122,245.54
DSP0000264,CMP0004,2024-12-11,11468,74,172.03
DSP0000265,CMP0004,2024-12-12,17768,200,266.53
DSP0000266,CMP0004,2024-12-13,15418,116,231.27
DSP0000267,CMP0004,2024-12-14,11506,88,172.59
DSP0000268,CMP0004,2024-12-15,17004,159,255.06
DSP0000269,CMP0004,2024-12-16,14291,106,214.37
DSP0000270,CMP0004,2024-12-17,18174,171,272.62
DSP0000271,CMP0004,2024-12-18,11573,84,173.60
DSP0000272,CMP0004,2024-12-19,14090,147,211.35
DSP0000273,CMP0004,2024-12-20,12664,109,189.96
DSP0000274,CMP0004,2024-12-21,12588,113,188.83
DSP0000275,CMP0004,2024-12-22,14776,117,221.65
DSP0000276,CMP0004,2024-12-23,16261,145,243.92
DSP0000277,CMP0004,2024-12-24,15455,102,231.83
DSP0000278,CMP0004,2024-12-25,13524,114,202.87
DSP0000279,CMP0004,2024-12-26,15953,160,239.30
DSP0000280,CMP0004,2024-12-27,14646,150,219.69
DSP0000281,CMP0004,2024-12-28,16121,102,241.82
DSP0000282,CMP0004,2024-12-29,12544,101,188.17
DSP0000283,CMP0004,2024-12-30,18101,121,271.52
DSP0000284,CMP0004,2024-12-31,19052,211,285.78
DSP0000285,CMP0004,2025-01-01,18888,197,283.32
DSP0000286,CMP0004,2025-01-02,15352,139,230.28
DSP0000287,CMP0004,2025-01-03,16478,177,247.17
DSP0000288,CMP0004,2025-01-04,14035,136,210.53
DSP0000289,CMP0004,2025-01-05,14763,136,221.45
DSP0000290,CMP0004,2025-01-06,12241,106,183.62
DSP0000291,CMP0004,2025-01-07,10525,95,157.88
DSP0000292,CMP0004,2025-01-08,16135,144,242.03
DSP0000293,CMP0004,2025-01-09,11660,87,174.90
DSP0000294,CMP0004,2025-01-10,14948,108,224.23
DSP0000295,CMP0004,2025-01-11,16711,135,250.67
DSP0000296,CMP0004,2025-01-12,12214,113,183.22
DSP0000297,CMP0004,2025-01-13,12604,100,189.07
DSP0000298,CMP0004,2025-01-14,18130,183,271.96
DSP0000299,CMP0004,2025-01-15,12030,83,180.46
DSP0000300,CMP0004,2025-01-16,14140,140,212.11
DSP0000301,CMP0004,2025-01-17,18204,165,273.07
DSP0000302,CMP0004,2025-01-18,10968,81,164.52
DSP0000303,CMP0004,2025-01-19,16066,143,241.00
DSP0000304,CMP0004,2025-01-20,13935,127,209.03
DSP0000305,CMP0004,2025-01-21,16162,188,242.43
DSP0000306,CMP0004,2025-01-22,12410,117,186.15
DSP0000307,CMP0004,2025-01-23,13238,104,198.58
DSP0000308,CMP0004,2025-01-24,12340,101,185.11
DSP0000309,CMP0004,2025-01-25,14378,108,215.67
DSP0000310,CMP0004,2025-01-26,18864,132,282.96
DSP0000311,CMP0004,2025-01-27,11398,94,170.97
DSP0000312,CMP0004,2025-01-28,16239,105,243.59
DSP0000313,CMP0004,2025-01-29,18680,201,280.21
DSP0000314,CMP0004,2025-01-30,11730,94,175.95
DSP0000315,CMP0004,2025-01-31,10710,86,160.66
DSP0000316,CMP0004,2025-02-01,11562,120,173.44
DSP0000317,CMP0004,2025-02-02,18803,202,282.05
DSP0000318,CMP0004,2025-02-03,12750,147,191.25
DSP0000319,CMP0004,2025-02-04,18050,195,270.76
DSP0000320,CMP0004,2025-02-05,18625,208,279.38
DSP0000321,CMP0004,2025-02-06,11815,122,177.23
DSP0000322,CMP0004,2025-02-07,18798,144,281.98
DSP0000323,CMP0004,2025-02-08,18428,128,276.43
DSP0000324,CMP0004,2025-02-09,13856,112,207.85
DSP0000325,CMP0004,2025-02-10,15966,151,239.49
DSP0000326,CMP0004,2025-02-11,17087,115,256.31
DSP0000327,CMP0004,2025-02-12,14024,89,210.37
DSP0000328,CMP0004,2025-02-13,11344,112,170.17
DSP0000329,CMP0004,2025-02-14,14158,159,212.38
DSP0000330,CMP0004,2025-02-15,12188,86,182.83
DSP0000331,CMP0004,2025-02-16,13910,124,208.65
DSP0000332,CMP0005,2024-10-20,22751,538,204.76
DSP0000333,CMP0005,2024-10-21,27953,831,251.58
DSP0000334,CMP0005,2024-10-22,32321,695,290.89
DSP0000335,CMP0005,2024-10-23,22660,671,203.94
DSP0000336,CMP0005,2024-10-24,31026,876,279.24
DSP0000337,CMP0005,2024-10-25,18616,418,167.55
DSP0000338,CMP0005,2024-10-26,20928,412,188.36
DSP0000339,CMP0005,2024-10-27,30171,941,271.54
DSP0000340,CMP0005,2024-10-28,27111,808,244.00
DSP0000341,CMP0005,2024-10-29,22641,695,203.77
DSP0000342,CMP0005,2024-10-30,30175,804,271.58
DSP0000343,CMP0005,2024-10-31,33703,1022,303.33
DSP0000344,CMP0005,2024-11-01,25574,758,230.17
DSP0000345,CMP0005,2024-11-02,31723,591,285.51
DSP0000346,CMP0005,2024-11-03,24173,498,217.56
DSP0000347,CMP0005,2024-11-04,19270,615,173.43
DSP0000348,CMP0005,2024-11-05,26098,570,234.89
DSP0000349,CMP0005,2024-11-06,33501,1009,301.51
DSP0000350,CMP0005,2024-11-07,33096,827,297.87
DSP0000351,CMP0005,2024-11-08,29001,567,261.01
DSP0000352,CMP0005,2024-11-09,22955,484,206.60
DSP0000353,CMP0005,2024-11-10,31522,657,283.70
DSP0000354,CMP0005,2024-11-11,28122,747,253.10
DSP0000355,CMP0005,2024-11-12,26726,695,240.54
DSP0000356,CMP0005,2024-11-13,32472,814,292.25
DSP0000357,CMP0005,2024-11-14,25407,589,228.67
DSP0000358,CMP0005,2024-11-15,25422,575,228.80
DSP0000359,CMP0005,2024-11-16,27788,518,250.10
DSP0000360,CMP0005,2024-11-17,21897,485,197.08
DSP0000361,CMP0005,2024-11-18,30836,813,277.53
DSP0000362,CMP0005,2024-11-19,18524,593,166.72
DSP0000363,CMP0005,2024-11-20,27207,495,244.87
DSP0000364,CMP0005,2024-11-21,29414,908,264.73
DSP0000365,CMP0005,2024-11-22,19363,461,174.27
DSP0000366,CMP0005,2024-11-23,24753,650,222.78
DSP0000367,CMP0005,2024-11-24,23657,739,212.92
DSP0000368,CMP0005,2024-11-25,33514,1034,301.63
DSP0000369,CMP0005,2024-11-26,20265,364,182.39
DSP0000370,CMP0005,2024-11-27,22766,736,204.90
DSP0000371,CMP0005,2024-11-28,32928,903,296.36
DSP0000372,CMP0005,2024-11-29,28448,594,256.04
DSP0000373,CMP0005,2024-11-30,26247,642,236.23
DSP0000374,CMP0005,2024-12-01,34154,890,307.39
DSP0000375,CMP0005,2024-12-02,27252,611,245.27
DSP0000376,CMP0005,2024-12-03,23020,405,207.18
DSP0000377,CMP0005,2024-12-04,24227,542,218.05
DSP0000378,CMP0005,2024-12-05,28570,859,257.13
DSP0000379,CMP0005,2024-12-06,22887,570,205.99
DSP0000380,CMP0005,2024-12-07,22387,613,201.49
DSP0000381,CMP0005,2024-12-08,29181,656,262.63
DSP0000382,CMP0005,2024-12-09,33915,1034,305.24
DSP0000383,CMP0005,2024-12-10,31718,701,285.47
DSP0000384,CMP0005,2024-12-11,26518,529,238.67
DSP0000385,CMP0005,2024-12-12,30401,950,273.61
DSP0000386,CMP0005,2024-12-13,19411,506,174.70
DSP0000387,CMP0005,2024-12-14,26457,698,238.12
DSP0000388,CMP0005,2024-12-15,24735,603,222.62
DSP0000389,CMP0005,2024-12-16,25440,729,228.96
DSP0000390,CMP0005,2024-12-17,34153,964,307.38
DSP0000391,CMP0005,2024-12-18,28456,900,256.11
DSP0000392,CMP0005,2024-12-19,30222,839,272.00
DSP0000393,CMP0005,2024-12-20,26291,717,236.62
DSP0000394,CMP0005,2024-12-21,29460,714,265.14
DSP0000395,CMP0005,2024-12-22,26530,713,238.77
DSP0000396,CMP0005,2024-12-23,25994,763,233.95
DSP0000397,CMP0005,2024-12-24,20171,442,181.54
DSP0000398,CMP0005,2024-12-25,31308,571,281.78
DSP0000399,CMP0005,2024-12-26,23044,687,207.40
DSP0000400,CMP0005,2024-12-27,27754,648,249.79
DSP0000401,CMP0005,2024-12-28,19078,466,171.71
DSP0000402,CMP0005,2024-12-29,19783,399,178.05
DSP0000403,CMP0006,2024-12-22,24305,829,437.50
DSP0000404,CMP0006,2024-12-23,16023,726,288.42
DSP0000405,CMP0006,2024-12-24,22452,846,404.14
DSP0000406,CMP0006,2024-12-25,18519,709,333.35
DSP0000407,CMP0006,2024-12-26,16465,564,296.37
DSP0000408,CMP0006,2024-12-27,18459,621,332.27
DSP0000409,CMP0006,2024-12-28,21912,769,394.42
DSP0000410,CMP0006,2024-12-29,22640,689,407.52
DSP0000411,CMP0006,2024-12-30,21090,647,379.62
DSP0000412,CMP0006,2024-12-31,22897,872,412.15
DSP0000413,CMP0006,2025-01-01,16792,648,302.27
DSP0000414,CMP0006,2025-01-02,19364,853,348.56
DSP0000415,CMP0006,2025-01-03,16276,546,292.97
DSP0000416,CMP0006,2025-01-04,15772,431,283.90
DSP0000417,CMP0006,2025-01-05,21847,733,393.26
DSP0000418,CMP0006,2025-01-06,22486,914,404.75
DSP0000419,CMP0006,2025-01-07,13750,470,247.51
DSP0000420,CMP0006,2025-01-08,22594,581,406.70
DSP0000421,CMP0006,2025-01-09,18633,814,335.40
DSP0000422,CMP0006,2025-01-10,23116,588,416.09
DSP0000423,CMP0006,2025-01-11,15391,398,277.05
DSP0000424,CMP0006,2025-01-12,24376,1083,438.77
DSP0000425,CMP0006,2025-01-13,19086,778,343.55
DSP0000426,CMP0006,2025-01-14,21761,978,391.70
DSP0000427,CMP0006,2025-01-15,15435,679,277.84
DSP0000428,CMP0006,2025-01-16,18299,716,329.39
DSP0000429,CMP0006,2025-01-17,24606,1055,442.92
DSP0000430,CMP0006,2025-01-18,24751,946,445.52
DSP0000431,CMP0006,2025-01-19,18360,648,330.48
DSP0000432,CMP0006,2025-01-20,21760,645,391.69
DSP0000433,CMP0006,2025-01-21,17073,458,307.33
DSP0000434,CMP0006,2025-01-22,19338,553,348.10
DSP0000435,CMP0006,2025-01-23,14993,565,269.89
DSP0000436,CMP0006,2025-01-24,22495,761,404.91
DSP0000437,CMP0006,2025-01-25,19398,630,349.18
DSP0000438,CMP0006,2025-01-26,23128,610,416.32
DSP0000439,CMP0006,2025-01-27,21633,710,389.40
DSP0000440,CMP0006,2025-01-28,18257,491,328.63
DSP0000441,CMP0006,2025-01-29,14442,585,259.96
DSP0000442,CMP0006,2025-01-30,22472,664,404.51
DSP0000443,CMP0006,2025-01-31,21410,848,385.38
DSP0000444,CMP0006,2025-02-01,24322,998,437.80
DSP0000445,CMP0006,2025-02-02,16011,641,288.20
DSP0000446,CMP0006,2025-02-03,14695,445,264.52
DSP0000447,CMP0006,2025-02-04,17566,733,316.20
DSP0000448,CMP0006,2025-02-05,18122,588,326.21
DSP0000449,CMP0006,2025-02-06,17001,721,306.03
DSP0000450,CMP0006,2025-02-07,16617,452,299.12
DSP0000451,CMP0006,2025-02-08,23504,824,423.08
DSP0000452,CMP0006,2025-02-09,21088,745,379.59
DSP0000453,CMP0006,2025-02-10,14762,492,265.72
DSP0000454,CMP0006,2025-02-11,14822,594,266.80
DSP0000455,CMP0006,2025-02-12,14131,587,254.37
DSP0000456,CMP0006,2025-02-13,15533,558,279.60
DSP0000457,CMP0006,2025-02-14,17711,551,318.80
DSP0000458,CMP0006,2025-02-15,15885,501,285.93
DSP0000459,CMP0006,2025-02-16,16036,565,288.65
DSP0000460,CMP0006,2025-02-17,25318,902,455.74
DSP0000461,CMP0006,2025-02-18,19583,515,352.50
DSP0000462,CMP0006,2025-02-19,20364,525,366.56
DSP0000463,CMP0006,2025-02-20,20460,831,368.28
DSP0000464,CMP0006,2025-02-21,19584,604,352.52
DSP0000465,CMP0006,2025-02-22,14451,391,260.13
DSP0000466,CMP0006,2025-02-23,17797,485,320.35
DSP0000467,CMP0006,2025-02-24,22842,801,411.17
DSP0000468,CMP0006,2025-02-25,21785,716,392.14
DSP0000469,CMP0006,2025-02-26,14917,427,268.52
DSP0000470,CMP0006,2025-02-27,14093,637,253.68
DSP0000471,CMP0006,2025-02-28,13728,445,247.11
DSP0000472,CMP0006,2025-03-01,23210,956,417.79
DSP0000473,CMP0006,2025-03-02,19036,477,342.65
DSP0000474,CMP0006,2025-03-03,15632,649,281.39
DSP0000475,CMP0006,2025-03-04,13739,487,247.31
DSP0000476,CMP0006,2025-03-05,17104,588,307.88
DSP0000477,CMP0006,2025-03-06,23215,583,417.88
DSP0000478,CMP0006,2025-03-07,14066,384,253.20
DSP0000479,CMP0006,2025-03-08,14907,413,268.34
DSP0000480,CMP0006,2025-03-09,22842,770,411.16
DSP0000481,CMP0006,2025-03-10,17907,664,322.34
DSP0000482,CMP0006,2025-03-11,14150,599,254.71
DSP0000483,CMP0006,2025-03-12,15804,680,284.48
DSP0000484,CMP0006,2025-03-13,15508,686,279.16
DSP0000485,CMP0006,2025-03-14,15380,676,276.85
DSP0000486,CMP0006,2025-03-15,20823,774,374.83
DSP0000487,CMP0006,2025-03-16,24520,992,441.36
DSP0000488,CMP0006,2025-03-17,14417,614,259.52
DSP0000489,CMP0006,2025-03-18,13921,438,250.59
DSP0000490,CMP0006,2025-03-19,13951,498,251.12
DSP0000491,CMP0006,2025-03-20,21234,665,382.22
DSP0000492,CMP0006,2025-03-21,22681,644,408.26
DSP0000493,CMP0006,2025-03-22,14233,567,256.20
DSP0000494,CMP0006,2025-03-23,21269,592,382.85
DSP0000495,CMP0006,2025-03-24,24752,824,445.55
DSP0000496,CMP0006,2025-03-25,24531,629,441.57
DSP0000497,CMP0006,2025-03-26,17409,641,313.37
DSP0000498,CMP0006,2025-03-27,23533,1001,423.60
DSP0000499,CMP0006,2025-03-28,20805,756,374.50
DSP0000500,CMP0006,2025-03-29,22582,958,406.49
DSP0000501,CMP0006,2025-03-30,22445,799,404.02
DSP0000502,CMP0006,2025-03-31,14305,616,257.49
DSP0000503,CMP0006,2025-04-01,14769,671,265.85
DSP0000504,CMP0006,2025-04-02,18166,497,327.00
DSP0000505,CMP0006,2025-04-03,24542,727,441.76
DSP0000506,CMP0006,2025-04-04,18974,862,341.54
DSP0000507,CMP0007,2024-08-24,62010,844,682.12
DSP0000508,CMP0007,2024-08-25,59066,895,649.73
DSP0000509,CMP0007,2024-08-26,69642,972,766.07
DSP0000510,CMP0007,2024-08-27,72913,1620,802.05
DSP0000511,CMP0007,2024-08-28,80991,1403,890.91
DSP0000512,CMP0007,2024-08-29,47936,729,527.30
DSP0000513,CMP0007,2024-08-30,61185,926,673.04
DSP0000514,CMP0007,2024-08-31,59492,782,654.42
DSP0000515,CMP0007,2024-09-01,73439,1076,807.83
DSP0000516,CMP0007,2024-09-02,69190,1464,761.09
DSP0000517,CMP0007,2024-09-03,66729,913,734.02
DSP0000518,CMP0007,2024-09-04,78635,1622,864.99
DSP0000519,CMP0007,2024-09-05,67148,1521,738.63
DSP0000520,CMP0007,2024-09-06,67097,1042,738.07
DSP0000521,CMP0007,2024-09-07,49064,1035,539.71
DSP0000522,CMP0007,2024-09-08,70222,1585,772.45
DSP0000523,CMP0007,2024-09-09,75614,1167,831.76
DSP0000524,CMP0007,2024-09-10,71684,1269,788.53
DSP0000525,CMP0007,2024-09-11,51019,864,561.21
DSP0000526,CMP0007,2024-09-12,65744,1053,723.19
DSP0000527,CMP0007,2024-09-13,61160,1293,672.76
DSP0000528,CMP0007,2024-09-14,47829,700,526.12
DSP0000529,CMP0007,2024-09-15,70805,995,778.86
DSP0000530,CMP0007,2024-09-16,45743,934,503.18
DSP0000531,CMP0007,2024-09-17,73881,1356,812.70
DSP0000532,CMP0007,2024-09-18,79242,1789,871.67
DSP0000533,CMP0007,2024-09-19,55810,975,613.92
DSP0000534,CMP0007,2024-09-20,46563,635,512.20
DSP0000535,CMP0007,2024-09-21,61364,1411,675.01
DSP0000536,CMP0007,2024-09-22,58385,1048,642.24
DSP0000537,CMP0007,2024-09-23,68931,1589,758.25
DSP0000538,CMP0007,2024-09-24,69373,1272,763.11
DSP0000539,CMP0007,2024-09-25,72513,1579,797.65
DSP0000540,CMP0007,2024-09-26,61370,929,675.07
DSP0000541,CMP0007,2024-09-27,48519,671,533.71
DSP0000542,CMP0007,2024-09-28,84200,1276,926.20
DSP0000543,CMP0007,2024-09-29,71982,1601,791.81
DSP0000544,CMP0007,2024-09-30,74368,1152,818.05
DSP0000545,CMP0007,2024-10-01,82859,1632,911.45
DSP0000546,CMP0007,2024-10-02,65232,925,717.56
DSP0000547,CMP0007,2024-10-03,65285,1460,718.14
DSP0000548,CMP0007,2024-10-04,59886,805,658.75
DSP0000549,CMP0007,2024-10-05,64510,1072,709.62
DSP0000550,CMP0007,2024-10-06,81650,1782,898.16
DSP0000551,CMP0007,2024-10-07,47054,1025,517.60
DSP0000552,CMP0007,2024-10-08,56750,1045,624.26
DSP0000553,CMP0007,2024-10-09,83904,1856,922.95
DSP0000554,CMP0007,2024-10-10,55134,1157,606.48
DSP0000555,CMP0007,2024-10-11,46620,805,512.83
DSP0000556,CMP0008,2023-10-20,101950,479,662.68
DSP0000557,CMP0008,2023-10-21,74704,553,485.58
DSP0000558,CMP0008,2023-10-22,75235,369,489.03
DSP0000559,CMP0008,2023-10-23,82290,579,534.89
DSP0000560,CMP0008,2023-10-24,103967,450,675.79
DSP0000561,CMP0008,2023-10-25,75841,404,492.97
DSP0000562,CMP0008,2023-10-26,73090,553,475.09
DSP0000563,CMP0008,2023-10-27,111670,860,725.86
DSP0000564,CMP0008,2023-10-28,77160,490,501.54
DSP0000565,CMP0008,2023-10-29,76275,568,495.79
DSP0000566,CMP0008,2023-10-30,109449,574,711.42
DSP0000567,CMP0008,2023-10-31,93570,424,608.21
DSP0000568,CMP0008,2023-11-01,88421,517,574.74
DSP0000569,CMP0008,2023-11-02,98543,606,640.53
DSP0000570,CMP0008,2023-11-03,84195,484,547.27
DSP0000571,CMP0008,2023-11-04,61932,331,402.56
DSP0000572,CMP0008,2023-11-05,63387,455,412.02
DSP0000573,CMP0008,2023-11-06,82053,427,533.35
DSP0000574,CMP0008,2023-11-07,82924,384,539.01
DSP0000575,CMP0008,2023-11-08,89450,392,581.43
DSP0000576,CMP0008,2023-11-09,77133,441,501.37
DSP0000577,CMP0008,2023-11-10,91712,654,596.13
DSP0000578,CMP0008,2023-11-11,101403,443,659.12
DSP0000579,CMP0008,2023-11-12,95106,597,618.19
DSP0000580,CMP0008,2023-11-13,83210,644,540.87
DSP0000581,CMP0008,2023-11-14,107972,780,701.82
DSP0000582,CMP0008,2023-11-15,95236,639,619.04
DSP0000583,CMP0008,2023-11-16,91609,642,595.46
DSP0000584,CMP0008,2023-11-17,74983,580,487.39
DSP0000585,CMP0008,2023-11-18,88464,547,575.02
DSP0000586,CMP0008,2023-11-19,111347,527,723.76
DSP0000587,CMP0008,2023-11-20,108370,522,704.41
DSP0000588,CMP0008,2023-11-21,87633,460,569.62
DSP0000589,CMP0008,2023-11-22,68592,467,445.85
DSP0000590,CMP0008,2023-11-23,66724,305,433.71
DSP0000591,CMP0008,2023-11-24,69561,471,452.15
DSP0000592,CMP0008,2023-11-25,101666,539,660.83
DSP0000593,CMP0008,2023-11-26,87133,588,566.37
DSP0000594,CMP0008,2023-11-27,101752,630,661.39
DSP0000595,CMP0008,2023-11-28,88893,580,577.81
DSP0000596,CMP0008,2023-11-29,94192,671,612.25
DSP0000597,CMP0008,2023-11-30,77123,416,501.30
DSP0000598,CMP0008,2023-12-01,113541,749,738.02
DSP0000599,CMP0008,2023-12-02,91627,514,595.58
DSP0000600,CMP0008,2023-12-03,79287,418,515.37
DSP0000601,CMP0008,2023-12-04,85215,549,553.90
DSP0000602,CMP0008,2023-12-05,90872,628,590.67
DSP0000603,CMP0008,2023-12-06,91369,554,593.90
DSP0000604,CMP0008,2023-12-07,70600,301,458.90
DSP0000605,CMP0008,2023-12-08,104178,563,677.16
DSP0000606,CMP0008,2023-12-09,102523,572,666.40
DSP0000607,CMP0008,2023-12-10,96166,494,625.08
DSP0000608,CMP0008,2023-12-11,80564,418,523.67
DSP0000609,CMP0008,2023-12-12,80623,568,524.05
DSP0000610,CMP0008,2023-12-13,86432,595,561.81
DSP0000611,CMP0008,2023-12-14,110687,761,719.47
DSP0000612,CMP0008,2023-12-15,89735,436,583.28
DSP0000613,CMP0008,2023-12-16,83193,421,540.76
DSP0000614,CMP0008,2023-12-17,86910,651,564.92
DSP0000615,CMP0008,2023-12-18,113827,737,739.88
DSP0000616,CMP0008,2023-12-19,102000,601,663.00
DSP0000617,CMP0008,2023-12-20,76880,409,499.72
DSP0000618,CMP0008,2023-12-21,92520,557,601.38
DSP0000619,CMP0008,2023-12-22,87749,635,570.37
DSP0000620,CMP0008,2023-12-23,66729,374,433.74
DSP0000621,CMP0008,2023-12-24,90823,554,590.35
DSP0000622,CMP0008,2023-12-25,71047,440,461.81
DSP0000623,CMP0008,2023-12-26,64256,404,417.67
DSP0000624,CMP0008,2023-12-27,72387,386,470.52
DSP0000625,CMP0008,2023-12-28,95407,527,620.15
DSP0000626,CMP0008,2023-12-29,105235,777,684.03
DSP0000627,CMP0008,2023-12-30,102413,523,665.69
DSP0000628,CMP0008,2023-12-31,71980,461,467.87
DSP0000629,CMP0008,2024-01-01,110838,487,720.45
DSP0000630,CMP0008,2024-01-02,105998,505,688.99
DSP0000631,CMP0008,2024-01-03,105692,618,687.00
DSP0000632,CMP0008,2024-01-04,85113,471,553.24
DSP0000633,CMP0008,2024-01-05,101836,746,661.94
DSP0000634,CMP0008,2024-01-06,104547,514,679.56
DSP0000635,CMP0008,2024-01-07,113847,854,740.01
DSP0000636,CMP0008,2024-01-08,90863,698,590.61
DSP0000637,CMP0008,2024-01-09,88341,624,574.22
DSP0000638,CMP0008,2024-01-10,104253,784,677.65
DSP0000639,CMP0008,2024-01-11,73603,555,478.42
DSP0000640,CMP0008,2024-01-12,96570,598,627.71
DSP0000641,CMP0008,2024-01-13,77106,511,501.19
DSP0000642,CMP0008,2024-01-14,69440,308,451.36
DSP0000643,CMP0008,2024-01-15,83753,588,544.40
DSP0000644,CMP0008,2024-01-16,91476,544,594.60
DSP0000645,CMP0008,2024-01-17,63987,325,415.92
DSP0000646,CMP0008,2024-01-18,79212,569,514.88
DSP0000647,CMP0008,2024-01-19,68740,516,446.81
DSP0000648,CMP0008,2024-01-20,69004,385,448.53
DSP0000649,CMP0008,2024-01-21,100589,454,653.83
DSP0000650,CMP0008,2024-01-22,68172,513,443.12
DSP0000651,CMP0008,2024-01-23,69524,512,451.91
DSP0000652,CMP0008,2024-01-24,64009,423,416.06
DSP0000653,CMP0008,2024-01-25,81589,447,530.33
DSP0000654,CMP0008,2024-01-26,90380,460,587.47
DSP0000655,CMP0008,2024-01-27,92033,528,598.22
DSP0000656,CMP0008,2024-01-28,88530,376,575.45
DSP0000657,CMP0008,2024-01-29,79647,541,517.71
DSP0000658,CMP0008,2024-01-30,85736,490,557.29
DSP0000659,CMP0008,2024-01-31,98544,469,640.54
DSP0000660,CMP0008,2024-02-01,83270,564,541.26
DSP0000661,CMP0008,2024-02-02,108503,513,705.27
DSP0000662,CMP0008,2024-02-03,68927,394,448.03
DSP0000663,CMP0008,2024-02-04,67950,417,441.68
DSP0000664,CMP0008,2024-02-05,91344,425,593.74
DSP0000665,CMP0008,2024-02-06,88075,505,572.49
DSP0000666,CMP0009,2024-08-05,23643,239,354.65
DSP0000667,CMP0009,2024-08-06,23345,182,350.18
DSP0000668,CMP0009,2024-08-07,21162,228,317.43
DSP0000669,CMP0009,2024-08-08,21142,200,317.13
DSP0000670,CMP0009,2024-08-09,22556,221,338.35
DSP0000671,CMP0009,2024-08-10,20859,243,312.89
DSP0000672,CMP0009,2024-08-11,24702,266,370.54
DSP0000673,CMP0009,2024-08-12,24418,176,366.28
DSP0000674,CMP0009,2024-08-13,22856,163,342.84
DSP0000675,CMP0009,2024-08-14,18419,181,276.29
DSP0000676,CMP0009,2024-08-15,23412,192,351.18
DSP0000677,CMP0009,2024-08-16,19996,160,299.94
DSP0000678,CMP0009,2024-08-17,25742,178,386.14
DSP0000679,CMP0009,2024-08-18,24913,248,373.70
DSP0000680,CMP0009,2024-08-19,18260,135,273.90
DSP0000681,CMP0009,2024-08-20,30800,223,462.00
DSP0000682,CMP0009,2024-08-21,31291,303,469.37
DSP0000683,CMP0009,2024-08-22,21738,156,326.08
DSP0000684,CMP0009,2024-08-23,24370,243,365.55
DSP0000685,CMP0009,2024-08-24,19261,205,288.92
DSP0000686,CMP0009,2024-08-25,24175,246,362.63
DSP0000687,CMP0009,2024-08-26,20159,233,302.39
DSP0000688,CMP0009,2024-08-27,31638,267,474.57
DSP0000689,CMP0009,2024-08-28,17350,191,260.25
DSP0000690,CMP0009,2024-08-29,26536,183,398.05
DSP0000691,CMP0009,2024-08-30,21843,196,327.65
DSP0000692,CMP0009,2024-08-31,19279,155,289.19
DSP0000693,CMP0009,2024-09-01,19340,209,290.11
DSP0000694,CMP0009,2024-09-02,29252,230,438.79
DSP0000695,CMP0009,2024-09-03,17714,165,265.71
DSP0000696,CMP0009,2024-09-04,29781,334,446.72
DSP0000697,CMP0009,2024-09-05,23222,155,348.34
DSP0000698,CMP0009,2024-09-06,30343,264,455.15
DSP0000699,CMP0009,2024-09-07,19626,170,294.40
DSP0000700,CMP0009,2024-09-08,26040,248,390.61
DSP0000701,CMP0009,2024-09-09,29605,283,444.08
DSP0000702,CMP0009,2024-09-10,19824,226,297.36
DSP0000703,CMP0009,2024-09-11,25810,204,387.15
DSP0000704,CMP0009,2024-09-12,18543,148,278.15
DSP0000705,CMP0009,2024-09-13,28402,210,426.03
DSP0000706,CMP0009,2024-09-14,20100,146,301.51
DSP0000707,CMP0009,2024-09-15,18878,136,283.17
DSP0000708,CMP0009,2024-09-16,19779,206,296.69
DSP0000709,CMP0009,2024-09-17,30306,220,454.59
DSP0000710,CMP0009,2024-09-18,25065,209,375.98
DSP0000711,CMP0009,2024-09-19,21453,198,321.80
DSP0000712,CMP0009,2024-09-20,26026,253,390.40
DSP0000713,CMP0009,2024-09-21,29532,294,442.99
DSP0000714,CMP0009,2024-09-22,30162,328,452.43
DSP0000715,CMP0009,2024-09-23,21430,239,321.45
DSP0000716,CMP0009,2024-09-24,21194,148,317.91
DSP0000717,CMP0009,2024-09-25,28678,227,430.18
DSP0000718,CMP0009,2024-09-26,27023,213,405.35
DSP0000719,CMP0009,2024-09-27,23760,198,356.41
DSP0000720,CMP0009,2024-09-28,18496,148,277.44
DSP0000721,CMP0009,2024-09-29,29410,314,441.16
DSP0000722,CMP0009,2024-09-30,27247,195,408.71
DSP0000723,CMP0009,2024-10-01,17960,154,269.40
DSP0000724,CMP0009,2024-10-02,19353,209,290.30
DSP0000725,CMP0009,2024-10-03,29235,225,438.53
DSP0000726,CMP0009,2024-10-04,20134,157,302.01
DSP0000727,CMP0009,2024-10-05,29048,335,435.72
DSP0000728,CMP0009,2024-10-06,21233,137,318.50
DSP0000729,CMP0009,2024-10-07,32106,346,481.59
DSP0000730,CMP0009,2024-10-08,27488,215,412.32
DSP0000731,CMP0009,2024-10-09,20444,217,306.67
DSP0000732,CMP0009,2024-10-10,29060,214,435.90
DSP0000733,CMP0009,2024-10-11,29255,238,438.83
DSP0000734,CMP0009,2024-10-12,25075,158,376.13
DSP0000735,CMP0009,2024-10-13,26798,258,401.98
DSP0000736,CMP0009,2024-10-14,30439,340,456.59
DSP0000737,CMP0009,2024-10-15,17596,120,263.95
DSP0000738,CMP0009,2024-10-16,20519,237,307.79
DSP0000739,CMP0009,2024-10-17,29280,199,439.20
DSP0000740,CMP0009,2024-10-18,23284,195,349.26
DSP0000741,CMP0009,2024-10-19,24050,243,360.75
DSP0000742,CMP0009,2024-10-20,27177,278,407.66
DSP0000743,CMP0009,2024-10-21,19334,206,290.02
DSP0000744,CMP0009,2024-10-22,23262,249,348.93
DSP0000745,CMP0009,2024-10-23,31213,221,468.20
DSP0000746,CMP0009,2024-10-24,22241,157,333.62
DSP0000747,CMP0009,2024-10-25,22405,191,336.08
DSP0000748,CMP0009,2024-10-26,24136,182,362.05
DSP0000749,CMP0009,2024-10-27,24432,195,366.48
DSP0000750,CMP0009,2024-10-28,31960,326,479.40
DSP0000751,CMP0009,2024-10-29,29142,246,437.14
DSP0000752,CMP0009,2024-10-30,23055,193,345.83
DSP0000753,CMP0009,2024-10-31,25326,256,379.89
DSP0000754,CMP0009,2024-11-01,23330,259,349.95
DSP0000755,CMP0009,2024-11-02,23894,233,358.42
DSP0000756,CMP0009,2024-11-03,17657,168,264.86
DSP0000757,CMP0009,2024-11-04,24114,213,361.71
DSP0000758,CMP0009,2024-11-05,21472,153,322.09
DSP0000759,CMP0009,2024-11-06,19451,213,291.77
DSP0000760,CMP0009,2024-11-07,18880,148,283.20
DSP0000761,CMP0009,2024-11-08,26618,252,399.28
DSP0000762,CMP0009,2024-11-09,28134,223,422.02
DSP0000763,CMP0009,2024-11-10,30946,302,464.20
DSP0000764,CMP0009,2024-11-11,29792,280,446.88
DSP0000765,CMP0009,2024-11-12,26542,230,398.14
DSP0000766,CMP0009,2024-11-13,27108,187,406.63
DSP0000767,CMP0009,2024-11-14,26810,243,402.16
DSP0000768,CMP0009,2024-11-15,18669,199,280.04
DSP0000769,CMP0009,2024-11-16,30454,245,456.81
DSP0000770,CMP0009,2024-11-17,30070,243,451.05
DSP0000771,CMP0009,2024-11-18,25080,181,376.20
DSP0000772,CMP0009,2024-11-19,28630,327,429.45
DSP0000773,CMP0009,2024-11-20,25074,239,376.11
DSP0000774,CMP0009,2024-11-21,19053,211,285.80
DSP0000775,CMP0009,2024-11-22,20716,197,310.75
DSP0000776,CMP0009,2024-11-23,17982,125,269.74
DSP0000777,CMP0009,2024-11-24,27704,253,415.57
DSP0000778,CMP0009,2024-11-25,26068,191,391.02
DSP0000779,CMP0009,2024-11-26,27278,227,409.18
DSP0000780,CMP0009,2024-11-27,23756,210,356.35
DSP0000781,CMP0009,2024-11-28,29978,258,449.67
DSP0000782,CMP0009,2024-11-29,19532,165,292.99
DSP0000783,CMP0009,2024-11-30,27346,314,410.19
DSP0000784,CMP0009,2024-12-01,25196,183,377.95
DSP0000785,CMP0009,2024-12-02,25694,247,385.41
DSP0000786,CMP0009,2024-12-03,22168,156,332.53
DSP0000787,CMP0009,2024-12-04,20234,164,303.51
DSP0000788,CMP0009,2024-12-05,22624,147,339.36
DSP0000789,CMP0009,2024-12-06,19572,209,293.58
DSP0000790,CMP0009,2024-12-07,18726,166,280.90
DSP0000791,CMP0009,2024-12-08,29259,303,438.89
DSP0000792,CMP0009,2024-12-09,28339,199,425.09
DSP0000793,CMP0009,2024-12-10,22363,214,335.45
DSP0000794,CMP0009,2024-12-11,20944,149,314.17
DSP0000795,CMP0009,2024-12-12,23113,185,346.70
DSP0000796,CMP0009,2024-12-13,23655,190,354.83
DSP0000797,CMP0009,2024-12-14,24522,269,367.83
DSP0000798,CMP0009,2024-12-15,28667,327,430.01
DSP0000799,CMP0009,2024-12-16,27602,263,414.04
DSP0000800,CMP0009,2024-12-17,19618,129,294.28
DSP0000801,CMP0009,2024-12-18,31366,265,470.49
DSP0000802,CMP0009,2024-12-19,21095,236,316.43
DSP0000803,CMP0009,2024-12-20,31752,342,476.29
DSP0000804,CMP0009,2024-12-21,24276,243,364.15
DSP0000805,CMP0009,2024-12-22,18611,131,279.17
DSP0000806,CMP0009,2024-12-23,21476,224,322.15
DSP0000807,CMP0009,2024-12-24,27862,193,417.93
DSP0000808,CMP0009,2024-12-25,24659,218,369.89
DSP0000809,CMP0009,2024-12-26,30675,244,460.13
DSP0000810,CMP0009,2024-12-27,30561,297,458.42
DSP0000811,CMP0009,2024-12-28,21033,152,315.50
DSP0000812,CMP0009,2024-12-29,19388,164,290.83
DSP0000813,CMP0009,2024-12-30,18294,118,274.41
DSP0000814,CMP0009,2024-12-31,30275,261,454.13
DSP0000815,CMP0009,2025-01-01,20692,174,310.38
DSP0000816,CMP0010,2023-09-03,70612,1398,635.51
DSP0000817,CMP0010,2023-09-04,42326,1253,380.94
DSP0000818,CMP0010,2023-09-05,62473,1549,562.26
DSP0000819,CMP0010,2023-09-06,57626,1433,518.64
DSP0000820,CMP0010,2023-09-07,69735,1388,627.62
DSP0000821,CMP0010,2023-09-08,63145,1170,568.31
DSP0000822,CMP0010,2023-09-09,52671,1060,474.04
DSP0000823,CMP0010,2023-09-10,65666,1727,591.00
DSP0000824,CMP0010,2023-09-11,47590,1388,428.31
DSP0000825,CMP0010,2023-09-12,48416,945,435.75
DSP0000826,CMP0010,2023-09-13,59480,1298,535.32
DSP0000827,CMP0010,2023-09-14,64382,1809,579.44
DSP0000828,CMP0010,2023-09-15,43663,1168,392.97
DSP0000829,CMP0010,2023-09-16,48631,935,437.68
DSP0000830,CMP0010,2023-09-17,51320,1492,461.88
DSP0000831,CMP0010,2023-09-18,72054,1419,648.49
DSP0000832,CMP0010,2023-09-19,68765,1405,618.89
DSP0000833,CMP0010,2023-09-20,76942,1765,692.48
DSP0000834,CMP0010,2023-09-21,59013,1415,531.12
DSP0000835,CMP0010,2023-09-22,64061,1562,576.55
DSP0000836,CMP0010,2023-09-23,67107,1757,603.97
DSP0000837,CMP0010,2023-09-24,56648,1437,509.84
DSP0000838,CMP0010,2023-09-25,62915,1616,566.24
DSP0000839,CMP0010,2023-09-26,62132,1445,559.19
DSP0000840,CMP0010,2023-09-27,73391,1577,660.52
DSP0000841,CMP0010,2023-09-28,45355,1118,408.20
DSP0000842,CMP0010,2023-09-29,53508,1428,481.58
DSP0000843,CMP0010,2023-09-30,47351,1359,426.16
DSP0000844,CMP0010,2023-10-01,44264,1254,398.38
DSP0000845,CMP0010,2023-10-02,63640,1195,572.76
DSP0000846,CMP0010,2023-10-03,61086,1917,549.78
DSP0000847,CMP0010,2023-10-04,57053,1739,513.48
DSP0000848,CMP0010,2023-10-05,70273,1279,632.46
DSP0000849,CMP0010,2023-10-06,60985,1780,548.87
DSP0000850,CMP0010,2023-10-07,52752,1151,474.77
DSP0000851,CMP0010,2023-10-08,56940,1815,512.46
DSP0000852,CMP0010,2023-10-09,45675,1105,411.08
DSP0000853,CMP0010,2023-10-10,58598,1184,527.39
DSP0000854,CMP0010,2023-10-11,66436,1841,597.93
DSP0000855,CMP0010,2023-10-12,71595,1891,644.36
DSP0000856,CMP0010,2023-10-13,64415,2000,579.74
DSP0000857,CMP0010,2023-10-14,67623,1840,608.61
DSP0000858,CMP0010,2023-10-15,76361,2284,687.25
DSP0000859,CMP0010,2023-10-16,45082,897,405.74
DSP0000860,CMP0010,2023-10-17,62303,1773,560.73
DSP0000861,CMP0010,2023-10-18,60850,1362,547.65
DSP0000862,CMP0010,2023-10-19,43524,1069,391.72
DSP0000863,CMP0010,2023-10-20,70174,2025,631.57
DSP0000864,CMP0010,2023-10-21,48765,1069,438.89
DSP0000865,CMP0010,2023-10-22,42957,1098,386.62
DSP0000866,CMP0010,2023-10-23,47865,1274,430.79
DSP0000867,CMP0010,2023-10-24,58332,1424,524.99
DSP0000868,CMP0010,2023-10-25,43224,1079,389.02
DSP0000869,CMP0010,2023-10-26,60727,1315,546.55
DSP0000870,CMP0010,2023-10-27,69770,2265,627.93
DSP0000871,CMP0010,2023-10-28,53574,946,482.17
DSP0000872,CMP0010,2023-10-29,66988,2066,602.90
DSP0000873,CMP0010,2023-10-30,56473,1245,508.26
DSP0000874,CMP0010,2023-10-31,74116,2213,667.05
DSP0000875,CMP0010,2023-11-01,42972,1326,386.75
DSP0000876,CMP0010,2023-11-02,73472,2237,661.25
DSP0000877,CMP0010,2023-11-03,75775,1548,681.98
DSP0000878,CMP0010,2023-11-04,49431,1560,444.88
DSP0000879,CMP0010,2023-11-05,49955,1025,449.60
DSP0000880,CMP0010,2023-11-06,56197,1312,505.78
DSP0000881,CMP0010,2023-11-07,49381,993,444.43
DSP0000882,CMP0010,2023-11-08,74001,2212,666.01
DSP0000883,CMP0010,2023-11-09,50407,1562,453.67
DSP0000884,CMP0010,2023-11-10,65578,1219,590.21
DSP0000885,CMP0010,2023-11-11,68678,1461,618.11
DSP0000886,CMP0010,2023-11-12,56598,1480,509.39
DSP0000887,CMP0010,2023-11-13,64107,1802,576.97
DSP0000888,CMP0010,2023-11-14,47720,863,429.48
DSP0000889,CMP0010,2023-11-15,53358,1661,480.23
DSP0000890,CMP0010,2023-11-16,49253,965,443.28
DSP0000891,CMP0010,2023-11-17,54544,1092,490.90
DSP0000892,CMP0010,2023-11-18,48642,1397,437.78
DSP0000893,CMP0010,2023-11-19,74527,1508,670.75
DSP0000894,CMP0010,2023-11-20,73634,1666,662.71
DSP0000895,CMP0010,2023-11-21,69768,1588,627.92
DSP0000896,CMP0010,2023-11-22,72614,1519,653.53
DSP0000897,CMP0010,2023-11-23,73881,1530,664.93
DSP0000898,CMP0010,2023-11-24,60938,1345,548.45
DSP0000899,CMP0010,2023-11-25,43650,1359,392.85
DSP0000900,CMP0010,2023-11-26,47130,1094,424.17
DSP0000901,CMP0010,2023-11-27,64035,1696,576.32
DSP0000902,CMP0010,2023-11-28,60631,1363,545.68
DSP0000903,CMP0010,2023-11-29,52224,1337,470.02
DSP0000904,CMP0010,2023-11-30,42914,792,386.23
DSP0000905,CMP0010,2023-12-01,62452,1956,562.07
DSP0000906,CMP0010,2023-12-02,69586,2037,626.28
DSP0000907,CMP0010,2023-12-03,52838,1580,475.55
DSP0000908,CMP0010,2023-12-04,56940,1483,512.46
DSP0000909,CMP0010,2023-12-05,76947,2096,692.53
DSP0000910,CMP0010,2023-12-06,53615,1052,482.54
DSP0000911,CMP0010,2023-12-07,62828,1778,565.46
DSP0000912,CMP0010,2023-12-08,63625,1349,572.63
DSP0000913,CMP0010,2023-12-09,71618,1896,644.57
DSP0000914,CMP0010,2023-12-10,48296,1450,434.67
DSP0000915,CMP0010,2023-12-11,57804,1805,520.24
DSP0000916,CMP0010,2023-12-12,67187,1530,604.69
DSP0000917,CMP0010,2023-12-13,53224,1626,479.02
DSP0000918,CMP0010,2023-12-14,69920,2116,629.28
DSP0000919,CMP0010,2023-12-15,77121,2320,694.09
DSP0000920,CMP0010,2023-12-16,54200,1357,487.80
DSP0000921,CMP0010,2023-12-17,63941,1701,575.47
DSP0000922,CMP0010,2023-12-18,67418,1855,606.77
DSP0000923,CMP0011,2024-04-25,49209,1253,885.77
DSP0000924,CMP0011,2024-04-26,57398,1863,1033.18
DSP0000925,CMP0011,2024-04-27,35134,1310,632.42
DSP0000926,CMP0011,2024-04-28,49874,1614,897.74
DSP0000927,CMP0011,2024-04-29,41062,1671,739.12
DSP0000928,CMP0011,2024-04-30,37459,1357,674.27
DSP0000929,CMP0011,2024-05-01,35151,1124,632.73
DSP0000930,CMP0011,2024-05-02,50536,1677,909.66
DSP0000931,CMP0011,2024-05-03,49572,2150,892.31
DSP0000932,CMP0011,2024-05-04,49662,1797,893.92
DSP0000933,CMP0011,2024-05-05,38437,1078,691.88
DSP0000934,CMP0011,2024-05-06,49450,1977,890.10
DSP0000935,CMP0011,2024-05-07,48133,1391,866.40
DSP0000936,CMP0011,2024-05-08,53111,2390,956.01
DSP0000937,CMP0011,2024-05-09,35901,1600,646.22
DSP0000938,CMP0011,2024-05-10,42843,1645,771.18
DSP0000939,CMP0011,2024-05-11,50562,1392,910.12
DSP0000940,CMP0011,2024-05-12,47305,1822,851.49
DSP0000941,CMP0011,2024-05-13,32750,1378,589.50
DSP0000942,CMP0011,2024-05-14,56178,2333,1011.22
DSP0000943,CMP0011,2024-05-15,39188,1372,705.39
DSP0000944,CMP0011,2024-05-16,43515,1179,783.28
DSP0000945,CMP0011,2024-05-17,47177,1460,849.19
DSP0000946,CMP0011,2024-05-18,50407,2245,907.33
DSP0000947,CMP0011,2024-05-19,33411,1494,601.40
DSP0000948,CMP0011,2024-05-20,57843,2100,1041.19
DSP0000949,CMP0011,2024-05-21,52926,1519,952.67
DSP0000950,CMP0011,2024-05-22,43981,1779,791.67
DSP0000951,CMP0011,2024-05-23,41137,1206,740.48
DSP0000952,CMP0011,2024-05-24,44920,1306,808.56
DSP0000953,CMP0011,2024-05-25,45318,1145,815.74
DSP0000954,CMP0011,2024-05-26,38645,1602,695.61
DSP0000955,CMP0011,2024-05-27,32342,1085,582.17
DSP0000956,CMP0011,2024-05-28,47353,1551,852.37
DSP0000957,CMP0011,2024-05-29,31951,1095,575.13
DSP0000958,CMP0011,2024-05-30,46961,1224,845.30
DSP0000959,CMP0011,2024-05-31,34167,1111,615.01
DSP0000960,CMP0011,2024-06-01,48413,1931,871.45
DSP0000961,CMP0011,2024-06-02,54893,1644,988.09
DSP0000962,CMP0011,2024-06-03,39219,1319,705.95
DSP0000963,CMP0011,2024-06-04,43119,1673,776.15
DSP0000964,CMP0011,2024-06-05,57552,2181,1035.94
DSP0000965,CMP0011,2024-06-06,41318,1537,743.73
DSP0000966,CMP0011,2024-06-07,35696,1231,642.54
DSP0000967,CMP0011,2024-06-08,37322,1028,671.81
DSP0000968,CMP0011,2024-06-09,52432,2039,943.78
DSP0000969,CMP0011,2024-06-10,52264,2195,940.76
DSP0000970,CMP0011,2024-06-11,42807,1360,770.54
DSP0000971,CMP0011,2024-06-12,37165,1187,668.97
DSP0000972,CMP0011,2024-06-13,42573,1760,766.32
DSP0000973,CMP0011,2024-06-14,49862,1629,897.53
DSP0000974,CMP0012,2024-08-09,55221,1162,607.44
DSP0000975,CMP0012,2024-08-10,37720,506,414.92
DSP0000976,CMP0012,2024-08-11,54692,852,601.62
DSP0000977,CMP0012,2024-08-12,57581,944,633.40
DSP0000978,CMP0012,2024-08-13,67051,1484,737.57
DSP0000979,CMP0012,2024-08-14,62403,1204,686.44
DSP0000980,CMP0012,2024-08-15,40328,656,443.61
DSP0000981,CMP0012,2024-08-16,45080,1026,495.89
DSP0000982,CMP0012,2024-08-17,46059,994,506.65
DSP0000983,CMP0012,2024-08-18,61720,1194,678.92
DSP0000984,CMP0012,2024-08-19,56779,829,624.57
DSP0000985,CMP0012,2024-08-20,51731,1039,569.05
DSP0000986,CMP0012,2024-08-21,39169,749,430.86
DSP0000987,CMP0012,2024-08-22,39178,526,430.96
DSP0000988,CMP0012,2024-08-23,43151,884,474.67
DSP0000989,CMP0012,2024-08-24,53928,755,593.21
DSP0000990,CMP0012,2024-08-25,53023,936,583.26
DSP0000991,CMP0012,2024-08-26,57770,1237,635.48
DSP0000992,CMP0012,2024-08-27,64833,1192,713.17
DSP0000993,CMP0012,2024-08-28,45900,930,504.90
DSP0000994,CMP0012,2024-08-29,45000,862,495.01
DSP0000995,CMP0012,2024-08-30,65436,830,719.80
DSP0000996,CMP0012,2024-08-31,40518,934,445.70
DSP0000997,CMP0012,2024-09-01,59614,1044,655.76
DSP0000998,CMP0012,2024-09-02,38616,791,424.78
DSP0000999,CMP0012,2024-09-03,51356,780,564.92
DSP0001000,CMP0012,2024-09-04,66210,1320,728.31
DSP0001001,CMP0012,2024-09-05,47982,775,527.81
DSP0001002,CMP0012,2024-09-06,41300,880,454.30
DSP0001003,CMP0012,2024-09-07,52405,772,576.46
DSP0001004,CMP0012,2024-09-08,41732,856,459.06
DSP0001005,CMP0012,2024-09-09,49268,820,541.95
DSP0001006,CMP0012,2024-09-10,64589,846,710.48
DSP0001007,CMP0012,2024-09-11,47025,715,517.28
DSP0001008,CMP0012,2024-09-12,46071,784,506.79
DSP0001009,CMP0012,2024-09-13,38024,486,418.27
DSP0001010,CMP0012,2024-09-14,48343,654,531.78
DSP0001011,CMP0012,2024-09-15,53750,939,591.25
DSP0001012,CMP0012,2024-09-16,69898,1155,768.88
DSP0001013,CMP0012,2024-09-17,42466,872,467.13
DSP0001014,CMP0012,2024-09-18,45753,743,503.29
DSP0001015,CMP0012,2024-09-19,66073,927,726.81
DSP0001016,CMP0012,2024-09-20,67675,1040,744.43
DSP0001017,CMP0012,2024-09-21,39941,512,439.36
DSP0001018,CMP0012,2024-09-22,47933,999,527.27
DSP0001019,CMP0012,2024-09-23,43082,681,473.91
DSP0001020,CMP0013,2023-12-21,53267,338,346.24
DSP0001021,CMP0013,2023-12-22,55095,282,358.12
DSP0001022,CMP0013,2023-12-23,55189,425,358.73
DSP0001023,CMP0013,2023-12-24,42733,276,277.77
DSP0001024,CMP0013,2023-12-25,37023,255,240.65
DSP0001025,CMP0013,2023-12-26,57860,382,376.09
DSP0001026,CMP0013,2023-12-27,46967,275,305.29
DSP0001027,CMP0013,2023-12-28,59078,331,384.01
DSP0001028,CMP0013,2023-12-29,37110,167,241.22
DSP0001029,CMP0013,2023-12-30,39166,259,254.58
DSP0001030,CMP0013,2023-12-31,59476,405,386.60
DSP0001031,CMP0013,2024-01-01,39052,225,253.84
DSP0001032,CMP0013,2024-01-02,41170,285,267.61
DSP0001033,CMP0013,2024-01-03,33729,146,219.24
DSP0001034,CMP0013,2024-01-04,59947,333,389.66
DSP0001035,CMP0013,2024-01-05,56455,357,366.96
DSP0001036,CMP0013,2024-01-06,33158,158,215.53
DSP0001037,CMP0013,2024-01-07,56910,426,369.92
DSP0001038,CMP0013,2024-01-08,50876,380,330.70
DSP0001039,CMP0013,2024-01-09,44667,232,290.34
DSP0001040,CMP0013,2024-01-10,48724,319,316.71
DSP0001041,CMP0013,2024-01-11,42392,311,275.55
DSP0001042,CMP0013,2024-01-12,53941,299,350.62
DSP0001043,CMP0013,2024-01-13,58301,292,378.96
DSP0001044,CMP0013,2024-01-14,60152,452,390.99
DSP0001045,CMP0013,2024-01-15,47843,346,310.98
DSP0001046,CMP0013,2024-01-16,54638,352,355.15
DSP0001047,CMP0013,2024-01-17,45189,206,293.73
DSP0001048,CMP0013,2024-01-18,52884,250,343.75
DSP0001049,CMP0013,2024-01-19,40303,290,261.97
DSP0001050,CMP0013,2024-01-20,41910,308,272.42
DSP0001051,CMP0013,2024-01-21,33844,142,219.99
DSP0001052,CMP0013,2024-01-22,57266,391,372.23
DSP0001053,CMP0013,2024-01-23,43087,278,280.07
DSP0001054,CMP0013,2024-01-24,38341,284,249.22
DSP0001055,CMP0013,2024-01-25,52201,360,339.31
DSP0001056,CMP0013,2024-01-26,55366,247,359.88
DSP0001057,CMP0013,2024-01-27,39727,226,258.23
DSP0001058,CMP0013,2024-01-28,42830,276,278.40
DSP0001059,CMP0013,2024-01-29,54823,326,356.35
DSP0001060,CMP0013,2024-01-30,37655,200,244.76
DSP0001061,CMP0013,2024-01-31,39456,230,256.47
DSP0001062,CMP0013,2024-02-01,53990,419,350.94
DSP0001063,CMP0013,2024-02-02,41710,256,271.12
DSP0001064,CMP0013,2024-02-03,48292,342,313.90
DSP0001065,CMP0013,2024-02-04,48743,348,316.83
DSP0001066,CMP0013,2024-02-05,49744,315,323.34
DSP0001067,CMP0013,2024-02-06,49161,237,319.55
DSP0001068,CMP0013,2024-02-07,52143,323,338.93
DSP0001069,CMP0013,2024-02-08,58640,266,381.16
DSP0001070,CMP0013,2024-02-09,34992,168,227.45
DSP0001071,CMP0013,2024-02-10,47420,258,308.23
DSP0001072,CMP0013,2024-02-11,41156,255,267.52
DSP0001073,CMP0013,2024-02-12,47201,267,306.81
DSP0001074,CMP0013,2024-02-13,33266,163,216.23
DSP0001075,CMP0013,2024-02-14,35098,214,228.14
DSP0001076,CMP0013,2024-02-15,58093,333,377.61
DSP0001077,CMP0013,2024-02-16,58833,332,382.42
DSP0001078,CMP0013,2024-02-17,45356,322,294.82
DSP0001079,CMP0013,2024-02-18,53612,380,348.48
DSP0001080,CMP0013,2024-02-19,49096,329,319.13
DSP0001081,CMP0013,2024-02-20,37856,215,246.07
DSP0001082,CMP0013,2024-02-21,56036,300,364.24
DSP0001083,CMP0013,2024-02-22,35855,219,233.06
DSP0001084,CMP0013,2024-02-23,54604,351,354.93
DSP0001085,CMP0013,2024-02-24,55398,375,360.09
DSP0001086,CMP0013,2024-02-25,51709,232,336.11
DSP0001087,CMP0013,2024-02-26,47080,331,306.02
DSP0001088,CMP0013,2024-02-27,46040,303,299.26
DSP0001089,CMP0013,2024-02-28,37246,210,242.10
DSP0001090,CMP0013,2024-02-29,50475,372,328.09
DSP0001091,CMP0013,2024-03-01,43967,295,285.79
DSP0001092,CMP0014,2025-01-11,29897,256,448.46
DSP0001093,CMP0014,2025-01-12,21111,224,316.67
DSP0001094,CMP0014,2025-01-13,27686,193,415.30
DSP0001095,CMP0014,2025-01-14,26892,295,403.38
DSP0001096,CMP0014,2025-01-15,30017,301,450.26
DSP0001097,CMP0014,2025-01-16,24307,171,364.61
DSP0001098,CMP0014,2025-01-17,25300,265,379.51
DSP0001099,CMP0014,2025-01-18,29442,254,441.64
DSP0001100,CMP0014,2025-01-19,20897,210,313.46
DSP0001101,CMP0014,2025-01-20,28165,325,422.48
DSP0001102,CMP0014,2025-01-21,19856,156,297.84
DSP0001103,CMP0014,2025-01-22,22465,188,336.98
DSP0001104,CMP0014,2025-01-23,20293,175,304.40
DSP0001105,CMP0014,2025-01-24,30168,203,452.53
DSP0001106,CMP0014,2025-01-25,23072,236,346.08
DSP0001107,CMP0014,2025-01-26,22383,199,335.75
DSP0001108,CMP0014,2025-01-27,16306,109,244.60
DSP0001109,CMP0014,2025-01-28,19328,200,289.93
DSP0001110,CMP0014,2025-01-29,28076,290,421.15
DSP0001111,CMP0014,2025-01-30,27727,181,415.91
DSP0001112,CMP0014,2025-01-31,16896,115,253.45
DSP0001113,CMP0014,2025-02-01,19109,150,286.64
DSP0001114,CMP0014,2025-02-02,21825,255,327.38
DSP0001115,CMP0014,2025-02-03,21378,220,320.67
DSP0001116,CMP0014,2025-02-04,26264,203,393.97
DSP0001117,CMP0014,2025-02-05,24799,286,371.99
DSP0001118,CMP0014,2025-02-06,26555,272,398.33
DSP0001119,CMP0014,2025-02-07,17858,163,267.87
DSP0001120,CMP0014,2025-02-08,30116,280,451.74
DSP0001121,CMP0014,2025-02-09,22428,217,336.42
DSP0001122,CMP0014,2025-02-10,24868,162,373.03
DSP0001123,CMP0014,2025-02-11,21964,142,329.47
DSP0001124,CMP0014,2025-02-12,24942,183,374.14
DSP0001125,CMP0014,2025-02-13,28640,229,429.61
DSP0001126,CMP0014,2025-02-14,20890,149,313.35
DSP0001127,CMP0014,2025-02-15,23030,223,345.45
DSP0001128,CMP0014,2025-02-16,18866,130,282.99
DSP0001129,CMP0014,2025-02-17,19866,227,298.00
DSP0001130,CMP0014,2025-02-18,18715,139,280.73
DSP0001131,CMP0014,2025-02-19,22488,243,337.32
DSP0001132,CMP0014,2025-02-20,27138,187,407.08
DSP0001133,CMP0014,2025-02-21,29898,265,448.48
DSP0001134,CMP0014,2025-02-22,20956,198,314.35
DSP0001135,CMP0014,2025-02-23,16335,125,245.03
DSP0001136,CMP0014,2025-02-24,25112,229,376.69
DSP0001137,CMP0014,2025-02-25,16790,191,251.85
DSP0001138,CMP0014,2025-02-26,26010,278,390.16
DSP0001139,CMP0014,2025-02-27,28374,252,425.62
DSP0001140,CMP0014,2025-02-28,25337,290,380.06
DSP0001141,CMP0014,2025-03-01,24534,276,368.02
DSP0001142,CMP0014,2025-03-02,25130,170,376.95
DSP0001143,CMP0014,2025-03-03,27133,190,407.00
DSP0001144,CMP0014,2025-03-04,17260,134,258.90
DSP0001145,CMP0014,2025-03-05,21752,137,326.28
DSP0001146,CMP0014,2025-03-06,22851,161,342.77
DSP0001147,CMP0014,2025-03-07,20373,181,305.60
DSP0001148,CMP0014,2025-03-08,29073,248,436.10
DSP0001149,CMP0014,2025-03-09,24067,219,361.01
DSP0001150,CMP0014,2025-03-10,30130,284,451.96
DSP0001151,CMP0014,2025-03-11,24092,278,361.38
DSP0001152,CMP0014,2025-03-12,29602,286,444.03
DSP0001153,CMP0014,2025-03-13,23415,182,351.23
DSP0001154,CMP0014,2025-03-14,20034,220,300.51
DSP0001155,CMP0014,2025-03-15,28572,300,428.58
DSP0001156,CMP0014,2025-03-16,17930,170,268.95
DSP0001157,CMP0014,2025-03-17,29913,286,448.70
DSP0001158,CMP0014,2025-03-18,17895,115,268.43
DSP0001159,CMP0014,2025-03-19,19394,192,290.92
DSP0001160,CMP0014,2025-03-20,17382,167,260.73
DSP0001161,CMP0014,2025-03-21,19188,177,287.82
DSP0001162,CMP0014,2025-03-22,21521,188,322.82
DSP0001163,CMP0014,2025-03-23,16372,184,245.58
DSP0001164,CMP0014,2025-03-24,25792,242,386.89
DSP0001165,CMP0014,2025-03-25,23681,172,355.22
DSP0001166,CMP0014,2025-03-26,25002,201,375.03
DSP0001167,CMP0014,2025-03-27,23723,160,355.85
DSP0001168,CMP0014,2025-03-28,27712,190,415.68
DSP0001169,CMP0014,2025-03-29,17374,147,260.61
DSP0001170,CMP0014,2025-03-30,27558,257,413.37
DSP0001171,CMP0014,2025-03-31,23048,248,345.73
DSP0001172,CMP0014,2025-04-01,26622,240,399.34
DSP0001173,CMP0014,2025-04-02,18082,189,271.24
DSP0001174,CMP0014,2025-04-03,23814,271,357.22
DSP0001175,CMP0014,2025-04-04,20496,135,307.45
DSP0001176,CMP0014,2025-04-05,17648,172,264.72
DSP0001177,CMP0014,2025-04-06,16495,155,247.43
DSP0001178,CMP0014,2025-04-07,18425,190,276.38
DSP0001179,CMP0014,2025-04-08,17808,205,267.12
DSP0001180,CMP0014,2025-04-09,25490,172,382.35
DSP0001181,CMP0014,2025-04-10,18636,123,279.54
DSP0001182,CMP0014,2025-04-11,22802,260,342.03
DSP0001183,CMP0014,2025-04-12,22104,249,331.57
DSP0001184,CMP0014,2025-04-13,26375,223,395.63
DSP0001185,CMP0014,2025-04-14,28070,280,421.06
DSP0001186,CMP0014,2025-04-15,18282,131,274.24
DSP0001187,CMP0014,2025-04-16,24634,162,369.52
DSP0001188,CMP0014,2025-04-17,19272,220,289.09
DSP0001189,CMP0014,2025-04-18,22973,229,344.60
DSP0001190,CMP0014,2025-04-19,24229,263,363.44
DSP0001191,CMP0014,2025-04-20,17046,195,255.70
DSP0001192,CMP0014,2025-04-21,29752,212,446.29
DSP0001193,CMP0014,2025-04-22,24123,253,361.85
DSP0001194,CMP0014,2025-04-23,17728,206,265.93
DSP0001195,CMP0014,2025-04-24,19813,136,297.20
DSP0001196,CMP0014,2025-04-25,20993,136,314.90
DSP0001197,CMP0014,2025-04-26,20668,144,310.02
DSP0001198,CMP0014,2025-04-27,29413,335,441.20
DSP0001199,CMP0014,2025-04-28,17396,118,260.94
DSP0001200,CMP0014,2025-04-29,21234,216,318.51
DSP0001201,CMP0014,2025-04-30,25882,173,388.23
DSP0001202,CMP0014,2025-05-01,18556,153,278.35
DSP0001203,CMP0014,2025-05-02,23812,153,357.18
DSP0001204,CMP0014,2025-05-03,30137,221,452.06
DSP0001205,CMP0014,2025-05-04,29242,292,438.63
DSP0001206,CMP0014,2025-05-05,20424,134,306.36
DSP0001207,CMP0014,2025-05-06,19776,166,296.64
DSP0001208,CMP0014,2025-05-07,22102,253,331.53
DSP0001209,CMP0014,2025-05-08,23380,217,350.71
DSP0001210,CMP0014,2025-05-09,16991,131,254.87
DSP0001211,CMP0014,2025-05-10,29884,313,448.26
DSP0001212,CMP0014,2025-05-11,26728,221,400.92
DSP0001213,CMP0014,2025-05-12,28358,265,425.38
DSP0001214,CMP0014,2025-05-13,27524,320,412.87
DSP0001215,CMP0014,2025-05-14,21900,145,328.51
DSP0001216,CMP0015,2024-08-02,58058,1721,522.53
DSP0001217,CMP0015,2024-08-03,64280,1470,578.52
DSP0001218,CMP0015,2024-08-04,67015,1859,603.14
DSP0001219,CMP0015,2024-08-05,43728,1267,393.56
DSP0001220,CMP0015,2024-08-06,67376,1990,606.39
DSP0001221,CMP0015,2024-08-07,57267,1795,515.41
DSP0001222,CMP0015,2024-08-08,63890,1810,575.01
DSP0001223,CMP0015,2024-08-09,70000,2111,630.00
DSP0001224,CMP0015,2024-08-10,46887,1049,421.99
DSP0001225,CMP0015,2024-08-11,44771,814,402.94
DSP0001226,CMP0015,2024-08-12,72762,1957,654.86
DSP0001227,CMP0015,2024-08-13,70681,1431,636.13
DSP0001228,CMP0015,2024-08-14,42541,1109,382.87
DSP0001229,CMP0015,2024-08-15,57904,1139,521.14
DSP0001230,CMP0015,2024-08-16,69634,2085,626.71
DSP0001231,CMP0015,2024-08-17,59328,1196,533.96
DSP0001232,CMP0015,2024-08-18,65913,1267,593.22
DSP0001233,CMP0015,2024-08-19,54635,1176,491.72
DSP0001234,CMP0015,2024-08-20,76072,1950,684.65
DSP0001235,CMP0015,2024-08-21,61950,1988,557.55
DSP0001236,CMP0015,2024-08-22,64474,1410,580.27
DSP0001237,CMP0015,2024-08-23,43367,1118,390.31
DSP0001238,CMP0015,2024-08-24,56971,1391,512.74
DSP0001239,CMP0015,2024-08-25,58984,1729,530.86
DSP0001240,CMP0015,2024-08-26,65322,1219,587.90
DSP0001241,CMP0015,2024-08-27,76348,1860,687.14
DSP0001242,CMP0015,2024-08-28,69094,1599,621.85
DSP0001243,CMP0015,2024-08-29,61841,1778,556.57
DSP0001244,CMP0015,2024-08-30,64932,2059,584.39
DSP0001245,CMP0015,2024-08-31,48940,934,440.46
DSP0001246,CMP0015,2024-09-01,46696,1299,420.27
DSP0001247,CMP0015,2024-09-02,70195,2128,631.76
DSP0001248,CMP0015,2024-09-03,76693,1981,690.24
DSP0001249,CMP0015,2024-09-04,45106,1094,405.96
DSP0001250,CMP0015,2024-09-05,41674,833,375.07
DSP0001251,CMP0015,2024-09-06,66215,1936,595.94
DSP0001252,CMP0015,2024-09-07,55132,1479,496.19
DSP0001253,CMP0015,2024-09-08,51858,1559,466.73
DSP0001254,CMP0015,2024-09-09,56113,1784,505.02
DSP0001255,CMP0015,2024-09-10,44068,1330,396.62
DSP0001256,CMP0015,2024-09-11,53994,995,485.95
DSP0001257,CMP0015,2024-09-12,61883,1296,556.95
DSP0001258,CMP0015,2024-09-13,61424,1659,552.82
DSP0001259,CMP0015,2024-09-14,65801,1902,592.21
DSP0001260,CMP0015,2024-09-15,66417,2062,597.76
DSP0001261,CMP0015,2024-09-16,45564,859,410.08
DSP0001262,CMP0015,2024-09-17,70584,2106,635.26
DSP0001263,CMP0015,2024-09-18,62870,1450,565.83
DSP0001264,CMP0015,2024-09-19,73321,2284,659.89
DSP0001265,CMP0015,2024-09-20,49175,1446,442.58
DSP0001266,CMP0015,2024-09-21,70686,2045,636.18
DSP0001267,CMP0015,2024-09-22,48413,1431,435.72
DSP0001268,CMP0015,2024-09-23,48823,986,439.41
DSP0001269,CMP0015,2024-09-24,43245,800,389.21
DSP0001270,CMP0015,2024-09-25,64645,1254,581.81
DSP0001271,CMP0015,2024-09-26,65568,1578,590.12
DSP0001272,CMP0015,2024-09-27,70233,1943,632.10
DSP0001273,CMP0015,2024-09-28,76606,2270,689.46
DSP0001274,CMP0015,2024-09-29,76088,2097,684.80
DSP0001275,CMP0015,2024-09-30,58662,1240,527.96
DSP0001276,CMP0015,2024-10-01,65863,1638,592.77
DSP0001277,CMP0015,2024-10-02,72468,2018,652.22
DSP0001278,CMP0015,2024-10-03,44043,1220,396.39
DSP0001279,CMP0015,2024-10-04,62141,1211,559.27
DSP0001280,CMP0015,2024-10-05,62301,1217,560.71
DSP0001281,CMP0015,2024-10-06,58543,1530,526.89
DSP0001282,CMP0015,2024-10-07,55893,1786,503.04
DSP0001283,CMP0015,2024-10-08,56726,1293,510.54
DSP0001284,CMP0015,2024-10-09,56661,1386,509.95
DSP0001285,CMP0015,2024-10-10,57332,1526,515.99
DSP0001286,CMP0015,2024-10-11,66938,1172,602.45
DSP0001287,CMP0015,2024-10-12,60861,1090,547.75
DSP0001288,CMP0015,2024-10-13,48041,1315,432.37
DSP0001289,CMP0015,2024-10-14,41931,1098,377.38
DSP0001290,CMP0015,2024-10-15,73415,1341,660.74
DSP0001291,CMP0015,2024-10-16,70355,1313,633.20
DSP0001292,CMP0015,2024-10-17,70500,1493,634.50
DSP0001293,CMP0015,2024-10-18,50558,1274,455.03
DSP0001294,CMP0015,2024-10-19,42620,1317,383.58
DSP0001295,CMP0015,2024-10-20,53420,1191,480.78
DSP0001296,CMP0015,2024-10-21,64498,1150,580.49
DSP0001297,CMP0015,2024-10-22,69417,2004,624.76
DSP0001298,CMP0015,2024-10-23,76958,2272,692.63
DSP0001299,CMP0015,2024-10-24,50046,1350,450.42
DSP0001300,CMP0015,2024-10-25,60638,1745,545.75
DSP0001301,CMP0015,2024-10-26,61578,1606,554.21
DSP0001302,CMP0015,2024-10-27,74056,1498,666.51
DSP0001303,CMP0015,2024-10-28,58400,1614,525.60
DSP0001304,CMP0015,2024-10-29,49737,1175,447.64
DSP0001305,CMP0015,2024-10-30,64064,1340,576.58
DSP0001306,CMP0015,2024-10-31,75110,1602,675.99
DSP0001307,CMP0015,2024-11-01,45544,1288,409.90
DSP0001308,CMP0015,2024-11-02,75293,1966,677.64
DSP0001309,CMP0015,2024-11-03,63423,1370,570.81
DSP0001310,CMP0015,2024-11-04,52775,1130,474.98
DSP0001311,CMP0015,2024-11-05,68542,2136,616.88
DSP0001312,CMP0015,2024-11-06,74405,1629,669.65
DSP0001313,CMP0015,2024-11-07,47776,1054,429.99
DSP0001314,CMP0015,2024-11-08,54961,1444,494.65
DSP0001315,CMP0015,2024-11-09,53316,1408,479.85
DSP0001316,CMP0015,2024-11-10,41812,1338,376.31
DSP0001317,CMP0015,2024-11-11,55238,1185,497.15
DSP0001318,CMP0015,2024-11-12,52274,1538,470.47
DSP0001319,CMP0015,2024-11-13,74254,1563,668.29
DSP0001320,CMP0015,2024-11-14,47980,1402,431.82
DSP0001321,CMP0015,2024-11-15,56452,1308,508.07
DSP0001322,CMP0015,2024-11-16,62374,1586,561.37
DSP0001323,CMP0015,2024-11-17,58378,1352,525.41
DSP0001324,CMP0015,2024-11-18,70334,1982,633.01
DSP0001325,CMP0016,2024-08-02,7155,239,128.79
DSP0001326,CMP0016,2024-08-03,7123,278,128.23
DSP0001327,CMP0016,2024-08-04,6016,191,108.29
DSP0001328,CMP0016,2024-08-05,7210,291,129.79
DSP0001329,CMP0016,2024-08-06,7477,186,134.60
DSP0001330,CMP0016,2024-08-07,4915,221,88.47
DSP0001331,CMP0016,2024-08-08,5222,162,94.01
DSP0001332,CMP0016,2024-08-09,6709,278,120.77
DSP0001333,CMP0016,2024-08-10,7317,273,131.71
DSP0001334,CMP0016,2024-08-11,7017,298,126.31
DSP0001335,CMP0016,2024-08-12,6556,184,118.01
DSP0001336,CMP0016,2024-08-13,6723,241,121.03
DSP0001337,CMP0016,2024-08-14,6870,187,123.66
DSP0001338,CMP0016,2024-08-15,4928,121,88.71
DSP0001339,CMP0016,2024-08-16,7441,306,133.94
DSP0001340,CMP0016,2024-08-17,6465,284,116.38
DSP0001341,CMP0016,2024-08-18,5550,238,99.90
DSP0001342,CMP0016,2024-08-19,7126,179,128.27
DSP0001343,CMP0016,2024-08-20,5467,244,98.42
DSP0001344,CMP0016,2024-08-21,5321,228,95.79
DSP0001345,CMP0016,2024-08-22,5979,271,107.63
DSP0001346,CMP0016,2024-08-23,4446,126,80.03
DSP0001347,CMP0016,2024-08-24,4762,201,85.73
DSP0001348,CMP0016,2024-08-25,5058,138,91.06
DSP0001349,CMP0016,2024-08-26,5821,235,104.78
DSP0001350,CMP0016,2024-08-27,6255,242,112.59
DSP0001351,CMP0016,2024-08-28,6247,264,112.46
DSP0001352,CMP0016,2024-08-29,6296,281,113.34
DSP0001353,CMP0016,2024-08-30,4832,211,86.98
DSP0001354,CMP0016,2024-08-31,8049,252,144.89
DSP0001355,CMP0016,2024-09-01,4818,141,86.74
DSP0001356,CMP0016,2024-09-02,6603,287,118.86
DSP0001357,CMP0016,2024-09-03,4719,188,84.95
DSP0001358,CMP0016,2024-09-04,5988,186,107.79
DSP0001359,CMP0016,2024-09-05,6948,239,125.07
DSP0001360,CMP0016,2024-09-06,6877,215,123.80
DSP0001361,CMP0016,2024-09-07,5166,131,92.99
DSP0001362,CMP0016,2024-09-08,6298,256,113.38
DSP0001363,CMP0016,2024-09-09,6065,268,109.17
DSP0001364,CMP0016,2024-09-10,5839,264,105.11
DSP0001365,CMP0016,2024-09-11,7682,347,138.28
DSP0001366,CMP0016,2024-09-12,4960,160,89.28
DSP0001367,CMP0016,2024-09-13,5238,215,94.29
DSP0001368,CMP0016,2024-09-14,7268,282,130.83
DSP0001369,CMP0016,2024-09-15,5496,200,98.93
DSP0001370,CMP0016,2024-09-16,5821,235,104.78
DSP0001371,CMP0016,2024-09-17,5102,228,91.85
DSP0001372,CMP0016,2024-09-18,6215,160,111.87
DSP0001373,CMP0016,2024-09-19,7152,175,128.74
DSP0001374,CMP0016,2024-09-20,4417,124,79.52
DSP0001375,CMP0016,2024-09-21,4892,163,88.07
DSP0001376,CMP0016,2024-09-22,6919,274,124.55
DSP0001377,CMP0016,2024-09-23,7518,336,135.34
DSP0001378,CMP0016,2024-09-24,5912,245,106.42
DSP0001379,CMP0016,2024-09-25,6727,274,121.09
DSP0001380,CMP0016,2024-09-26,6653,210,119.77
DSP0001381,CMP0016,2024-09-27,7729,292,139.13
DSP0001382,CMP0016,2024-09-28,6777,171,122.00
DSP0001383,CMP0016,2024-09-29,5855,259,105.39
DSP0001384,CMP0016,2024-09-30,5641,179,101.54
DSP0001385,CMP0016,2024-10-01,5916,242,106.49
DSP0001386,CMP0016,2024-10-02,5905,176,106.29
DSP0001387,CMP0016,2024-10-03,6230,157,112.14
DSP0001388,CMP0016,2024-10-04,6771,212,121.89
DSP0001389,CMP0016,2024-10-05,7449,246,134.09
DSP0001390,CMP0016,2024-10-06,6963,236,125.34
DSP0001391,CMP0016,2024-10-07,7347,187,132.26
DSP0001392,CMP0016,2024-10-08,7206,211,129.71
DSP0001393,CMP0016,2024-10-09,4517,141,81.31
DSP0001394,CMP0016,2024-10-10,5932,160,106.79
DSP0001395,CMP0016,2024-10-11,7472,216,134.51
DSP0001396,CMP0016,2024-10-12,6946,310,125.03
DSP0001397,CMP0016,2024-10-13,6278,219,113.02
DSP0001398,CMP0016,2024-10-14,5352,201,96.34
DSP0001399,CMP0016,2024-10-15,7687,287,138.37
DSP0001400,CMP0016,2024-10-16,6341,221,114.15
DSP0001401,CMP0016,2024-10-17,5350,169,96.30
DSP0001402,CMP0016,2024-10-18,5694,221,102.50
DSP0001403,CMP0016,2024-10-19,5635,229,101.43
DSP0001404,CMP0016,2024-10-20,7660,196,137.88
DSP0001405,CMP0016,2024-10-21,5097,199,91.75
DSP0001406,CMP0016,2024-10-22,5262,176,94.72
DSP0001407,CMP0016,2024-10-23,4914,222,88.46
DSP0001408,CMP0016,2024-10-24,7516,208,135.29
DSP0001409,CMP0016,2024-10-25,6789,241,122.21
DSP0001410,CMP0016,2024-10-26,6952,272,125.15
DSP0001411,CMP0016,2024-10-27,6556,241,118.01
DSP0001412,CMP0016,2024-10-28,5343,218,96.19
DSP0001413,CMP0016,2024-10-29,6942,284,124.96
DSP0001414,CMP0016,2024-10-30,6499,266,116.99
DSP0001415,CMP0016,2024-10-31,4667,184,84.01
DSP0001416,CMP0016,2024-11-01,6231,221,112.16
DSP0001417,CMP0016,2024-11-02,6739,179,121.31
DSP0001418,CMP0016,2024-11-03,6471,174,116.48
DSP0001419,CMP0016,2024-11-04,4944,130,89.00
DSP0001420,CMP0016,2024-11-05,7036,283,126.65
DSP0001421,CMP0016,2024-11-06,7499,328,134.99
DSP0001422,CMP0016,2024-11-07,7185,234,129.33
DSP0001423,CMP0016,2024-11-08,4735,174,85.23
DSP0001424,CMP0016,2024-11-09,6342,219,114.17
DSP0001425,CMP0016,2024-11-10,5137,160,92.48
DSP0001426,CMP0016,2024-11-11,7035,259,126.64
DSP0001427,CMP0016,2024-11-12,4653,173,83.76
DSP0001428,CMP0016,2024-11-13,7571,304,136.29
DSP0001429,CMP0016,2024-11-14,6608,261,118.96
DSP0001430,CMP0016,2024-11-15,5055,226,91.00
DSP0001431,CMP0016,2024-11-16,5003,191,90.06
DSP0001432,CMP0016,2024-11-17,6070,170,109.27
DSP0001433,CMP0016,2024-11-18,7024,215,126.44
DSP0001434,CMP0016,2024-11-19,4708,147,84.76
DSP0001435,CMP0016,2024-11-20,7518,223,135.34
DSP0001436,CMP0016,2024-11-21,4955,213,89.20
DSP0001437,CMP0016,2024-11-22,8068,252,145.24
DSP0001438,CMP0016,2024-11-23,6315,208,113.67
DSP0001439,CMP0016,2024-11-24,6150,268,110.70
DSP0001440,CMP0016,2024-11-25,5250,162,94.50
DSP0001441,CMP0016,2024-11-26,5022,213,90.41
DSP0001442,CMP0016,2024-11-27,5216,196,93.90
DSP0001443,CMP0016,2024-11-28,6578,198,118.41
DSP0001444,CMP0016,2024-11-29,5852,226,105.35
DSP0001445,CMP0016,2024-11-30,5525,165,99.46
DSP0001446,CMP0016,2024-12-01,7402,266,133.24
DSP0001447,CMP0016,2024-12-02,7171,300,129.09
DSP0001448,CMP0016,2024-12-03,5362,148,96.52
DSP0001449,CMP0016,2024-12-04,6200,260,111.60
DSP0001450,CMP0016,2024-12-05,6526,250,117.48
DSP0001451,CMP0016,2024-12-06,5264,232,94.76
DSP0001452,CMP0016,2024-12-07,7888,239,141.99
DSP0001453,CMP0016,2024-12-08,6016,243,108.29
DSP0001454,CMP0016,2024-12-09,4542,195,81.76
DSP0001455,CMP0016,2024-12-10,6007,220,108.13
DSP0001456,CMP0016,2024-12-11,5280,205,95.04
DSP0001457,CMP0016,2024-12-12,5922,164,106.61
DSP0001458,CMP0016,2024-12-13,5422,210,97.61
DSP0001459,CMP0016,2024-12-14,6047,162,108.85
DSP0001460,CMP0016,2024-12-15,5881,219,105.86
DSP0001461,CMP0016,2024-12-16,6601,205,118.82
DSP0001462,CMP0016,2024-12-17,7360,276,132.48
DSP0001463,CMP0016,2024-12-18,6745,173,121.42
DSP0001464,CMP0017,2024-03-06,38333,686,421.67
DSP0001465,CMP0017,2024-03-07,37075,555,407.83
DSP0001466,CMP0017,2024-03-08,39049,500,429.54
DSP0001467,CMP0017,2024-03-09,30020,573,330.23
DSP0001468,CMP0017,2024-03-10,30560,606,336.17
DSP0001469,CMP0017,2024-03-11,33744,498,371.19
DSP0001470,CMP0017,2024-03-12,37936,535,417.30
DSP0001471,CMP0017,2024-03-13,34260,680,376.86
DSP0001472,CMP0017,2024-03-14,31764,434,349.41
DSP0001473,CMP0017,2024-03-15,31330,693,344.63
DSP0001474,CMP0017,2024-03-16,38190,804,420.09
DSP0001475,CMP0017,2024-03-17,24762,483,272.39
DSP0001476,CMP0017,2024-03-18,28786,561,316.65
DSP0001477,CMP0017,2024-03-19,33092,437,364.02
DSP0001478,CMP0017,2024-03-20,24460,444,269.07
DSP0001479,CMP0017,2024-03-21,37540,591,412.94
DSP0001480,CMP0017,2024-03-22,26614,340,292.76
DSP0001481,CMP0017,2024-03-23,31328,661,344.61
DSP0001482,CMP0017,2024-03-24,24560,489,270.16
DSP0001483,CMP0017,2024-03-25,21925,474,241.18
DSP0001484,CMP0017,2024-03-26,23171,361,254.89
DSP0001485,CMP0017,2024-03-27,35235,561,387.59
DSP0001486,CMP0017,2024-03-28,27273,478,300.01
DSP0001487,CMP0017,2024-03-29,31720,704,348.92
DSP0001488,CMP0017,2024-03-30,31302,485,344.33
DSP0001489,CMP0017,2024-03-31,38624,815,424.87
DSP0001490,CMP0017,2024-04-01,27660,547,304.27
DSP0001491,CMP0017,2024-04-02,24444,554,268.89
DSP0001492,CMP0017,2024-04-03,25187,521,277.06
DSP0001493,CMP0017,2024-04-04,28404,477,312.45
DSP0001494,CMP0017,2024-04-05,21608,290,237.69
DSP0001495,CMP0017,2024-04-06,34373,469,378.11
DSP0001496,CMP0017,2024-04-07,26960,442,296.56
DSP0001497,CMP0017,2024-04-08,22220,308,244.43
DSP0001498,CMP0017,2024-04-09,29747,409,327.22
DSP0001499,CMP0017,2024-04-10,21197,300,233.17
DSP0001500,CMP0017,2024-04-11,33656,739,370.22
DSP0001501,CMP0017,2024-04-12,36075,756,396.83
DSP0001502,CMP0017,2024-04-13,29739,466,327.13
DSP0001503,CMP0017,2024-04-14,35478,460,390.26
DSP0001504,CMP0017,2024-04-15,28279,593,311.07
DSP0001505,CMP0017,2024-04-16,22732,481,250.06
DSP0001506,CMP0017,2024-04-17,34622,640,380.85
DSP0001507,CMP0017,2024-04-18,33338,531,366.72
DSP0001508,CMP0017,2024-04-19,24857,579,273.43
DSP0001509,CMP0017,2024-04-20,27375,405,301.13
DSP0001510,CMP0017,2024-04-21,31141,723,342.56
DSP0001511,CMP0017,2024-04-22,29121,369,320.34
DSP0001512,CMP0017,2024-04-23,26222,377,288.45
DSP0001513,CMP0017,2024-04-24,33092,446,364.02
DSP0001514,CMP0017,2024-04-25,30628,430,336.91
DSP0001515,CMP0017,2024-04-26,35917,750,395.09
DSP0001516,CMP0017,2024-04-27,22166,406,243.83
DSP0001517,CMP0017,2024-04-28,22872,533,251.60
DSP0001518,CMP0018,2023-05-15,16833,71,109.42
DSP0001519,CMP0018,2023-05-16,19589,145,127.33
DSP0001520,CMP0018,2023-05-17,13067,88,84.94
DSP0001521,CMP0018,2023-05-18,12340,81,80.21
DSP0001522,CMP0018,2023-05-19,17753,110,115.40
DSP0001523,CMP0018,2023-05-20,11007,47,71.55
DSP0001524,CMP0018,2023-05-21,13635,83,88.63
DSP0001525,CMP0018,2023-05-22,19223,133,124.95
DSP0001526,CMP0018,2023-05-23,17212,109,111.88
DSP0001527,CMP0018,2023-05-24,14792,109,96.15
DSP0001528,CMP0018,2023-05-25,14429,107,93.79
DSP0001529,CMP0018,2023-05-26,20000,121,130.00
DSP0001530,CMP0018,2023-05-27,19366,93,125.88
DSP0001531,CMP0018,2023-05-28,16207,101,105.35
DSP0001532,CMP0018,2023-05-29,13740,67,89.31
DSP0001533,CMP0018,2023-05-30,14526,64,94.42
DSP0001534,CMP0018,2023-05-31,16000,97,104.00
DSP0001535,CMP0018,2023-06-01,13844,69,89.99
DSP0001536,CMP0018,2023-06-02,16887,77,109.77
DSP0001537,CMP0018,2023-06-03,12436,75,80.84
DSP0001538,CMP0018,2023-06-04,16172,124,105.12
DSP0001539,CMP0018,2023-06-05,14164,74,92.07
DSP0001540,CMP0018,2023-06-06,12596,69,81.88
DSP0001541,CMP0018,2023-06-07,14743,90,95.83
DSP0001542,CMP0018,2023-06-08,13263,80,86.21
DSP0001543,CMP0018,2023-06-09,14250,90,92.63
DSP0001544,CMP0018,2023-06-10,12044,90,78.29
DSP0001545,CMP0018,2023-06-11,17133,102,111.37
DSP0001546,CMP0018,2023-06-12,18307,77,119.00
DSP0001547,CMP0018,2023-06-13,11806,74,76.74
DSP0001548,CMP0018,2023-06-14,17706,83,115.09
DSP0001549,CMP0018,2023-06-15,15089,83,98.08
DSP0001550,CMP0018,2023-06-16,20060,98,130.39
DSP0001551,CMP0018,2023-06-17,14396,105,93.58
DSP0001552,CMP0018,2023-06-18,12881,80,83.73
DSP0001553,CMP0018,2023-06-19,12726,70,82.72
DSP0001554,CMP0018,2023-06-20,14367,91,93.39
DSP0001555,CMP0018,2023-06-21,17143,75,111.43
DSP0001556,CMP0018,2023-06-22,11204,57,72.83
DSP0001557,CMP0018,2023-06-23,11375,51,73.94
DSP0001558,CMP0018,2023-06-24,15135,101,98.38
DSP0001559,CMP0018,2023-06-25,15423,114,100.25
DSP0001560,CMP0018,2023-06-26,19203,98,124.82
DSP0001561,CMP0018,2023-06-27,12298,61,79.94
DSP0001562,CMP0018,2023-06-28,14035,67,91.23
DSP0001563,CMP0018,2023-06-29,15781,119,102.58
DSP0001564,CMP0018,2023-06-30,20206,116,131.34
DSP0001565,CMP0018,2023-07-01,14683,106,95.44
DSP0001566,CMP0018,2023-07-02,18747,87,121.86
DSP0001567,CMP0018,2023-07-03,13230,81,86.00
DSP0001568,CMP0018,2023-07-04,14452,82,93.94
DSP0001569,CMP0018,2023-07-05,15829,118,102.89
DSP0001570,CMP0018,2023-07-06,19380,131,125.97
DSP0001571,CMP0018,2023-07-07,11190,71,72.74
DSP0001572,CMP0018,2023-07-08,14155,107,92.01
DSP0001573,CMP0018,2023-07-09,18984,88,123.40
DSP0001574,CMP0018,2023-07-10,16367,83,106.39
DSP0001575,CMP0018,2023-07-11,16349,74,106.27
DSP0001576,CMP0018,2023-07-12,11440,55,74.36
DSP0001577,CMP0018,2023-07-13,13461,79,87.50
DSP0001578,CMP0018,2023-07-14,17041,78,110.77
DSP0001579,CMP0018,2023-07-15,17929,88,116.54
DSP0001580,CMP0018,2023-07-16,15984,87,103.90
DSP0001581,CMP0018,2023-07-17,11178,58,72.66
DSP0001582,CMP0018,2023-07-18,13163,85,85.56
DSP0001583,CMP0018,2023-07-19,17496,111,113.73
DSP0001584,CMP0018,2023-07-20,15227,106,98.98
DSP0001585,CMP0018,2023-07-21,15853,120,103.05
DSP0001586,CMP0018,2023-07-22,12081,56,78.53
DSP0001587,CMP0018,2023-07-23,11352,64,73.79
DSP0001588,CMP0018,2023-07-24,12510,62,81.32
DSP0001589,CMP0018,2023-07-25,15970,105,103.81
DSP0001590,CMP0018,2023-07-26,17295,132,112.42
DSP0001591,CMP0018,2023-07-27,13046,85,84.80
DSP0001592,CMP0018,2023-07-28,18420,132,119.73
DSP0001593,CMP0019,2023-07-27,19500,177,292.51
DSP0001594,CMP0019,2023-07-28,29486,329,442.30
DSP0001595,CMP0019,2023-07-29,19076,221,286.14
DSP0001596,CMP0019,2023-07-30,28208,190,423.12
DSP0001597,CMP0019,2023-07-31,22292,257,334.39
DSP0001598,CMP0019,2023-08-01,17931,197,268.97
DSP0001599,CMP0019,2023-08-02,20198,221,302.97
DSP0001600,CMP0019,2023-08-03,24941,260,374.12
DSP0001601,CMP0019,2023-08-04,20354,137,305.32
DSP0001602,CMP0019,2023-08-05,27743,293,416.15
DSP0001603,CMP0019,2023-08-06,18132,200,271.99
DSP0001604,CMP0019,2023-08-07,16370,160,245.55
DSP0001605,CMP0019,2023-08-08,21744,196,326.16
DSP0001606,CMP0019,2023-08-09,27750,255,416.25
DSP0001607,CMP0019,2023-08-10,19109,149,286.64
DSP0001608,CMP0019,2023-08-11,29833,216,447.50
DSP0001609,CMP0019,2023-08-12,20018,213,300.28
DSP0001610,CMP0019,2023-08-13,18465,128,276.98
DSP0001611,CMP0019,2023-08-14,18354,174,275.31
DSP0001612,CMP0019,2023-08-15,28667,277,430.01
DSP0001613,CMP0019,2023-08-16,17687,118,265.31
DSP0001614,CMP0019,2023-08-17,26206,247,393.10
DSP0001615,CMP0019,2023-08-18,23761,201,356.42
DSP0001616,CMP0019,2023-08-19,24475,174,367.13
DSP0001617,CMP0019,2023-08-20,29832,225,447.49
DSP0001618,CMP0019,2023-08-21,18318,199,274.78
DSP0001619,CMP0019,2023-08-22,24600,171,369.00
DSP0001620,CMP0019,2023-08-23,17567,140,263.51
DSP0001621,CMP0019,2023-08-24,21954,152,329.31
DSP0001622,CMP0019,2023-08-25,16240,147,243.61
DSP0001623,CMP0019,2023-08-26,24404,241,366.06
DSP0001624,CMP0019,2023-08-27,27640,320,414.60
DSP0001625,CMP0019,2023-08-28,25438,271,381.57
DSP0001626,CMP0019,2023-08-29,24839,201,372.59
DSP0001627,CMP0019,2023-08-30,30052,272,450.79
DSP0001628,CMP0019,2023-08-31,28806,206,432.09
DSP0001629,CMP0019,2023-09-01,26521,291,397.82
DSP0001630,CMP0019,2023-09-02,27963,323,419.45
DSP0001631,CMP0019,2023-09-03,25546,212,383.19
DSP0001632,CMP0019,2023-09-04,29206,213,438.10
DSP0001633,CMP0019,2023-09-05,27912,254,418.68
DSP0001634,CMP0019,2023-09-06,25229,173,378.44
DSP0001635,CMP0019,2023-09-07,25826,248,387.39
DSP0001636,CMP0019,2023-09-08,20816,178,312.24
DSP0001637,CMP0019,2023-09-09,23278,197,349.17
DSP0001638,CMP0019,2023-09-10,22480,145,337.21
DSP0001639,CMP0019,2023-09-11,21073,197,316.10
DSP0001640,CMP0019,2023-09-12,18712,130,280.69
DSP0001641,CMP0019,2023-09-13,28373,288,425.60
DSP0001642,CMP0019,2023-09-14,17344,120,260.16
DSP0001643,CMP0019,2023-09-15,19824,203,297.36
DSP0001644,CMP0019,2023-09-16,19714,162,295.72
DSP0001645,CMP0019,2023-09-17,28702,195,430.54
DSP0001646,CMP0019,2023-09-18,19616,129,294.25
DSP0001647,CMP0019,2023-09-19,26728,253,400.92
DSP0001648,CMP0019,2023-09-20,20978,145,314.68
DSP0001649,CMP0019,2023-09-21,18980,215,284.71
DSP0001650,CMP0019,2023-09-22,21499,227,322.49
DSP0001651,CMP0019,2023-09-23,24636,277,369.54
DSP0001652,CMP0019,2023-09-24,24287,232,364.31
DSP0001653,CMP0019,2023-09-25,20417,197,306.26
DSP0001654,CMP0019,2023-09-26,17584,115,263.77
DSP0001655,CMP0020,2025-04-18,42451,1363,382.06
DSP0001656,CMP0020,2025-04-19,36684,1102,330.16
DSP0001657,CMP0020,2025-04-20,50453,900,454.08
DSP0001658,CMP0020,2025-04-21,38374,994,345.37
DSP0001659,CMP0020,2025-04-22,58632,1157,527.69
DSP0001660,CMP0020,2025-04-23,45084,1215,405.76
DSP0001661,CMP0020,2025-04-24,55543,1336,499.89
DSP0001662,CMP0020,2025-04-25,59576,1805,536.19
DSP0001663,CMP0020,2025-04-26,55845,1729,502.61
DSP0001664,CMP0020,2025-04-27,58212,1426,523.91
DSP0001665,CMP0020,2025-04-28,59117,1437,532.06
DSP0001666,CMP0020,2025-04-29,42998,897,386.99
DSP0001667,CMP0020,2025-04-30,48902,1298,440.12
DSP0001668,CMP0020,2025-05-01,39884,1081,358.96
DSP0001669,CMP0020,2025-05-02,50698,1004,456.29
DSP0001670,CMP0020,2025-05-03,55444,1721,499.00
DSP0001671,CMP0020,2025-05-04,48758,1536,438.83
DSP0001672,CMP0020,2025-05-05,42530,1243,382.77
DSP0001673,CMP0020,2025-05-06,40612,786,365.51
DSP0001674,CMP0020,2025-05-07,52155,1537,469.40
DSP0001675,CMP0020,2025-05-08,50958,988,458.63
DSP0001676,CMP0020,2025-05-09,38362,1238,345.26
DSP0001677,CMP0020,2025-05-10,61896,1939,557.07
DSP0001678,CMP0020,2025-05-11,44555,781,401.00
DSP0001679,CMP0020,2025-05-12,34870,629,313.83
DSP0001680,CMP0020,2025-05-13,61490,1303,553.41
DSP0001681,CMP0020,2025-05-14,42661,997,383.95
DSP0001682,CMP0020,2025-05-15,43120,1221,388.08
DSP0001683,CMP0020,2025-05-16,43584,853,392.26
DSP0001684,CMP0020,2025-05-17,57702,1205,519.32
DSP0001685,CMP0020,2025-05-18,46964,1328,422.68
DSP0001686,CMP0020,2025-05-19,63495,1368,571.46
DSP0001687,CMP0020,2025-05-20,35616,783,320.55
DSP0001688,CMP0020,2025-05-21,50235,1297,452.12
DSP0001689,CMP0020,2025-05-22,37000,700,333.00
DSP0001690,CMP0020,2025-05-23,46502,1422,418.52
DSP0001691,CMP0020,2025-05-24,54315,1655,488.84
DSP0001692,CMP0020,2025-05-25,62757,1902,564.82
DSP0001693,CMP0020,2025-05-26,53243,954,479.19
DSP0001694,CMP0020,2025-05-27,46206,1137,415.86
DSP0001695,CMP0020,2025-05-28,62802,1570,565.22
DSP0001696,CMP0020,2025-05-29,63498,1757,571.49
DSP0001697,CMP0020,2025-05-30,47114,1305,424.03
DSP0001698,CMP0020,2025-05-31,37657,715,338.92
DSP0001699,CMP0020,2025-06-01,45144,1166,406.30
DSP0001700,CMP0020,2025-06-02,37024,747,333.22
DSP0001701,CMP0020,2025-06-03,60704,1458,546.34
DSP0001702,CMP0020,2025-06-04,56244,1146,506.20
DSP0001703,CMP0020,2025-06-05,57003,1313,513.03
DSP0001704,CMP0020,2025-06-06,55674,1048,501.07
DSP0001705,CMP0020,2025-06-07,38841,773,349.57
DSP0001706,CMP0020,2025-06-08,52785,1632,475.07
DSP0001707,CMP0020,2025-06-09,40786,1205,367.08
DSP0001708,CMP0020,2025-06-10,50557,1010,455.02
DSP0001709,CMP0020,2025-06-11,50425,1170,453.83
DSP0001710,CMP0020,2025-06-12,44583,1420,401.25
DSP0001711,CMP0020,2025-06-13,43125,1108,388.13
DSP0001712,CMP0020,2025-06-14,40994,988,368.95
DSP0001713,CMP0020,2025-06-15,36644,1087,329.80
DSP0001714,CMP0020,2025-06-16,58801,1802,529.21
DSP0001715,CMP0020,2025-06-17,51901,1320,467.11
DSP0001716,CMP0020,2025-06-18,63006,1793,567.06
DSP0001717,CMP0020,2025-06-19,63656,1763,572.91
DSP0001718,CMP0020,2025-06-20,57602,1541,518.42
DSP0001719,CMP0020,2025-06-21,60210,1256,541.89
DSP0001720,CMP0020,2025-06-22,37251,672,335.26
DSP0001721,CMP0020,2025-06-23,36388,846,327.50
DSP0001722,CMP0020,2025-06-24,54977,1055,494.80
DSP0001723,CMP0020,2025-06-25,55343,1498,498.09
DSP0001724,CMP0020,2025-06-26,60240,1632,542.16
DSP0001725,CMP0020,2025-06-27,61200,1913,550.80
DSP0001726,CMP0020,2025-06-28,62122,1191,559.10
DSP0001727,CMP0020,2025-06-29,41996,812,377.97
DSP0001728,CMP0020,2025-06-30,58791,1879,529.12
DSP0001729,CMP0020,2025-07-01,42350,814,381.15
DSP0001730,CMP0020,2025-07-02,54336,1163,489.03
DSP0001731,CMP0020,2025-07-03,53284,1704,479.56
DSP0001732,CMP0020,2025-07-04,63101,1862,567.91
DSP0001733,CMP0020,2025-07-05,54077,1201,486.70
DSP0001734,CMP0020,2025-07-06,47473,1283,427.26
DSP0001735,CMP0020,2025-07-07,42864,842,385.78
DSP0001736,CMP0020,2025-07-08,63272,1775,569.45
DSP0001737,CMP0020,2025-07-09,38224,1218,344.02
DSP0001738,CMP0020,2025-07-10,49993,1431,449.94
DSP0001739,CMP0020,2025-07-11,58156,1378,523.41
DSP0001740,CMP0020,2025-07-12,61972,1949,557.75
DSP0001741,CMP0020,2025-07-13,57212,1038,514.91
DSP0001742,CMP0020,2025-07-14,40533,777,364.80
DSP0001743,CMP0020,2025-07-15,44304,782,398.74
DSP0001744,CMP0020,2025-07-16,43664,1211,392.98
DSP0001745,CMP0020,2025-07-17,43255,936,389.30
DSP0001746,CMP0020,2025-07-18,60661,1300,545.95
DSP0001747,CMP0020,2025-07-19,61492,1266,553.43
DSP0001748,CMP0020,2025-07-20,51463,1449,463.17
DSP0001749,CMP0020,2025-07-21,55111,1505,496.00
DSP0001750,CMP0020,2025-07-22,61285,1623,551.57
DSP0001751,CMP0020,2025-07-23,57662,1098,518.96
DSP0001752,CMP0020,2025-07-24,49103,1462,441.93
DSP0001753,CMP0020,2025-07-25,44152,1045,397.37
DSP0001754,CMP0020,2025-07-26,54548,1163,490.94
DSP0001755,CMP0020,2025-07-27,64164,1644,577.48
DSP0001756,CMP0020,2025-07-28,50138,1055,451.25
DSP0001757,CMP0020,2025-07-29,49644,933,446.80
DSP0001758,CMP0020,2025-07-30,60347,1638,543.13
DSP0001759,CMP0020,2025-07-31,57277,1793,515.50
DSP0001760,CMP0020,2025-08-01,38167,1069,343.51
DSP0001761,CMP0020,2025-08-02,38788,1180,349.10
DSP0001762,CMP0020,2025-08-03,45756,1450,411.81
DSP0001763,CMP0020,2025-08-04,48828,1469,439.46
DSP0001764,CMP0020,2025-08-05,48873,1066,439.86
DSP0001765,CMP0020,2025-08-06,55268,1112,497.42
DSP0001766,CMP0020,2025-08-07,60602,1218,545.42
DSP0001767,CMP0020,2025-08-08,60541,1173,544.87
DSP0001768,CMP0020,2025-08-09,38127,1067,343.15
DSP0001769,CMP0020,2025-08-10,40173,1093,361.56
DSP0001770,CMP0020,2025-08-11,35238,796,317.15
DSP0001771,CMP0020,2025-08-12,63544,1476,571.90
DSP0001772,CMP0020,2025-08-13,41574,1251,374.17
DSP0001773,CMP0020,2025-08-14,41483,1235,373.35
DSP0001774,CMP0020,2025-08-15,45245,930,407.21
DSP0001775,CMP0020,2025-08-16,35235,851,317.12
DSP0001776,CMP0020,2025-08-17,53240,1277,479.16
DSP0001777,CMP0020,2025-08-18,53068,1632,477.62
DSP0001778,CMP0020,2025-08-19,62520,1967,562.68
DSP0001779,CMP0020,2025-08-20,52235,1266,470.12
DSP0001780,CMP0020,2025-08-21,42108,1150,378.98
DSP0001781,CMP0020,2025-08-22,38942,784,350.48
DSP0001782,CMP0020,2025-08-23,56715,1416,510.44
DSP0001783,CMP0020,2025-08-24,46817,1404,421.36
DSP0001784,CMP0020,2025-08-25,63337,1188,570.04
DSP0001785,CMP0020,2025-08-26,57752,1092,519.77
DSP0001786,CMP0020,2025-08-27,50520,988,454.68
DSP0001787,CMP0020,2025-08-28,42656,780,383.91
DSP0001788,CMP0021,2024-07-16,22220,770,399.97
DSP0001789,CMP0021,2024-07-17,30882,897,555.88
DSP0001790,CMP0021,2024-07-18,35816,1308,644.69
DSP0001791,CMP0021,2024-07-19,34183,1072,615.31
DSP0001792,CMP0021,2024-07-20,32817,1481,590.71
DSP0001793,CMP0021,2024-07-21,23230,920,418.14
DSP0001794,CMP0021,2024-07-22,26691,791,480.45
DSP0001795,CMP0021,2024-07-23,24682,948,444.28
DSP0001796,CMP0021,2024-07-24,33343,1389,600.19
DSP0001797,CMP0021,2024-07-25,26565,693,478.17
DSP0001798,CMP0021,2024-07-26,22987,610,413.78
DSP0001799,CMP0021,2024-07-27,25473,1125,458.52
DSP0001800,CMP0021,2024-07-28,32910,814,592.38
DSP0001801,CMP0021,2024-07-29,32048,1403,576.88
DSP0001802,CMP0021,2024-07-30,30387,1115,546.97
DSP0001803,CMP0021,2024-07-31,27822,1085,500.80
DSP0001804,CMP0021,2024-08-01,21045,612,378.82
DSP0001805,CMP0021,2024-08-02,19888,681,358.00
DSP0001806,CMP0021,2024-08-03,24338,879,438.09
DSP0001807,CMP0021,2024-08-04,23642,1009,425.56
DSP0001808,CMP0021,2024-08-05,23002,914,414.05
DSP0001809,CMP0021,2024-08-06,33282,1293,599.08
DSP0001810,CMP0021,2024-08-07,36065,950,649.17
DSP0001811,CMP0021,2024-08-08,20692,855,372.47
DSP0001812,CMP0021,2024-08-09,20805,617,374.50
DSP0001813,CMP0021,2024-08-10,36042,1029,648.76
DSP0001814,CMP0021,2024-08-11,34909,1013,628.37
DSP0001815,CMP0021,2024-08-12,28815,1027,518.67
DSP0001816,CMP0021,2024-08-13,24405,842,439.30
DSP0001817,CMP0021,2024-08-14,19736,773,355.26
DSP0001818,CMP0021,2024-08-15,33319,1214,599.75
DSP0001819,CMP0021,2024-08-16,24949,633,449.09
DSP0001820,CMP0021,2024-08-17,33362,1259,600.52
DSP0001821,CMP0021,2024-08-18,27270,804,490.87
DSP0001822,CMP0021,2024-08-19,19925,782,358.66
DSP0001823,CMP0021,2024-08-20,25146,943,452.64
DSP0001824,CMP0021,2024-08-21,30868,871,555.64
DSP0001825,CMP0021,2024-08-22,26756,919,481.61
DSP0001826,CMP0021,2024-08-23,35855,1253,645.39
DSP0001827,CMP0021,2024-08-24,28212,1274,507.82
DSP0001828,CMP0021,2024-08-25,21145,888,380.61
DSP0001829,CMP0021,2024-08-26,32751,960,589.52
DSP0001830,CMP0021,2024-08-27,30451,935,548.13
DSP0001831,CMP0021,2024-08-28,20703,779,372.66
DSP0001832,CMP0021,2024-08-29,23078,725,415.41
DSP0001833,CMP0021,2024-08-30,33315,1107,599.67
DSP0001834,CMP0021,2024-08-31,35829,1481,644.93
DSP0001835,CMP0021,2024-09-01,32158,1046,578.86
DSP0001836,CMP0021,2024-09-02,34804,1385,626.48
DSP0001837,CMP0021,2024-09-03,22763,603,409.75
DSP0001838,CMP0021,2024-09-04,35729,1157,643.13
DSP0001839,CMP0021,2024-09-05,35420,1347,637.57
DSP0001840,CMP0021,2024-09-06,33040,958,594.72
DSP0001841,CMP0021,2024-09-07,33890,1451,610.03
DSP0001842,CMP0021,2024-09-08,33774,1475,607.94
DSP0001843,CMP0021,2024-09-09,30591,835,550.64
DSP0001844,CMP0021,2024-09-10,25469,822,458.45
DSP0001845,CMP0021,2024-09-11,33624,1077,605.24
DSP0001846,CMP0021,2024-09-12,35987,1363,647.78
DSP0001847,CMP0021,2024-09-13,29051,858,522.93
DSP0001848,CMP0021,2024-09-14,28321,894,509.78
DSP0001849,CMP0021,2024-09-15,31310,1102,563.58
DSP0001850,CMP0021,2024-09-16,23712,628,426.82
DSP0001851,CMP0021,2024-09-17,22019,639,396.35
DSP0001852,CMP0021,2024-09-18,28215,1005,507.88
DSP0001853,CMP0021,2024-09-19,30307,1033,545.54
DSP0001854,CMP0021,2024-09-20,23912,824,430.43
DSP0001855,CMP0021,2024-09-21,30122,798,542.21
DSP0001856,CMP0021,2024-09-22,24683,980,444.30
DSP0001857,CMP0021,2024-09-23,22595,779,406.72
DSP0001858,CMP0021,2024-09-24,27603,1128,496.87
DSP0001859,CMP0021,2024-09-25,28102,1145,505.85
DSP0001860,CMP0021,2024-09-26,31942,830,574.97
DSP0001861,CMP0021,2024-09-27,36288,1378,653.20
DSP0001862,CMP0021,2024-09-28,29385,1027,528.93
DSP0001863,CMP0021,2024-09-29,32217,1108,579.91
DSP0001864,CMP0021,2024-09-30,30735,899,553.24
DSP0001865,CMP0021,2024-10-01,34380,891,618.85
DSP0001866,CMP0021,2024-10-02,26756,814,481.61
DSP0001867,CMP0021,2024-10-03,34259,991,616.67
DSP0001868,CMP0021,2024-10-04,29182,1143,525.29
DSP0001869,CMP0021,2024-10-05,23622,824,425.21
DSP0001870,CMP0021,2024-10-06,32073,1152,577.33
DSP0001871,CMP0021,2024-10-07,31812,1333,572.62
DSP0001872,CMP0021,2024-10-08,33413,1225,601.44
DSP0001873,CMP0021,2024-10-09,28806,1021,518.51
DSP0001874,CMP0021,2024-10-10,24779,763,446.03
DSP0001875,CMP0021,2024-10-11,34677,1501,624.19
DSP0001876,CMP0021,2024-10-12,22393,619,403.08
DSP0001877,CMP0021,2024-10-13,23340,1059,420.12
DSP0001878,CMP0021,2024-10-14,31854,926,573.38
DSP0001879,CMP0021,2024-10-15,32460,1101,584.29
DSP0001880,CMP0021,2024-10-16,35864,1386,645.56
DSP0001881,CMP0021,2024-10-17,28369,1045,510.65
DSP0001882,CMP0021,2024-10-18,30302,800,545.45
DSP0001883,CMP0021,2024-10-19,32280,844,581.05
DSP0001884,CMP0021,2024-10-20,30724,782,553.04
DSP0001885,CMP0021,2024-10-21,26373,999,474.73
DSP0001886,CMP0021,2024-10-22,27191,699,489.44
DSP0001887,CMP0021,2024-10-23,25036,799,450.66
DSP0001888,CMP0021,2024-10-24,31462,1018,566.33
DSP0001889,CMP0021,2024-10-25,26313,936,473.65
DSP0001890,CMP0021,2024-10-26,31269,986,562.85
DSP0001891,CMP0021,2024-10-27,34418,1211,619.53
DSP0001892,CMP0021,2024-10-28,25980,1044,467.64
DSP0001893,CMP0021,2024-10-29,24341,856,438.15
DSP0001894,CMP0021,2024-10-30,24897,777,448.16
DSP0001895,CMP0021,2024-10-31,33987,1530,611.77
DSP0001896,CMP0021,2024-11-01,20752,767,373.54
DSP0001897,CMP0021,2024-11-02,31449,781,566.09
DSP0001898,CMP0021,2024-11-03,28293,884,509.29
DSP0001899,CMP0021,2024-11-04,32344,1380,582.20
DSP0001900,CMP0021,2024-11-05,35596,1088,640.74
DSP0001901,CMP0021,2024-11-06,29022,1161,522.40
DSP0001902,CMP0021,2024-11-07,33605,1418,604.89
DSP0001903,CMP0021,2024-11-08,21402,843,385.24
DSP0001904,CMP0021,2024-11-09,27647,721,497.65
DSP0001905,CMP0021,2024-11-10,27233,1202,490.21
DSP0001906,CMP0021,2024-11-11,34992,967,629.87
DSP0001907,CMP0021,2024-11-12,21859,777,393.47
DSP0001908,CMP0021,2024-11-13,20000,693,360.00
DSP0001909,CMP0021,2024-11-14,36444,1521,656.00
DSP0001910,CMP0021,2024-11-15,20260,903,364.69
DSP0001911,CMP0021,2024-11-16,24592,736,442.67
DSP0001912,CMP0021,2024-11-17,22142,716,398.57
DSP0001913,CMP0021,2024-11-18,33297,1228,599.36
DSP0001914,CMP0021,2024-11-19,24177,623,435.20
DSP0001915,CMP0021,2024-11-20,31687,1220,570.38
DSP0001916,CMP0021,2024-11-21,29931,920,538.76
DSP0001917,CMP0021,2024-11-22,26817,853,482.72
DSP0001918,CMP0021,2024-11-23,22237,947,400.28
DSP0001919,CMP0021,2024-11-24,19851,850,357.32
DSP0001920,CMP0021,2024-11-25,23850,950,429.30
DSP0001921,CMP0021,2024-11-26,19933,799,358.80
DSP0001922,CMP0021,2024-11-27,36462,1439,656.33
DSP0001923,CMP0021,2024-11-28,34027,1212,612.49
DSP0001924,CMP0021,2024-11-29,35031,1482,630.56
DSP0001925,CMP0021,2024-11-30,36164,1206,650.96
DSP0001926,CMP0022,2024-11-26,63663,826,700.30
DSP0001927,CMP0022,2024-11-27,52647,1148,579.12
DSP0001928,CMP0022,2024-11-28,46326,658,509.59
DSP0001929,CMP0022,2024-11-29,47413,946,521.55
DSP0001930,CMP0022,2024-11-30,58632,799,644.96
DSP0001931,CMP0022,2024-12-01,41683,688,458.52
DSP0001932,CMP0022,2024-12-02,67995,1526,747.95
DSP0001933,CMP0022,2024-12-03,46509,1056,511.60
DSP0001934,CMP0022,2024-12-04,49682,1088,546.51
DSP0001935,CMP0022,2024-12-05,43683,922,480.52
DSP0001936,CMP0022,2024-12-06,66928,1321,736.21
DSP0001937,CMP0022,2024-12-07,42517,953,467.69
DSP0001938,CMP0022,2024-12-08,49040,1025,539.44
DSP0001939,CMP0022,2024-12-09,43939,819,483.33
DSP0001940,CMP0022,2024-12-10,48200,932,530.20
DSP0001941,CMP0022,2024-12-11,46382,607,510.21
DSP0001942,CMP0022,2024-12-12,62425,1055,686.68
DSP0001943,CMP0022,2024-12-13,70010,1220,770.12
DSP0001944,CMP0022,2024-12-14,64498,1053,709.48
DSP0001945,CMP0022,2024-12-15,55791,980,613.71
DSP0001946,CMP0022,2024-12-16,56403,1205,620.44
DSP0001947,CMP0022,2024-12-17,51951,1080,571.47
DSP0001948,CMP0022,2024-12-18,50732,691,558.06
DSP0001949,CMP0022,2024-12-19,49252,1113,541.78
DSP0001950,CMP0022,2024-12-20,68896,1263,757.86
DSP0001951,CMP0022,2024-12-21,63412,1342,697.54
DSP0001952,CMP0022,2024-12-22,52309,866,575.40
DSP0001953,CMP0022,2024-12-23,59917,1095,659.09
DSP0001954,CMP0022,2024-12-24,64909,1058,714.00
DSP0001955,CMP0022,2024-12-25,59964,994,659.61
DSP0001956,CMP0022,2024-12-26,47855,771,526.41
DSP0001957,CMP0022,2024-12-27,55631,994,611.95
DSP0001958,CMP0022,2024-12-28,46515,973,511.67
DSP0001959,CMP0022,2024-12-29,41103,791,452.14
DSP0001960,CMP0022,2024-12-30,51600,789,567.61
DSP0001961,CMP0022,2024-12-31,65634,1133,721.98
DSP0001962,CMP0022,2025-01-01,46145,980,507.60
DSP0001963,CMP0022,2025-01-02,55199,805,607.19
DSP0001964,CMP0022,2025-01-03,57039,1244,627.43
DSP0001965,CMP0022,2025-01-04,53682,760,590.51
DSP0001966,CMP0022,2025-01-05,54998,773,604.98
DSP0001967,CMP0022,2025-01-06,60601,788,666.62
DSP0001968,CMP0022,2025-01-07,49397,962,543.37
DSP0001969,CMP0022,2025-01-08,48938,644,538.32
DSP0001970,CMP0022,2025-01-09,68355,1164,751.91
DSP0001971,CMP0022,2025-01-10,60144,821,661.59
DSP0001972,CMP0022,2025-01-11,50521,739,555.74
DSP0001973,CMP0022,2025-01-12,59768,1075,657.45
DSP0001974,CMP0023,2023-12-07,35456,166,230.47
DSP0001975,CMP0023,2023-12-08,34393,221,223.56
DSP0001976,CMP0023,2023-12-09,30383,219,197.49
DSP0001977,CMP0023,2023-12-10,37233,176,242.02
DSP0001978,CMP0023,2023-12-11,36933,192,240.07
DSP0001979,CMP0023,2023-12-12,35909,182,233.41
DSP0001980,CMP0023,2023-12-13,30407,152,197.65
DSP0001981,CMP0023,2023-12-14,39961,204,259.75
DSP0001982,CMP0023,2023-12-15,21812,142,141.78
DSP0001983,CMP0023,2023-12-16,27592,135,179.35
DSP0001984,CMP0023,2023-12-17,24952,176,162.19
DSP0001985,CMP0023,2023-12-18,29367,136,190.89
DSP0001986,CMP0023,2023-12-19,34604,163,224.93
DSP0001987,CMP0023,2023-12-20,34820,147,226.33
DSP0001988,CMP0023,2023-12-21,24963,177,162.26
DSP0001989,CMP0023,2023-12-22,36869,248,239.65
DSP0001990,CMP0023,2023-12-23,29601,138,192.41
DSP0001991,CMP0023,2023-12-24,35103,165,228.17
DSP0001992,CMP0023,2023-12-25,22724,122,147.71
DSP0001993,CMP0023,2023-12-26,32116,209,208.76
DSP0001994,CMP0023,2023-12-27,30078,132,195.51
DSP0001995,CMP0023,2023-12-28,28461,154,185.00
DSP0001996,CMP0023,2023-12-29,23649,123,153.72
DSP0001997,CMP0023,2023-12-30,29509,175,191.81
DSP0001998,CMP0023,2023-12-31,29750,227,193.38
DSP0001999,CMP0023,2024-01-01,28903,124,187.87
DSP0002000,CMP0023,2024-01-02,30481,183,198.13
DSP0002001,CMP0023,2024-01-03,36424,154,236.76
DSP0002002,CMP0023,2024-01-04,34235,219,222.53
DSP0002003,CMP0023,2024-01-05,31587,223,205.32
DSP0002004,CMP0023,2024-01-06,22210,150,144.37
DSP0002005,CMP0023,2024-01-07,39020,293,253.63
DSP0002006,CMP0023,2024-01-08,39458,181,256.48
DSP0002007,CMP0023,2024-01-09,25501,181,165.76
DSP0002008,CMP0023,2024-01-10,32215,145,209.40
DSP0002009,CMP0023,2024-01-11,37598,172,244.39
DSP0002010,CMP0023,2024-01-12,22036,160,143.24
DSP0002011,CMP0023,2024-01-13,33561,244,218.15
DSP0002012,CMP0023,2024-01-14,26036,115,169.24
DSP0002013,CMP0023,2024-01-15,29606,194,192.44
DSP0002014,CMP0023,2024-01-16,25113,108,163.24
DSP0002015,CMP0023,2024-01-17,33640,257,218.66
DSP0002016,CMP0023,2024-01-18,27984,158,181.90
DSP0002017,CMP0023,2024-01-19,37558,252,244.13
DSP0002018,CMP0023,2024-01-20,27470,150,178.56
DSP0002019,CMP0023,2024-01-21,25873,150,168.18
DSP0002020,CMP0023,2024-01-22,38806,295,252.24
DSP0002021,CMP0023,2024-01-23,29956,163,194.72
DSP0002022,CMP0023,2024-01-24,35656,200,231.77
DSP0002023,CMP0023,2024-01-25,28341,130,184.22
DSP0002024,CMP0023,2024-01-26,36847,193,239.51
DSP0002025,CMP0023,2024-01-27,36032,163,234.21
DSP0002026,CMP0023,2024-01-28,38500,229,250.25
DSP0002027,CMP0023,2024-01-29,21735,122,141.28
DSP0002028,CMP0023,2024-01-30,32120,174,208.78
DSP0002029,CMP0023,2024-01-31,28367,163,184.39
DSP0002030,CMP0023,2024-02-01,37821,252,245.84
DSP0002031,CMP0023,2024-02-02,37075,266,240.99
DSP0002032,CMP0023,2024-02-03,26775,151,174.04
DSP0002033,CMP0023,2024-02-04,23653,153,153.75
DSP0002034,CMP0023,2024-02-05,32761,172,212.95
DSP0002035,CMP0023,2024-02-06,28253,139,183.65
DSP0002036,CMP0023,2024-02-07,27130,129,176.35
DSP0002037,CMP0023,2024-02-08,34032,227,221.21
DSP0002038,CMP0023,2024-02-09,33210,208,215.87
DSP0002039,CMP0023,2024-02-10,28330,173,184.15
DSP0002040,CMP0023,2024-02-11,30260,136,196.69
DSP0002041,CMP0023,2024-02-12,33700,262,219.05
DSP0002042,CMP0023,2024-02-13,34498,265,224.24
DSP0002043,CMP0023,2024-02-14,37140,259,241.41
DSP0002044,CMP0023,2024-02-15,25090,121,163.09
DSP0002045,CMP0023,2024-02-16,22858,172,148.58
DSP0002046,CMP0023,2024-02-17,35612,180,231.48
DSP0002047,CMP0023,2024-02-18,36078,273,234.51
DSP0002048,CMP0023,2024-02-19,25161,147,163.55
DSP0002049,CMP0023,2024-02-20,25766,115,167.48
DSP0002050,CMP0023,2024-02-21,36495,199,237.22
DSP0002051,CMP0023,2024-02-22,39844,252,258.99
DSP0002052,CMP0023,2024-02-23,36223,218,235.45
DSP0002053,CMP0023,2024-02-24,29623,207,192.55
DSP0002054,CMP0023,2024-02-25,36695,192,238.52
DSP0002055,CMP0023,2024-02-26,22863,176,148.61
DSP0002056,CMP0023,2024-02-27,27853,158,181.05
DSP0002057,CMP0023,2024-02-28,33750,241,219.38
DSP0002058,CMP0023,2024-02-29,38309,228,249.01
DSP0002059,CMP0023,2024-03-01,27401,150,178.11
DSP0002060,CMP0023,2024-03-02,39243,258,255.08
DSP0002061,CMP0023,2024-03-03,28253,211,183.65
DSP0002062,CMP0023,2024-03-04,26221,123,170.44
DSP0002063,CMP0023,2024-03-05,24649,127,160.22
DSP0002064,CMP0023,2024-03-06,29853,146,194.05
DSP0002065,CMP0023,2024-03-07,30404,138,197.63
DSP0002066,CMP0023,2024-03-08,31993,161,207.96
DSP0002067,CMP0023,2024-03-09,24387,167,158.52
DSP0002068,CMP0023,2024-03-10,35986,234,233.91
DSP0002069,CMP0023,2024-03-11,25586,156,166.31
DSP0002070,CMP0023,2024-03-12,29453,221,191.45
DSP0002071,CMP0024,2024-03-23,28168,219,422.52
DSP0002072,CMP0024,2024-03-24,23630,226,354.45
DSP0002073,CMP0024,2024-03-25,25276,283,379.15
DSP0002074,CMP0024,2024-03-26,34316,239,514.74
DSP0002075,CMP0024,2024-03-27,30815,341,462.23
DSP0002076,CMP0024,2024-03-28,25338,246,380.07
DSP0002077,CMP0024,2024-03-29,32041,284,480.62
DSP0002078,CMP0024,2024-03-30,24498,283,367.47
DSP0002079,CMP0024,2024-03-31,37578,429,563.67
DSP0002080,CMP0024,2024-04-01,22526,157,337.89
DSP0002081,CMP0024,2024-04-02,32782,223,491.73
DSP0002082,CMP0024,2024-04-03,37376,416,560.65
DSP0002083,CMP0024,2024-04-04,34194,276,512.92
DSP0002084,CMP0024,2024-04-05,36438,336,546.58
DSP0002085,CMP0024,2024-04-06,22612,155,339.19
DSP0002086,CMP0024,2024-04-07,35797,357,536.96
DSP0002087,CMP0024,2024-04-08,24111,240,361.67
DSP0002088,CMP0024,2024-04-09,25438,204,381.58
DSP0002089,CMP0024,2024-04-10,33028,214,495.42
DSP0002090,CMP0024,2024-04-11,35518,293,532.77
DSP0002091,CMP0024,2024-04-12,26897,243,403.46
DSP0002092,CMP0024,2024-04-13,33786,387,506.79
DSP0002093,CMP0024,2024-04-14,26545,180,398.18
DSP0002094,CMP0024,2024-04-15,38594,439,578.91
DSP0002095,CMP0024,2024-04-16,34203,327,513.05
DSP0002096,CMP0024,2024-04-17,27051,237,405.77
DSP0002097,CMP0024,2024-04-18,24744,185,371.16
DSP0002098,CMP0024,2024-04-19,38647,358,579.71
DSP0002099,CMP0024,2024-04-20,22326,218,334.89
DSP0002100,CMP0024,2024-04-21,22871,165,343.07
DSP0002101,CMP0024,2024-04-22,36041,252,540.62
DSP0002102,CMP0024,2024-04-23,22696,188,340.45
DSP0002103,CMP0024,2024-04-24,26978,184,404.68
DSP0002104,CMP0024,2024-04-25,35584,387,533.76
DSP0002105,CMP0024,2024-04-26,39098,411,586.47
DSP0002106,CMP0024,2024-04-27,21308,151,319.63
DSP0002107,CMP0024,2024-04-28,35202,341,528.03
DSP0002108,CMP0024,2024-04-29,25805,194,387.08
DSP0002109,CMP0024,2024-04-30,36185,385,542.78
DSP0002110,CMP0024,2024-05-01,30733,342,461.00
DSP0002111,CMP0024,2024-05-02,37379,369,560.69
DSP0002112,CMP0024,2024-05-03,32136,240,482.04
DSP0002113,CMP0024,2024-05-04,38774,389,581.61
DSP0002114,CMP0024,2024-05-05,37648,277,564.73
DSP0002115,CMP0024,2024-05-06,33605,217,504.08
DSP0002116,CMP0024,2024-05-07,35623,379,534.35
DSP0002117,CMP0024,2024-05-08,36304,281,544.57
DSP0002118,CMP0024,2024-05-09,33254,234,498.82
DSP0002119,CMP0024,2024-05-10,29729,297,445.94
DSP0002120,CMP0024,2024-05-11,23380,222,350.70
DSP0002121,CMP0024,2024-05-12,38424,418,576.36
DSP0002122,CMP0024,2024-05-13,27344,277,410.16
DSP0002123,CMP0024,2024-05-14,34321,386,514.82
DSP0002124,CMP0024,2024-05-15,24082,169,361.23
DSP0002125,CMP0024,2024-05-16,23318,187,349.77
DSP0002126,CMP0024,2024-05-17,22930,183,343.96
DSP0002127,CMP0024,2024-05-18,27960,222,419.41
DSP0002128,CMP0024,2024-05-19,36677,306,550.16
DSP0002129,CMP0024,2024-05-20,28184,306,422.76
DSP0002130,CMP0024,2024-05-21,29655,242,444.83
DSP0002131,CMP0024,2024-05-22,31728,219,475.92
DSP0002132,CMP0024,2024-05-23,26178,165,392.67
DSP0002133,CMP0024,2024-05-24,26679,188,400.19
DSP0002134,CMP0024,2024-05-25,26777,309,401.66
DSP0002135,CMP0024,2024-05-26,30079,271,451.19
DSP0002136,CMP0024,2024-05-27,37513,338,562.70
DSP0002137,CMP0024,2024-05-28,32677,365,490.16
DSP0002138,CMP0024,2024-05-29,33279,315,499.19
DSP0002139,CMP0024,2024-05-30,29076,212,436.15
DSP0002140,CMP0024,2024-05-31,30046,306,450.70
DSP0002141,CMP0024,2024-06-01,27516,242,412.75
DSP0002142,CMP0024,2024-06-02,25891,230,388.37
DSP0002143,CMP0024,2024-06-03,36259,372,543.89
DSP0002144,CMP0024,2024-06-04,32022,295,480.33
DSP0002145,CMP0024,2024-06-05,33157,251,497.36
DSP0002146,CMP0024,2024-06-06,34725,340,520.88
DSP0002147,CMP0024,2024-06-07,28901,230,433.52
DSP0002148,CMP0024,2024-06-08,26060,284,390.91
DSP0002149,CMP0024,2024-06-09,38352,267,575.28
DSP0002150,CMP0024,2024-06-10,26241,306,393.62
DSP0002151,CMP0024,2024-06-11,25734,209,386.01
DSP0002152,CMP0024,2024-06-12,25035,193,375.53
DSP0002153,CMP0024,2024-06-13,38293,302,574.40
DSP0002154,CMP0024,2024-06-14,36968,269,554.52
DSP0002155,CMP0024,2024-06-15,32878,379,493.18
DSP0002156,CMP0024,2024-06-16,21748,147,326.23
DSP0002157,CMP0024,2024-06-17,28874,220,433.11
DSP0002158,CMP0024,2024-06-18,29454,274,441.81
DSP0002159,CMP0024,2024-06-19,28033,193,420.50
DSP0002160,CMP0024,2024-06-20,25397,238,380.96
DSP0002161,CMP0024,2024-06-21,27774,270,416.62
DSP0002162,CMP0024,2024-06-22,25033,238,375.50
DSP0002163,CMP0024,2024-06-23,35330,289,529.95
DSP0002164,CMP0024,2024-06-24,37745,252,566.18
DSP0002165,CMP0024,2024-06-25,38741,296,581.12
DSP0002166,CMP0024,2024-06-26,39290,346,589.35
DSP0002167,CMP0024,2024-06-27,23952,210,359.28
DSP0002168,CMP0024,2024-06-28,38611,434,579.17
DSP0002169,CMP0024,2024-06-29,25202,170,378.04
DSP0002170,CMP0024,2024-06-30,38334,257,575.01
DSP0002171,CMP0024,2024-07-01,37256,288,558.85
DSP0002172,CMP0024,2024-07-02,32170,320,482.56
DSP0002173,CMP0024,2024-07-03,37354,385,560.31
DSP0002174,CMP0024,2024-07-04,24156,225,362.35
DSP0002175,CMP0024,2024-07-05,36768,331,551.53
DSP0002176,CMP0024,2024-07-06,33878,389,508.17
DSP0002177,CMP0024,2024-07-07,36850,331,552.76
DSP0002178,CMP0024,2024-07-08,39116,405,586.75
DSP0002179,CMP0024,2024-07-09,33013,243,495.20
DSP0002180,CMP0024,2024-07-10,31394,244,470.91
DSP0002181,CMP0024,2024-07-11,36954,372,554.32
DSP0002182,CMP0024,2024-07-12,34465,304,516.98
DSP0002183,CMP0024,2024-07-13,29785,263,446.78
DSP0002184,CMP0024,2024-07-14,37284,274,559.26
DSP0002185,CMP0024,2024-07-15,37501,353,562.52
DSP0002186,CMP0024,2024-07-16,30302,265,454.53
DSP0002187,CMP0024,2024-07-17,27982,318,419.74
DSP0002188,CMP0024,2024-07-18,22542,150,338.14
DSP0002189,CMP0024,2024-07-19,21908,196,328.63
DSP0002190,CMP0024,2024-07-20,38141,296,572.12
DSP0002191,CMP0024,2024-07-21,35980,376,539.70
DSP0002192,CMP0024,2024-07-22,22896,259,343.45
DSP0002193,CMP0024,2024-07-23,31278,223,469.17
DSP0002194,CMP0024,2024-07-24,27544,251,413.17
DSP0002195,CMP0024,2024-07-25,37218,299,558.28
DSP0002196,CMP0024,2024-07-26,37382,299,560.74
DSP0002197,CMP0024,2024-07-27,22784,254,341.77
DSP0002198,CMP0024,2024-07-28,22670,206,340.06
DSP0002199,CMP0024,2024-07-29,34863,336,522.95
DSP0002200,CMP0024,2024-07-30,26588,245,398.83
DSP0002201,CMP0024,2024-07-31,24728,276,370.93
DSP0002202,CMP0024,2024-08-01,35489,380,532.34
DSP0002203,CMP0024,2024-08-02,38077,293,571.16
DSP0002204,CMP0024,2024-08-03,29178,216,437.67
DSP0002205,CMP0024,2024-08-04,30848,281,462.72
DSP0002206,CMP0024,2024-08-05,36382,411,545.74
DSP0002207,CMP0024,2024-08-06,21596,196,323.94
DSP0002208,CMP0024,2024-08-07,34972,379,524.59
DSP0002209,CMP0024,2024-08-08,24988,191,374.82
DSP0002210,CMP0024,2024-08-09,31962,256,479.44
DSP0002211,CMP0024,2024-08-10,22354,204,335.32
DSP0002212,CMP0024,2024-08-11,37473,263,562.10
DSP0002213,CMP0024,2024-08-12,35746,343,536.20
DSP0002214,CMP0025,2024-12-02,105950,2447,953.55
DSP0002215,CMP0025,2024-12-03,81596,1666,734.37
DSP0002216,CMP0025,2024-12-04,90525,2461,814.73
DSP0002217,CMP0025,2024-12-05,74345,1949,669.11
DSP0002218,CMP0025,2024-12-06,74046,2358,666.42
DSP0002219,CMP0025,2024-12-07,93033,2592,837.30
DSP0002220,CMP0025,2024-12-08,62654,1681,563.89
DSP0002221,CMP0025,2024-12-09,93823,2827,844.41
DSP0002222,CMP0025,2024-12-10,97134,2640,874.21
DSP0002223,CMP0025,2024-12-11,72740,1899,654.66
DSP0002224,CMP0025,2024-12-12,66891,1800,602.02
DSP0002225,CMP0025,2024-12-13,84516,1888,760.65
DSP0002226,CMP0025,2024-12-14,82218,1816,739.97
DSP0002227,CMP0025,2024-12-15,110103,3116,990.93
DSP0002228,CMP0025,2024-12-16,66428,1758,597.86
DSP0002229,CMP0025,2024-12-17,81201,2053,730.81
DSP0002230,CMP0025,2024-12-18,79121,2367,712.09
DSP0002231,CMP0025,2024-12-19,109968,2728,989.72
DSP0002232,CMP0025,2024-12-20,75206,1533,676.86
DSP0002233,CMP0025,2024-12-21,88395,1824,795.56
DSP0002234,CMP0025,2024-12-22,97286,3094,875.58
DSP0002235,CMP0025,2024-12-23,78324,1634,704.92
DSP0002236,CMP0025,2024-12-24,78733,1410,708.60
DSP0002237,CMP0025,2024-12-25,89311,2892,803.80
DSP0002238,CMP0025,2024-12-26,60418,1294,543.77
DSP0002239,CMP0025,2024-12-27,88846,2135,799.62
DSP0002240,CMP0025,2024-12-28,94527,2788,850.75
DSP0002241,CMP0025,2024-12-29,111387,2531,1002.49
DSP0002242,CMP0025,2024-12-30,66897,1273,602.08
DSP0002243,CMP0025,2024-12-31,75845,2375,682.61
DSP0002244,CMP0025,2025-01-01,81836,2524,736.53
DSP0002245,CMP0025,2025-01-02,105288,3258,947.60
DSP0002246,CMP0025,2025-01-03,88704,1993,798.34
DSP0002247,CMP0025,2025-01-04,83440,2223,750.96
DSP0002248,CMP0025,2025-01-05,82678,2256,744.11
DSP0002249,CMP0025,2025-01-06,99742,2085,897.68
DSP0002250,CMP0025,2025-01-07,77720,1583,699.48
DSP0002251,CMP0025,2025-01-08,67522,1944,607.70
DSP0002252,CMP0025,2025-01-09,69186,1443,622.68
DSP0002253,CMP0025,2025-01-10,85902,1523,773.12
DSP0002254,CMP0025,2025-01-11,79252,1787,713.27
DSP0002255,CMP0025,2025-01-12,90598,2433,815.39
DSP0002256,CMP0025,2025-01-13,69071,1563,621.64
DSP0002257,CMP0025,2025-01-14,98723,2026,888.51
DSP0002258,CMP0025,2025-01-15,110758,1976,996.83
DSP0002259,CMP0025,2025-01-16,78891,1925,710.02
DSP0002260,CMP0025,2025-01-17,71956,1973,647.61
DSP0002261,CMP0025,2025-01-18,93348,2914,840.14
DSP0002262,CMP0025,2025-01-19,85814,1637,772.33
DSP0002263,CMP0025,2025-01-20,64457,1968,580.12
DSP0002264,CMP0025,2025-01-21,83373,1511,750.36
DSP0002265,CMP0025,2025-01-22,97561,2622,878.05
DSP0002266,CMP0025,2025-01-23,83410,2412,750.69
DSP0002267,CMP0025,2025-01-24,60854,1503,547.69
DSP0002268,CMP0025,2025-01-25,71772,2309,645.95
DSP0002269,CMP0025,2025-01-26,91734,2700,825.61
DSP0002270,CMP0025,2025-01-27,87177,2341,784.60
DSP0002271,CMP0025,2025-01-28,93930,2159,845.37
DSP0002272,CMP0025,2025-01-29,62516,1886,562.65
DSP0002273,CMP0025,2025-01-30,63700,2054,573.30
DSP0002274,CMP0025,2025-01-31,94056,2882,846.51
DSP0002275,CMP0025,2025-02-01,72028,1530,648.26
DSP0002276,CMP0025,2025-02-02,108218,2656,973.97
DSP0002277,CMP0025,2025-02-03,102522,3064,922.70
DSP0002278,CMP0025,2025-02-04,78725,1425,708.53
DSP0002279,CMP0025,2025-02-05,63536,1165,571.83
DSP0002280,CMP0025,2025-02-06,86367,2040,777.31
DSP0002281,CMP0025,2025-02-07,87803,2186,790.23
DSP0002282,CMP0025,2025-02-08,69281,1318,623.53
DSP0002283,CMP0025,2025-02-09,103890,2127,935.01
DSP0002284,CMP0025,2025-02-10,63397,1400,570.58
DSP0002285,CMP0025,2025-02-11,83703,2483,753.33
DSP0002286,CMP0025,2025-02-12,96091,2453,864.82
DSP0002287,CMP0025,2025-02-13,108306,2342,974.76
DSP0002288,CMP0025,2025-02-14,90388,2632,813.50
DSP0002289,CMP0025,2025-02-15,66436,1735,597.93
DSP0002290,CMP0025,2025-02-16,88590,2747,797.31
DSP0002291,CMP0026,2025-04-16,20893,685,376.09
DSP0002292,CMP0026,2025-04-17,17861,626,321.50
DSP0002293,CMP0026,2025-04-18,22747,663,409.45
DSP0002294,CMP0026,2025-04-19,17469,605,314.45
DSP0002295,CMP0026,2025-04-20,15998,679,287.98
DSP0002296,CMP0026,2025-04-21,20832,682,374.99
DSP0002297,CMP0026,2025-04-22,17063,556,307.14
DSP0002298,CMP0026,2025-04-23,25646,1083,461.64
DSP0002299,CMP0026,2025-04-24,21647,984,389.66
DSP0002300,CMP0026,2025-04-25,18221,791,327.99
DSP0002301,CMP0026,2025-04-26,14692,571,264.47
DSP0002302,CMP0026,2025-04-27,24805,967,446.50
DSP0002303,CMP0026,2025-04-28,14988,610,269.79
DSP0002304,CMP0026,2025-04-29,18641,831,335.54
DSP0002305,CMP0026,2025-04-30,18563,714,334.14
DSP0002306,CMP0026,2025-05-01,22308,739,401.55
DSP0002307,CMP0026,2025-05-02,19512,758,351.23
DSP0002308,CMP0026,2025-05-03,21220,815,381.97
DSP0002309,CMP0026,2025-05-04,18531,783,333.57
DSP0002310,CMP0026,2025-05-05,15226,420,274.07
DSP0002311,CMP0026,2025-05-06,19555,698,352.00
DSP0002312,CMP0026,2025-05-07,24923,766,448.62
DSP0002313,CMP0026,2025-05-08,19766,891,355.79
DSP0002314,CMP0026,2025-05-09,22667,905,408.02
DSP0002315,CMP0026,2025-05-10,17740,546,319.33
DSP0002316,CMP0026,2025-05-11,19847,555,357.25
DSP0002317,CMP0026,2025-05-12,24866,1077,447.59
DSP0002318,CMP0026,2025-05-13,22971,973,413.48
DSP0002319,CMP0026,2025-05-14,19079,771,343.43
DSP0002320,CMP0026,2025-05-15,17186,589,309.35
DSP0002321,CMP0026,2025-05-16,24758,1054,445.66
DSP0002322,CMP0026,2025-05-17,25667,1087,462.01
DSP0002323,CMP0026,2025-05-18,25512,705,459.22
DSP0002324,CMP0026,2025-05-19,17941,686,322.95
DSP0002325,CMP0026,2025-05-20,14899,671,268.19
DSP0002326,CMP0026,2025-05-21,23771,988,427.89
DSP0002327,CMP0026,2025-05-22,18135,586,326.44
DSP0002328,CMP0026,2025-05-23,18053,726,324.97
DSP0002329,CMP0026,2025-05-24,18967,851,341.42
DSP0002330,CMP0026,2025-05-25,16782,753,302.08
DSP0002331,CMP0026,2025-05-26,19747,817,355.46
DSP0002332,CMP0026,2025-05-27,16968,751,305.43
DSP0002333,CMP0026,2025-05-28,14125,563,254.25
DSP0002334,CMP0026,2025-05-29,20778,606,374.02
DSP0002335,CMP0026,2025-05-30,21150,763,380.70
DSP0002336,CMP0026,2025-05-31,19146,479,344.63
DSP0002337,CMP0026,2025-06-01,20139,574,362.51
DSP0002338,CMP0026,2025-06-02,18152,505,326.74
DSP0002339,CMP0026,2025-06-03,18941,543,340.94
DSP0002340,CMP0026,2025-06-04,21423,672,385.63
DSP0002341,CMP0026,2025-06-05,21465,802,386.37
DSP0002342,CMP0026,2025-06-06,17273,603,310.93
DSP0002343,CMP0026,2025-06-07,17513,429,315.25
DSP0002344,CMP0026,2025-06-08,14611,412,263.00
DSP0002345,CMP0026,2025-06-09,15251,662,274.53
DSP0002346,CMP0026,2025-06-10,20309,526,365.57
DSP0002347,CMP0026,2025-06-11,14278,449,257.01
DSP0002348,CMP0026,2025-06-12,21607,874,388.93
DSP0002349,CMP0026,2025-06-13,16298,447,293.37
DSP0002350,CMP0026,2025-06-14,20337,509,366.07
DSP0002351,CMP0026,2025-06-15,25415,984,457.48
DSP0002352,CMP0026,2025-06-16,14365,497,258.57
DSP0002353,CMP0026,2025-06-17,20147,755,362.66
DSP0002354,CMP0026,2025-06-18,25700,749,462.60
DSP0002355,CMP0026,2025-06-19,16963,523,305.35
DSP0002356,CMP0026,2025-06-20,20488,610,368.80
DSP0002357,CMP0026,2025-06-21,14767,586,265.81
DSP0002358,CMP0026,2025-06-22,18301,648,329.43
DSP0002359,CMP0026,2025-06-23,17654,461,317.78
DSP0002360,CMP0026,2025-06-24,25002,913,450.05
DSP0002361,CMP0026,2025-06-25,16983,703,305.70
DSP0002362,CMP0026,2025-06-26,15935,414,286.83
DSP0002363,CMP0026,2025-06-27,17507,686,315.13
DSP0002364,CMP0026,2025-06-28,24136,887,434.46
DSP0002365,CMP0026,2025-06-29,20114,840,362.06
DSP0002366,CMP0026,2025-06-30,15626,411,281.27
DSP0002367,CMP0026,2025-07-01,21609,819,388.97
DSP0002368,CMP0026,2025-07-02,24188,689,435.40
DSP0002369,CMP0026,2025-07-03,21513,801,387.25
DSP0002370,CMP0026,2025-07-04,15550,650,279.91
DSP0002371,CMP0026,2025-07-05,14257,611,256.64
DSP0002372,CMP0026,2025-07-06,24223,608,436.02
DSP0002373,CMP0026,2025-07-07,24674,1056,444.14
DSP0002374,CMP0026,2025-07-08,25397,1008,457.16
DSP0002375,CMP0026,2025-07-09,19870,662,357.66
DSP0002376,CMP0026,2025-07-10,24195,908,435.51
DSP0002377,CMP0026,2025-07-11,17596,665,316.74
DSP0002378,CMP0026,2025-07-12,15270,648,274.86
DSP0002379,CMP0026,2025-07-13,22382,581,402.88
DSP0002380,CMP0026,2025-07-14,20870,783,375.66
DSP0002381,CMP0026,2025-07-15,25408,1045,457.36
DSP0002382,CMP0026,2025-07-16,14425,529,259.66
DSP0002383,CMP0026,2025-07-17,23722,634,427.00
DSP0002384,CMP0026,2025-07-18,17323,780,311.82
DSP0002385,CMP0026,2025-07-19,17126,602,308.28
DSP0002386,CMP0026,2025-07-20,16581,414,298.46
DSP0002387,CMP0026,2025-07-21,17824,679,320.84
DSP0002388,CMP0026,2025-07-22,21958,783,395.26
DSP0002389,CMP0026,2025-07-23,18547,603,333.85
DSP0002390,CMP0026,2025-07-24,14782,516,266.08
DSP0002391,CMP0026,2025-07-25,22642,866,407.57
DSP0002392,CMP0026,2025-07-26,21825,785,392.86
DSP0002393,CMP0026,2025-07-27,21449,564,386.09
DSP0002394,CMP0026,2025-07-28,23687,619,426.38
DSP0002395,CMP0026,2025-07-29,25532,856,459.58
DSP0002396,CMP0026,2025-07-30,21600,638,388.80
DSP0002397,CMP0026,2025-07-31,14429,487,259.73
DSP0002398,CMP0026,2025-08-01,16081,408,289.46
DSP0002399,CMP0026,2025-08-02,21282,621,383.09
DSP0002400,CMP0026,2025-08-03,18176,712,327.17
DSP0002401,CMP0026,2025-08-04,18248,449,328.48
DSP0002402,CMP0026,2025-08-05,19833,861,357.01
DSP0002403,CMP0026,2025-08-06,19507,534,351.13
DSP0002404,CMP0026,2025-08-07,19545,745,351.81
DSP0002405,CMP0026,2025-08-08,21191,823,381.44
DSP0002406,CMP0026,2025-08-09,22673,822,408.13
DSP0002407,CMP0027,2023-01-07,14524,300,159.77
DSP0002408,CMP0027,2023-01-08,10729,233,118.02
DSP0002409,CMP0027,2023-01-09,15357,256,168.93
DSP0002410,CMP0027,2023-01-10,11104,224,122.15
DSP0002411,CMP0027,2023-01-11,12383,253,136.22
DSP0002412,CMP0027,2023-01-12,12650,195,139.15
DSP0002413,CMP0027,2023-01-13,9836,203,108.20
DSP0002414,CMP0027,2023-01-14,10157,176,111.73
DSP0002415,CMP0027,2023-01-15,9765,124,107.42
DSP0002416,CMP0027,2023-01-16,12749,225,140.24
DSP0002417,CMP0027,2023-01-17,12674,239,139.42
DSP0002418,CMP0027,2023-01-18,10336,209,113.70
DSP0002419,CMP0027,2023-01-19,8893,145,97.83
DSP0002420,CMP0027,2023-01-20,14796,218,162.76
DSP0002421,CMP0027,2023-01-21,15177,202,166.95
DSP0002422,CMP0027,2023-01-22,11275,143,124.03
DSP0002423,CMP0027,2023-01-23,9343,216,102.78
DSP0002424,CMP0027,2023-01-24,10440,222,114.85
DSP0002425,CMP0027,2023-01-25,13853,200,152.39
DSP0002426,CMP0027,2023-01-26,15198,286,167.18
DSP0002427,CMP0027,2023-01-27,9108,183,100.19
DSP0002428,CMP0027,2023-01-28,14578,322,160.36
DSP0002429,CMP0027,2023-01-29,12034,241,132.38
DSP0002430,CMP0027,2023-01-30,9365,144,103.02
DSP0002431,CMP0027,2023-01-31,13750,220,151.25
DSP0002432,CMP0027,2023-02-01,10641,165,117.06
DSP0002433,CMP0027,2023-02-02,12272,281,135.00
DSP0002434,CMP0027,2023-02-03,13132,295,144.46
DSP0002435,CMP0027,2023-02-04,11812,149,129.94
DSP0002436,CMP0027,2023-02-05,11386,159,125.25
DSP0002437,CMP0027,2023-02-06,8449,115,92.94
DSP0002438,CMP0027,2023-02-07,8720,185,95.92
DSP0002439,CMP0027,2023-02-08,8487,110,93.36
DSP0002440,CMP0027,2023-02-09,15071,242,165.79
DSP0002441,CMP0027,2023-02-10,11646,204,128.11
DSP0002442,CMP0027,2023-02-11,12640,228,139.04
DSP0002443,CMP0027,2023-02-12,15026,320,165.29
DSP0002444,CMP0027,2023-02-13,12121,154,133.34
DSP0002445,CMP0027,2023-02-14,10626,209,116.89
DSP0002446,CMP0027,2023-02-15,11388,193,125.27
DSP0002447,CMP0027,2023-02-16,11574,189,127.32
DSP0002448,CMP0027,2023-02-17,11328,255,124.61
DSP0002449,CMP0027,2023-02-18,8814,181,96.96
DSP0002450,CMP0027,2023-02-19,12340,241,135.74
DSP0002451,CMP0027,2023-02-20,9610,155,105.71
DSP0002452,CMP0027,2023-02-21,12705,230,139.76
DSP0002453,CMP0027,2023-02-22,11331,239,124.65
DSP0002454,CMP0027,2023-02-23,9893,189,108.83
DSP0002455,CMP0027,2023-02-24,11432,190,125.76
DSP0002456,CMP0027,2023-02-25,15511,214,170.63
DSP0002457,CMP0027,2023-02-26,10121,178,111.34
DSP0002458,CMP0027,2023-02-27,15198,295,167.18
DSP0002459,CMP0027,2023-02-28,12233,232,134.57
DSP0002460,CMP0027,2023-03-01,14158,199,155.74
DSP0002461,CMP0027,2023-03-02,11338,179,124.72
DSP0002462,CMP0027,2023-03-03,14803,272,162.84
DSP0002463,CMP0027,2023-03-04,10647,209,117.12
DSP0002464,CMP0027,2023-03-05,14355,252,157.91
DSP0002465,CMP0027,2023-03-06,10287,214,113.16
DSP0002466,CMP0027,2023-03-07,9730,156,107.03
DSP0002467,CMP0027,2023-03-08,12265,184,134.92
DSP0002468,CMP0027,2023-03-09,13524,275,148.77
DSP0002469,CMP0027,2023-03-10,12308,194,135.39
DSP0002470,CMP0027,2023-03-11,12543,168,137.98
DSP0002471,CMP0027,2023-03-12,10444,200,114.89
DSP0002472,CMP0027,2023-03-13,9236,182,101.60
DSP0002473,CMP0027,2023-03-14,12021,247,132.24
DSP0002474,CMP0027,2023-03-15,11205,172,123.26
DSP0002475,CMP0027,2023-03-16,10421,155,114.64
DSP0002476,CMP0027,2023-03-17,14703,221,161.74
DSP0002477,CMP0027,2023-03-18,10756,222,118.32
DSP0002478,CMP0027,2023-03-19,9342,129,102.77
DSP0002479,CMP0027,2023-03-20,11585,180,127.44
DSP0002480,CMP0027,2023-03-21,8917,119,98.09
DSP0002481,CMP0027,2023-03-22,15489,235,170.38
DSP0002482,CMP0027,2023-03-23,14374,256,158.12
DSP0002483,CMP0027,2023-03-24,9620,190,105.83
DSP0002484,CMP0027,2023-03-25,13286,230,146.15
DSP0002485,CMP0028,2023-05-09,8920,57,57.98
DSP0002486,CMP0028,2023-05-10,10053,51,65.35
DSP0002487,CMP0028,2023-05-11,5949,34,38.67
DSP0002488,CMP0028,2023-05-12,8066,47,52.43
DSP0002489,CMP0028,2023-05-13,6506,48,42.29
DSP0002490,CMP0028,2023-05-14,6384,30,41.50
DSP0002491,CMP0028,2023-05-15,9181,53,59.68
DSP0002492,CMP0028,2023-05-16,7166,50,46.58
DSP0002493,CMP0028,2023-05-17,9510,39,61.82
DSP0002494,CMP0028,2023-05-18,7689,39,49.98
DSP0002495,CMP0028,2023-05-19,6715,30,43.65
DSP0002496,CMP0028,2023-05-20,7336,55,47.69
DSP0002497,CMP0028,2023-05-21,10333,49,67.17
DSP0002498,CMP0028,2023-05-22,7358,50,47.83
DSP0002499,CMP0028,2023-05-23,9589,46,62.33
DSP0002500,CMP0028,2023-05-24,6049,28,39.32
DSP0002501,CMP0028,2023-05-25,9769,57,63.50
DSP0002502,CMP0028,2023-05-26,7809,47,50.76
DSP0002503,CMP0028,2023-05-27,7140,46,46.41
DSP0002504,CMP0028,2023-05-28,9815,69,63.80
DSP0002505,CMP0028,2023-05-29,6513,29,42.34
DSP0002506,CMP0028,2023-05-30,10478,71,68.11
DSP0002507,CMP0028,2023-05-31,5784,28,37.60
DSP0002508,CMP0028,2023-06-01,7841,57,50.97
DSP0002509,CMP0028,2023-06-02,6409,36,41.66
DSP0002510,CMP0028,2023-06-03,8210,49,53.37
DSP0002511,CMP0028,2023-06-04,6780,50,44.07
DSP0002512,CMP0028,2023-06-05,7076,46,46.00
DSP0002513,CMP0028,2023-06-06,10235,56,66.53
DSP0002514,CMP0028,2023-06-07,9920,62,64.48
DSP0002515,CMP0028,2023-06-08,10515,72,68.35
DSP0002516,CMP0028,2023-06-09,10444,57,67.89
DSP0002517,CMP0028,2023-06-10,7489,55,48.68
DSP0002518,CMP0028,2023-06-11,9596,44,62.38
DSP0002519,CMP0028,2023-06-12,6760,35,43.94
DSP0002520,CMP0028,2023-06-13,7978,58,51.86
DSP0002521,CMP0028,2023-06-14,7569,49,49.20
DSP0002522,CMP0028,2023-06-15,9633,60,62.62
DSP0002523,CMP0028,2023-06-16,9216,48,59.91
DSP0002524,CMP0028,2023-06-17,9032,44,58.71
DSP0002525,CMP0028,2023-06-18,6827,46,44.38
DSP0002526,CMP0028,2023-06-19,6507,38,42.30
DSP0002527,CMP0028,2023-06-20,8367,62,54.39
DSP0002528,CMP0028,2023-06-21,7253,41,47.15
DSP0002529,CMP0028,2023-06-22,7504,33,48.78
DSP0002530,CMP0028,2023-06-23,5713,41,37.14
DSP0002531,CMP0028,2023-06-24,7367,35,47.89
DSP0002532,CMP0028,2023-06-25,9735,73,63.28
DSP0002533,CMP0028,2023-06-26,7903,48,51.37
DSP0002534,CMP0028,2023-06-27,6624,30,43.06
DSP0002535,CMP0028,2023-06-28,8904,52,57.88
DSP0002536,CMP0028,2023-06-29,6529,41,42.44
DSP0002537,CMP0028,2023-06-30,6844,48,44.49
DSP0002538,CMP0028,2023-07-01,5936,38,38.59
DSP0002539,CMP0028,2023-07-02,9424,42,61.26
DSP0002540,CMP0028,2023-07-03,10478,78,68.11
DSP0002541,CMP0028,2023-07-04,7055,34,45.86
DSP0002542,CMP0028,2023-07-05,7933,56,51.57
DSP0002543,CMP0028,2023-07-06,6260,37,40.69
DSP0002544,CMP0028,2023-07-07,9407,42,61.15
DSP0002545,CMP0028,2023-07-08,10433,65,67.82
DSP0002546,CMP0028,2023-07-09,6438,27,41.85
DSP0002547,CMP0028,2023-07-10,9907,43,64.40
DSP0002548,CMP0028,2023-07-11,6563,50,42.66
DSP0002549,CMP0028,2023-07-12,8775,51,57.04
DSP0002550,CMP0028,2023-07-13,8453,39,54.95
DSP0002551,CMP0028,2023-07-14,7441,49,48.37
DSP0002552,CMP0028,2023-07-15,10552,70,68.59
DSP0002553,CMP0028,2023-07-16,10109,57,65.71
DSP0002554,CMP0028,2023-07-17,7844,42,50.99
DSP0002555,CMP0028,2023-07-18,10530,64,68.45
DSP0002556,CMP0028,2023-07-19,7878,40,51.21
DSP0002557,CMP0028,2023-07-20,7023,46,45.65
DSP0002558,CMP0028,2023-07-21,7106,44,46.19
DSP0002559,CMP0028,2023-07-22,7920,58,51.48
DSP0002560,CMP0028,2023-07-23,8326,63,54.12
DSP0002561,CMP0028,2023-07-24,9180,51,59.67
DSP0002562,CMP0028,2023-07-25,9366,53,60.88
DSP0002563,CMP0028,2023-07-26,7413,35,48.19
DSP0002564,CMP0028,2023-07-27,8369,52,54.40
DSP0002565,CMP0028,2023-07-28,10101,63,65.66
DSP0002566,CMP0028,2023-07-29,10443,64,67.88
DSP0002567,CMP0028,2023-07-30,8829,42,57.39
DSP0002568,CMP0028,2023-07-31,8266,35,53.73
DSP0002569,CMP0028,2023-08-01,8278,46,53.81
DSP0002570,CMP0028,2023-08-02,10424,78,67.76
DSP0002571,CMP0028,2023-08-03,7333,54,47.67
DSP0002572,CMP0028,2023-08-04,7530,35,48.95
DSP0002573,CMP0028,2023-08-05,6052,44,39.34
DSP0002574,CMP0028,2023-08-06,7160,33,46.54
DSP0002575,CMP0028,2023-08-07,10349,45,67.27
DSP0002576,CMP0028,2023-08-08,6726,37,43.72
DSP0002577,CMP0028,2023-08-09,7295,51,47.42
DSP0002578,CMP0028,2023-08-10,8670,46,56.36
DSP0002579,CMP0028,2023-08-11,10280,67,66.82
DSP0002580,CMP0028,2023-08-12,7740,33,50.31
DSP0002581,CMP0028,2023-08-13,7535,39,48.98
DSP0002582,CMP0028,2023-08-14,6740,28,43.81
DSP0002583,CMP0028,2023-08-15,6253,39,40.65
DSP0002584,CMP0028,2023-08-16,10393,76,67.56
DSP0002585,CMP0028,2023-08-17,6646,34,43.20
DSP0002586,CMP0028,2023-08-18,10367,64,67.39
DSP0002587,CMP0028,2023-08-19,10349,63,67.27
DSP0002588,CMP0028,2023-08-20,5889,42,38.28
DSP0002589,CMP0028,2023-08-21,8612,49,55.98
DSP0002590,CMP0028,2023-08-22,7056,33,45.87
DSP0002591,CMP0028,2023-08-23,6683,47,43.44
DSP0002592,CMP0028,2023-08-24,6795,39,44.17
DSP0002593,CMP0028,2023-08-25,6918,53,44.97
DSP0002594,CMP0028,2023-08-26,6686,28,43.46
DSP0002595,CMP0028,2023-08-27,6493,47,42.21
DSP0002596,CMP0028,2023-08-28,8664,67,56.32
DSP0002597,CMP0028,2023-08-29,6664,41,43.32
DSP0002598,CMP0028,2023-08-30,7960,33,51.74
DSP0002599,CMP0028,2023-08-31,10390,64,67.54
DSP0002600,CMP0028,2023-09-01,10383,77,67.49
DSP0002601,CMP0028,2023-09-02,10298,47,66.94
DSP0002602,CMP0028,2023-09-03,7340,43,47.71
DSP0002603,CMP0028,2023-09-04,8576,57,55.75
DSP0002604,CMP0028,2023-09-05,7498,53,48.74
DSP0002605,CMP0028,2023-09-06,6563,39,42.66
DSP0002606,CMP0028,2023-09-07,8141,43,52.92
DSP0002607,CMP0028,2023-09-08,9415,57,61.20
DSP0002608,CMP0028,2023-09-09,10164,58,66.07
DSP0002609,CMP0028,2023-09-10,9952,71,64.69
DSP0002610,CMP0028,2023-09-11,9032,66,58.71
DSP0002611,CMP0029,2024-03-10,27657,182,414.86
DSP0002612,CMP0029,2024-03-11,29588,264,443.83
DSP0002613,CMP0029,2024-03-12,19262,225,288.93
DSP0002614,CMP0029,2024-03-13,17625,155,264.38
DSP0002615,CMP0029,2024-03-14,29171,262,437.57
DSP0002616,CMP0029,2024-03-15,29261,213,438.92
DSP0002617,CMP0029,2024-03-16,25210,168,378.15
DSP0002618,CMP0029,2024-03-17,22394,233,335.92
DSP0002619,CMP0029,2024-03-18,28996,207,434.94
DSP0002620,CMP0029,2024-03-19,18197,116,272.96
DSP0002621,CMP0029,2024-03-20,19574,148,293.62
DSP0002622,CMP0029,2024-03-21,16878,162,253.18
DSP0002623,CMP0029,2024-03-22,25905,220,388.58
DSP0002624,CMP0029,2024-03-23,22685,208,340.28
DSP0002625,CMP0029,2024-03-24,29204,250,438.06
DSP0002626,CMP0029,2024-03-25,17582,191,263.74
DSP0002627,CMP0029,2024-03-26,23652,246,354.78
DSP0002628,CMP0029,2024-03-27,22630,166,339.45
DSP0002629,CMP0029,2024-03-28,21788,178,326.82
DSP0002630,CMP0029,2024-03-29,20246,209,303.70
DSP0002631,CMP0029,2024-03-30,28458,323,426.88
DSP0002632,CMP0029,2024-03-31,24298,221,364.48
DSP0002633,CMP0029,2024-04-01,22408,227,336.12
DSP0002634,CMP0029,2024-04-02,26806,307,402.09
DSP0002635,CMP0029,2024-04-03,25348,265,380.22
DSP0002636,CMP0029,2024-04-04,28560,196,428.41
DSP0002637,CMP0029,2024-04-05,19288,225,289.32
DSP0002638,CMP0029,2024-04-06,19642,219,294.63
DSP0002639,CMP0029,2024-04-07,26888,220,403.32
DSP0002640,CMP0029,2024-04-08,26564,299,398.47
DSP0002641,CMP0029,2024-04-09,27662,197,414.94
DSP0002642,CMP0029,2024-04-10,21090,173,316.35
DSP0002643,CMP0029,2024-04-11,22888,252,343.33
DSP0002644,CMP0029,2024-04-12,16383,156,245.75
DSP0002645,CMP0029,2024-04-13,18380,184,275.71
DSP0002646,CMP0029,2024-04-14,16478,122,247.18
DSP0002647,CMP0029,2024-04-15,18152,195,272.28
DSP0002648,CMP0029,2024-04-16,27093,232,406.40
DSP0002649,CMP0029,2024-04-17,30064,265,450.97
DSP0002650,CMP0029,2024-04-18,29179,193,437.69
DSP0002651,CMP0029,2024-04-19,26093,280,391.40
DSP0002652,CMP0029,2024-04-20,22741,162,341.12
DSP0002653,CMP0029,2024-04-21,27889,184,418.34
DSP0002654,CMP0029,2024-04-22,23299,165,349.49
DSP0002655,CMP0029,2024-04-23,24470,241,367.05
DSP0002656,CMP0029,2024-04-24,19712,155,295.68
DSP0002657,CMP0029,2024-04-25,23830,207,357.45
DSP0002658,CMP0029,2024-04-26,26039,179,390.59
DSP0002659,CMP0029,2024-04-27,24458,229,366.87
DSP0002660,CMP0029,2024-04-28,21956,204,329.35
DSP0002661,CMP0029,2024-04-29,17026,188,255.39
DSP0002662,CMP0029,2024-04-30,24780,218,371.71
DSP0002663,CMP0029,2024-05-01,22094,198,331.41
DSP0002664,CMP0029,2024-05-02,27325,291,409.88
DSP0002665,CMP0029,2024-05-03,21273,167,319.10
DSP0002666,CMP0029,2024-05-04,27989,188,419.84
DSP0002667,CMP0029,2024-05-05,23444,264,351.67
DSP0002668,CMP0029,2024-05-06,27937,195,419.06
DSP0002669,CMP0029,2024-05-07,21714,218,325.71
DSP0002670,CMP0029,2024-05-08,30187,347,452.81
DSP0002671,CMP0029,2024-05-09,16780,153,251.71
DSP0002672,CMP0029,2024-05-10,25384,230,380.76
DSP0002673,CMP0029,2024-05-11,25966,272,389.50
DSP0002674,CMP0029,2024-05-12,23736,164,356.04
DSP0002675,CMP0029,2024-05-13,27558,190,413.37
DSP0002676,CMP0029,2024-05-14,29258,194,438.88
DSP0002677,CMP0029,2024-05-15,18607,153,279.11
DSP0002678,CMP0029,2024-05-16,26844,196,402.66
DSP0002679,CMP0029,2024-05-17,25972,218,389.59
DSP0002680,CMP0029,2024-05-18,24376,243,365.64
DSP0002681,CMP0029,2024-05-19,18072,124,271.08
DSP0002682,CMP0029,2024-05-20,29304,280,439.56
DSP0002683,CMP0029,2024-05-21,18762,199,281.43
DSP0002684,CMP0029,2024-05-22,23825,265,357.38
DSP0002685,CMP0029,2024-05-23,20994,187,314.92
DSP0002686,CMP0029,2024-05-24,27826,307,417.40
DSP0002687,CMP0029,2024-05-25,27165,293,407.48
DSP0002688,CMP0029,2024-05-26,19146,211,287.19
DSP0002689,CMP0029,2024-05-27,18919,169,283.79
DSP0002690,CMP0029,2024-05-28,28964,250,434.46
DSP0002691,CMP0029,2024-05-29,27738,178,416.08
DSP0002692,CMP0029,2024-05-30,27340,234,410.11
DSP0002693,CMP0029,2024-05-31,18861,191,282.92
DSP0002694,CMP0029,2024-06-01,26572,246,398.59
DSP0002695,CMP0029,2024-06-02,29478,242,442.18
DSP0002696,CMP0029,2024-06-03,17659,153,264.89
DSP0002697,CMP0029,2024-06-04,30237,240,453.56
DSP0002698,CMP0029,2024-06-05,25870,224,388.05
DSP0002699,CMP0029,2024-06-06,26544,272,398.17
DSP0002700,CMP0029,2024-06-07,18110,161,271.66
DSP0002701,CMP0029,2024-06-08,21238,172,318.58
DSP0002702,CMP0029,2024-06-09,24880,215,373.20
DSP0002703,CMP0029,2024-06-10,26864,285,402.97
DSP0002704,CMP0029,2024-06-11,26532,301,397.99
DSP0002705,CMP0029,2024-06-12,17809,179,267.14
DSP0002706,CMP0029,2024-06-13,29069,183,436.04
DSP0002707,CMP0029,2024-06-14,26314,175,394.72
DSP0002708,CMP0029,2024-06-15,21017,185,315.26
DSP0002709,CMP0029,2024-06-16,26793,225,401.90
DSP0002710,CMP0029,2024-06-17,29289,265,439.34
DSP0002711,CMP0030,2024-08-26,70592,2235,635.33
DSP0002712,CMP0030,2024-08-27,69818,1877,628.37
DSP0002713,CMP0030,2024-08-28,65036,2010,585.33
DSP0002714,CMP0030,2024-08-29,91851,2314,826.66
DSP0002715,CMP0030,2024-08-30,100717,1984,906.46
DSP0002716,CMP0030,2024-08-31,83313,2348,749.82
DSP0002717,CMP0030,2024-09-01,102460,2636,922.14
DSP0002718,CMP0030,2024-09-02,77431,1544,696.88
DSP0002719,CMP0030,2024-09-03,98292,2583,884.63
DSP0002720,CMP0030,2024-09-04,78706,2053,708.36
DSP0002721,CMP0030,2024-09-05,75876,2260,682.89
DSP0002722,CMP0030,2024-09-06,109260,2660,983.34
DSP0002723,CMP0030,2024-09-07,75027,1457,675.25
DSP0002724,CMP0030,2024-09-08,81154,2516,730.39
DSP0002725,CMP0030,2024-09-09,99377,2195,894.40
DSP0002726,CMP0030,2024-09-10,95291,2249,857.62
DSP0002727,CMP0030,2024-09-11,117758,3608,1059.83
DSP0002728,CMP0030,2024-09-12,114688,2843,1032.20
DSP0002729,CMP0030,2024-09-13,80268,2542,722.42
DSP0002730,CMP0030,2024-09-14,88790,2574,799.11
DSP0002731,CMP0030,2024-09-15,98817,3052,889.36
DSP0002732,CMP0030,2024-09-16,82691,1568,744.22
DSP0002733,CMP0030,2024-09-17,109903,3008,989.13
DSP0002734,CMP0030,2024-09-18,84492,1810,760.43
DSP0002735,CMP0030,2024-09-19,117847,2558,1060.63
DSP0002736,CMP0030,2024-09-20,90400,2071,813.60
DSP0002737,CMP0030,2024-09-21,116186,3510,1045.68
DSP0002738,CMP0030,2024-09-22,85643,2372,770.79
DSP0002739,CMP0030,2024-09-23,85032,2102,765.29
DSP0002740,CMP0030,2024-09-24,111491,3168,1003.42
DSP0002741,CMP0030,2024-09-25,83544,1917,751.90
DSP0002742,CMP0030,2024-09-26,70712,2233,636.41
DSP0002743,CMP0030,2024-09-27,99804,1935,898.24
DSP0002744,CMP0030,2024-09-28,92045,2418,828.41
DSP0002745,CMP0030,2024-09-29,90926,2039,818.34
DSP0002746,CMP0030,2024-09-30,105708,2127,951.38
DSP0002747,CMP0030,2024-10-01,113148,2553,1018.34
DSP0002748,CMP0030,2024-10-02,115007,3257,1035.07
DSP0002749,CMP0030,2024-10-03,65856,1759,592.71
DSP0002750,CMP0030,2024-10-04,85713,2311,771.42
DSP0002751,CMP0030,2024-10-05,106271,3227,956.44
DSP0002752,CMP0030,2024-10-06,74437,1603,669.94
DSP0002753,CMP0030,2024-10-07,95080,2054,855.72
DSP0002754,CMP0030,2024-10-08,90341,2297,813.07
DSP0002755,CMP0030,2024-10-09,117253,3789,1055.28
DSP0002756,CMP0030,2024-10-10,110331,2444,992.98
DSP0002757,CMP0030,2024-10-11,66250,1558,596.25
DSP0002758,CMP0030,2024-10-12,92013,2836,828.12
DSP0002759,CMP0030,2024-10-13,100107,1812,900.97
DSP0002760,CMP0030,2024-10-14,77776,1439,699.99
DSP0002761,CMP0030,2024-10-15,99831,2305,898.48
DSP0002762,CMP0030,2024-10-16,87555,2309,788.00
DSP0002763,CMP0030,2024-10-17,64777,2088,583.00
DSP0002764,CMP0030,2024-10-18,105232,2511,947.09
DSP0002765,CMP0030,2024-10-19,66174,2146,595.57
DSP0002766,CMP0030,2024-10-20,73123,2055,658.11
DSP0002767,CMP0030,2024-10-21,113255,2971,1019.30
DSP0002768,CMP0030,2024-10-22,70511,1927,634.60
DSP0002769,CMP0030,2024-10-23,71803,1732,646.23
DSP0002770,CMP0030,2024-10-24,102238,2351,920.15
DSP0002771,CMP0030,2024-10-25,73970,1460,665.73
DSP0002772,CMP0030,2024-10-26,67541,1487,607.87
DSP0002773,CMP0030,2024-10-27,114831,2693,1033.48
DSP0002774,CMP0031,2024-07-22,14882,641,267.89
DSP0002775,CMP0031,2024-07-23,16561,554,298.10
DSP0002776,CMP0031,2024-07-24,16295,556,293.32
DSP0002777,CMP0031,2024-07-25,11963,385,215.34
DSP0002778,CMP0031,2024-07-26,15211,458,273.81
DSP0002779,CMP0031,2024-07-27,16767,462,301.82
DSP0002780,CMP0031,2024-07-28,11038,484,198.70
DSP0002781,CMP0031,2024-07-29,16747,681,301.45
DSP0002782,CMP0031,2024-07-30,9867,392,177.61
DSP0002783,CMP0031,2024-07-31,10025,330,180.46
DSP0002784,CMP0031,2024-08-01,12483,483,224.71
DSP0002785,CMP0031,2024-08-02,13060,588,235.08
DSP0002786,CMP0031,2024-08-03,10601,260,190.83
DSP0002787,CMP0031,2024-08-04,14475,416,260.56
DSP0002788,CMP0031,2024-08-05,11097,487,199.76
DSP0002789,CMP0031,2024-08-06,9959,388,179.27
DSP0002790,CMP0031,2024-08-07,11923,295,214.63
DSP0002791,CMP0031,2024-08-08,11541,460,207.74
DSP0002792,CMP0031,2024-08-09,11808,459,212.56
DSP0002793,CMP0031,2024-08-10,15210,429,273.79
DSP0002794,CMP0031,2024-08-11,17380,724,312.84
DSP0002795,CMP0031,2024-08-12,16797,674,302.36
DSP0002796,CMP0031,2024-08-13,15778,583,284.01
DSP0002797,CMP0031,2024-08-14,9908,244,178.36
DSP0002798,CMP0031,2024-08-15,9838,330,177.10
DSP0002799,CMP0031,2024-08-16,16325,415,293.85
DSP0002800,CMP0031,2024-08-17,10962,450,197.32
DSP0002801,CMP0031,2024-08-18,10225,354,184.06
DSP0002802,CMP0031,2024-08-19,15356,435,276.42
DSP0002803,CMP0031,2024-08-20,12089,317,217.61
DSP0002804,CMP0031,2024-08-21,9710,430,174.78
DSP0002805,CMP0031,2024-08-22,17716,717,318.89
DSP0002806,CMP0031,2024-08-23,13488,584,242.80
DSP0002807,CMP0031,2024-08-24,17784,454,320.12
DSP0002808,CMP0031,2024-08-25,11113,321,200.04
DSP0002809,CMP0031,2024-08-26,14426,597,259.68
DSP0002810,CMP0031,2024-08-27,16228,547,292.11
DSP0002811,CMP0031,2024-08-28,12332,379,221.99
DSP0002812,CMP0031,2024-08-29,17288,697,311.19
DSP0002813,CMP0031,2024-08-30,15420,501,277.56
DSP0002814,CMP0031,2024-08-31,13023,373,234.42
DSP0002815,CMP0031,2024-09-01,17543,606,315.79
DSP0002816,CMP0031,2024-09-02,15776,682,283.97
DSP0002817,CMP0031,2024-09-03,14780,411,266.05
DSP0002818,CMP0031,2024-09-04,16888,681,303.99
DSP0002819,CMP0031,2024-09-05,16356,428,294.41
DSP0002820,CMP0031,2024-09-06,16646,716,299.64
DSP0002821,CMP0031,2024-09-07,17581,598,316.47
DSP0002822,CMP0031,2024-09-08,17267,563,310.81
DSP0002823,CMP0031,2024-09-09,10621,261,191.19
DSP0002824,CMP0031,2024-09-10,14510,400,261.18
DSP0002825,CMP0031,2024-09-11,11146,495,200.63
DSP0002826,CMP0031,2024-09-12,17463,705,314.34
DSP0002827,CMP0031,2024-09-13,16086,571,289.55
DSP0002828,CMP0031,2024-09-14,13978,585,251.61
DSP0002829,CMP0031,2024-09-15,13873,373,249.73
DSP0002830,CMP0031,2024-09-16,11715,465,210.88
DSP0002831,CMP0031,2024-09-17,11089,468,199.61
DSP0002832,CMP0031,2024-09-18,12553,505,225.96
DSP0002833,CMP0031,2024-09-19,10931,468,196.77
DSP0002834,CMP0031,2024-09-20,16870,681,303.66
DSP0002835,CMP0031,2024-09-21,12456,311,224.21
DSP0002836,CMP0031,2024-09-22,11530,286,207.54
DSP0002837,CMP0031,2024-09-23,12577,496,226.39
DSP0002838,CMP0031,2024-09-24,15610,615,280.98
DSP0002839,CMP0031,2024-09-25,13777,394,247.99
DSP0002840,CMP0031,2024-09-26,14888,521,268.00
DSP0002841,CMP0031,2024-09-27,14787,576,266.17
DSP0002842,CMP0031,2024-09-28,13597,393,244.76
DSP0002843,CMP0031,2024-09-29,12734,567,229.22
DSP0002844,CMP0031,2024-09-30,12961,522,233.30
DSP0002845,CMP0031,2024-10-01,14326,399,257.87
DSP0002846,CMP0031,2024-10-02,11208,370,201.76
DSP0002847,CMP0031,2024-10-03,14653,553,263.77
DSP0002848,CMP0031,2024-10-04,11400,316,205.21
DSP0002849,CMP0031,2024-10-05,11166,418,200.99
DSP0002850,CMP0031,2024-10-06,9955,321,179.20
DSP0002851,CMP0031,2024-10-07,10873,405,195.73
DSP0002852,CMP0031,2024-10-08,12707,447,228.74
DSP0002853,CMP0031,2024-10-09,10488,278,188.79
DSP0002854,CMP0031,2024-10-10,15674,590,282.14
DSP0002855,CMP0031,2024-10-11,10232,324,184.18
DSP0002856,CMP0031,2024-10-12,13684,382,246.32
DSP0002857,CMP0031,2024-10-13,17657,662,317.84
DSP0002858,CMP0031,2024-10-14,14963,511,269.35
DSP0002859,CMP0031,2024-10-15,17143,755,308.59
DSP0002860,CMP0031,2024-10-16,11387,502,204.97
DSP0002861,CMP0031,2024-10-17,10777,489,193.99
DSP0002862,CMP0031,2024-10-18,16724,540,301.04
DSP0002863,CMP0031,2024-10-19,13994,562,251.90
DSP0002864,CMP0031,2024-10-20,12975,343,233.55
DSP0002865,CMP0031,2024-10-21,16936,477,304.86
DSP0002866,CMP0031,2024-10-22,12056,329,217.02
DSP0002867,CMP0031,2024-10-23,17248,519,310.48
DSP0002868,CMP0031,2024-10-24,13067,386,235.21
DSP0002869,CMP0031,2024-10-25,12183,535,219.31
DSP0002870,CMP0031,2024-10-26,14609,508,262.97
DSP0002871,CMP0031,2024-10-27,11313,500,203.64
DSP0002872,CMP0031,2024-10-28,10800,442,194.41
DSP0002873,CMP0031,2024-10-29,9688,427,174.39
DSP0002874,CMP0031,2024-10-30,11605,450,208.89
DSP0002875,CMP0031,2024-10-31,12462,557,224.33
DSP0002876,CMP0031,2024-11-01,17774,729,319.94
DSP0002877,CMP0031,2024-11-02,11633,528,209.40
DSP0002878,CMP0031,2024-11-03,17192,662,309.47
DSP0002879,CMP0031,2024-11-04,10873,336,195.73
DSP0002880,CMP0031,2024-11-05,11538,467,207.70
DSP0002881,CMP0031,2024-11-06,12540,375,225.72
DSP0002882,CMP0031,2024-11-07,13786,391,248.16
DSP0002883,CMP0031,2024-11-08,16817,575,302.72
DSP0002884,CMP0031,2024-11-09,12811,483,230.60
DSP0002885,CMP0031,2024-11-10,15267,389,274.82
DSP0002886,CMP0031,2024-11-11,15556,593,280.02
DSP0002887,CMP0031,2024-11-12,12985,534,233.74
DSP0002888,CMP0031,2024-11-13,9688,434,174.39
DSP0002889,CMP0032,2024-02-25,64700,1424,711.71
DSP0002890,CMP0032,2024-02-26,63000,1082,693.00
DSP0002891,CMP0032,2024-02-27,72096,1213,793.06
DSP0002892,CMP0032,2024-02-28,55649,1286,612.14
DSP0002893,CMP0032,2024-02-29,70027,947,770.30
DSP0002894,CMP0032,2024-03-01,53334,964,586.68
DSP0002895,CMP0032,2024-03-02,46093,805,507.03
DSP0002896,CMP0032,2024-03-03,73475,1192,808.23
DSP0002897,CMP0032,2024-03-04,72768,1085,800.45
DSP0002898,CMP0032,2024-03-05,65961,1212,725.58
DSP0002899,CMP0032,2024-03-06,72352,1529,795.88
DSP0002900,CMP0032,2024-03-07,43990,791,483.89
DSP0002901,CMP0032,2024-03-08,48245,1000,530.70
DSP0002902,CMP0032,2024-03-09,52848,751,581.33
DSP0002903,CMP0032,2024-03-10,54713,910,601.85
DSP0002904,CMP0032,2024-03-11,53129,1157,584.42
DSP0002905,CMP0032,2024-03-12,43167,934,474.84
DSP0002906,CMP0032,2024-03-13,49859,1129,548.45
DSP0002907,CMP0032,2024-03-14,61765,905,679.42
DSP0002908,CMP0032,2024-03-15,44335,656,487.69
DSP0002909,CMP0032,2024-03-16,67440,1000,741.84
DSP0002910,CMP0032,2024-03-17,45587,1026,501.46
DSP0002911,CMP0032,2024-03-18,65190,923,717.10
DSP0002912,CMP0032,2024-03-19,53605,928,589.66
DSP0002913,CMP0032,2024-03-20,47270,743,519.97
DSP0002914,CMP0032,2024-03-21,57611,859,633.73
DSP0002915,CMP0032,2024-03-22,45381,600,499.20
DSP0002916,CMP0032,2024-03-23,73647,1254,810.12
DSP0002917,CMP0032,2024-03-24,64922,918,714.15
DSP0002918,CMP0032,2024-03-25,43182,573,475.01
DSP0002919,CMP0032,2024-03-26,46312,821,509.44
DSP0002920,CMP0032,2024-03-27,50946,1107,560.41
DSP0002921,CMP0032,2024-03-28,59106,923,650.17
DSP0002922,CMP0032,2024-03-29,62984,912,692.83
DSP0002923,CMP0032,2024-03-30,49763,1071,547.40
DSP0002924,CMP0032,2024-03-31,68641,1324,755.06
DSP0002925,CMP0032,2024-04-01,56438,1302,620.82
DSP0002926,CMP0032,2024-04-02,49536,660,544.90
DSP0002927,CMP0032,2024-04-03,73049,994,803.54
DSP0002928,CMP0032,2024-04-04,74588,1315,820.47
DSP0002929,CMP0032,2024-04-05,47364,891,521.01
DSP0002930,CMP0032,2024-04-06,47382,1077,521.21
DSP0002931,CMP0032,2024-04-07,47912,969,527.04
DSP0002932,CMP0032,2024-04-08,70069,1493,770.76
DSP0002933,CMP0032,2024-04-09,73972,1126,813.70
DSP0002934,CMP0032,2024-04-10,49176,838,540.94
DSP0002935,CMP0032,2024-04-11,54162,753,595.79
DSP0002936,CMP0032,2024-04-12,66102,1046,727.13
DSP0002937,CMP0032,2024-04-13,73505,966,808.56
DSP0002938,CMP0032,2024-04-14,71942,1451,791.37
DSP0002939,CMP0032,2024-04-15,56769,1088,624.46
DSP0002940,CMP0032,2024-04-16,68298,970,751.28
DSP0002941,CMP0032,2024-04-17,45572,970,501.30
DSP0002942,CMP0032,2024-04-18,64872,1469,713.60
DSP0002943,CMP0032,2024-04-19,44954,734,494.50
DSP0002944,CMP0032,2024-04-20,75559,1571,831.15
DSP0002945,CMP0032,2024-04-21,48419,1046,532.61
DSP0002946,CMP0032,2024-04-22,49986,868,549.85
DSP0002947,CMP0032,2024-04-23,63347,1092,696.82
DSP0002948,CMP0032,2024-04-24,75766,1094,833.43
DSP0002949,CMP0032,2024-04-25,64460,861,709.06
DSP0002950,CMP0032,2024-04-26,79540,1138,874.95
DSP0002951,CMP0032,2024-04-27,78265,1138,860.92
DSP0002952,CMP0032,2024-04-28,62249,1251,684.74
DSP0002953,CMP0032,2024-04-29,75377,1267,829.15
DSP0002954,CMP0032,2024-04-30,48473,734,533.21
DSP0002955,CMP0032,2024-05-01,71519,1431,786.71
DSP0002956,CMP0033,2023-01-04,104927,475,682.03
DSP0002957,CMP0033,2023-01-05,84610,649,549.97
DSP0002958,CMP0033,2023-01-06,72298,528,469.94
DSP0002959,CMP0033,2023-01-07,85169,526,553.60
DSP0002960,CMP0033,2023-01-08,75116,361,488.26
DSP0002961,CMP0033,2023-01-09,72896,482,473.83
DSP0002962,CMP0033,2023-01-10,127901,778,831.36
DSP0002963,CMP0033,2023-01-11,113264,802,736.22
DSP0002964,CMP0033,2023-01-12,73564,408,478.17
DSP0002965,CMP0033,2023-01-13,86281,621,560.83
DSP0002966,CMP0033,2023-01-14,103233,726,671.02
DSP0002967,CMP0033,2023-01-15,122287,767,794.87
DSP0002968,CMP0033,2023-01-16,85098,656,553.14
DSP0002969,CMP0033,2023-01-17,117224,877,761.96
DSP0002970,CMP0033,2023-01-18,110967,608,721.29
DSP0002971,CMP0033,2023-01-19,105740,556,687.31
DSP0002972,CMP0033,2023-01-20,112453,752,730.95
DSP0002973,CMP0033,2023-01-21,87173,522,566.63
DSP0002974,CMP0033,2023-01-22,110706,596,719.59
DSP0002975,CMP0033,2023-01-23,125552,899,816.09
DSP0002976,CMP0033,2023-01-24,112866,729,733.63
DSP0002977,CMP0033,2023-01-25,103801,514,674.71
DSP0002978,CMP0033,2023-01-26,105615,487,686.50
DSP0002979,CMP0033,2023-01-27,90844,416,590.49
DSP0002980,CMP0033,2023-01-28,120384,855,782.50
DSP0002981,CMP0033,2023-01-29,120456,567,782.97
DSP0002982,CMP0033,2023-01-30,112847,502,733.51
DSP0002983,CMP0033,2023-01-31,80683,394,524.44
DSP0002984,CMP0033,2023-02-01,108590,464,705.84
DSP0002985,CMP0033,2023-02-02,99276,584,645.30
DSP0002986,CMP0033,2023-02-03,108180,828,703.17
DSP0002987,CMP0033,2023-02-04,82898,479,538.84
DSP0002988,CMP0033,2023-02-05,121112,908,787.23
DSP0002989,CMP0033,2023-02-06,95126,638,618.32
DSP0002990,CMP0033,2023-02-07,101110,447,657.22
DSP0002991,CMP0033,2023-02-08,103166,444,670.58
DSP0002992,CMP0033,2023-02-09,96176,608,625.15
DSP0002993,CMP0033,2023-02-10,127321,581,827.59
DSP0002994,CMP0033,2023-02-11,93436,456,607.34
DSP0002995,CMP0033,2023-02-12,122007,712,793.05
DSP0002996,CMP0033,2023-02-13,85132,428,553.36
DSP0002997,CMP0033,2023-02-14,91852,429,597.04
DSP0002998,CMP0033,2023-02-15,86458,440,561.98
DSP0002999,CMP0033,2023-02-16,89647,683,582.71
DSP0003000,CMP0033,2023-02-17,91409,584,594.16
DSP0003001,CMP0033,2023-02-18,91818,410,596.82
DSP0003002,CMP0033,2023-02-19,108807,471,707.25
DSP0003003,CMP0033,2023-02-20,116133,763,754.87
DSP0003004,CMP0033,2023-02-21,106252,718,690.64
DSP0003005,CMP0033,2023-02-22,79787,467,518.62
DSP0003006,CMP0033,2023-02-23,76789,451,499.13
DSP0003007,CMP0033,2023-02-24,107732,582,700.26
DSP0003008,CMP0033,2023-02-25,91061,553,591.90
DSP0003009,CMP0033,2023-02-26,91840,516,596.96
DSP0003010,CMP0033,2023-02-27,90550,676,588.58
DSP0003011,CMP0033,2023-02-28,101476,695,659.60
DSP0003012,CMP0033,2023-03-01,72813,337,473.29
DSP0003013,CMP0033,2023-03-02,96744,450,628.84
DSP0003014,CMP0033,2023-03-03,69576,456,452.25
DSP0003015,CMP0033,2023-03-04,87249,547,567.12
DSP0003016,CMP0033,2023-03-05,107930,655,701.55
DSP0003017,CMP0033,2023-03-06,125047,868,812.81
DSP0003018,CMP0033,2023-03-07,95801,571,622.71
DSP0003019,CMP0033,2023-03-08,81295,589,528.42
DSP0003020,CMP0033,2023-03-09,122489,666,796.18
DSP0003021,CMP0033,2023-03-10,122655,656,797.26
DSP0003022,CMP0033,2023-03-11,73283,538,476.34
DSP0003023,CMP0033,2023-03-12,121486,568,789.66
DSP0003024,CMP0033,2023-03-13,116390,593,756.54
DSP0003025,CMP0033,2023-03-14,78069,496,507.45
DSP0003026,CMP0034,2024-03-29,19713,133,295.70
DSP0003027,CMP0034,2024-03-30,19405,122,291.08
DSP0003028,CMP0034,2024-03-31,15361,153,230.42
DSP0003029,CMP0034,2024-04-01,13362,96,200.43
DSP0003030,CMP0034,2024-04-02,18541,184,278.12
DSP0003031,CMP0034,2024-04-03,21231,134,318.47
DSP0003032,CMP0034,2024-04-04,20242,198,303.64
DSP0003033,CMP0034,2024-04-05,19649,206,294.74
DSP0003034,CMP0034,2024-04-06,14321,128,214.82
DSP0003035,CMP0034,2024-04-07,23548,230,353.22
DSP0003036,CMP0034,2024-04-08,22778,178,341.67
DSP0003037,CMP0034,2024-04-09,17515,124,262.73
DSP0003038,CMP0034,2024-04-10,20239,226,303.59
DSP0003039,CMP0034,2024-04-11,22295,196,334.43
DSP0003040,CMP0034,2024-04-12,23626,257,354.39
DSP0003041,CMP0034,2024-04-13,16394,140,245.92
DSP0003042,CMP0034,2024-04-14,20735,180,311.03
DSP0003043,CMP0034,2024-04-15,23958,225,359.37
DSP0003044,CMP0034,2024-04-16,14618,130,219.28
DSP0003045,CMP0034,2024-04-17,22490,178,337.36
DSP0003046,CMP0034,2024-04-18,18119,173,271.79
DSP0003047,CMP0034,2024-04-19,14253,139,213.80
DSP0003048,CMP0034,2024-04-20,14289,127,214.34
DSP0003049,CMP0034,2024-04-21,17898,186,268.48
DSP0003050,CMP0034,2024-04-22,21709,203,325.64
DSP0003051,CMP0034,2024-04-23,21318,138,319.77
DSP0003052,CMP0034,2024-04-24,22570,196,338.55
DSP0003053,CMP0034,2024-04-25,15451,128,231.77
DSP0003054,CMP0034,2024-04-26,20046,213,300.70
DSP0003055,CMP0034,2024-04-27,21292,233,319.38
DSP0003056,CMP0034,2024-04-28,21994,174,329.92
DSP0003057,CMP0034,2024-04-29,13366,125,200.49
DSP0003058,CMP0034,2024-04-30,17218,142,258.27
DSP0003059,CMP0034,2024-05-01,22132,175,331.99
DSP0003060,CMP0034,2024-05-02,14204,103,213.07
DSP0003061,CMP0034,2024-05-03,23974,208,359.61
DSP0003062,CMP0034,2024-05-04,24336,223,365.05
DSP0003063,CMP0034,2024-05-05,17618,179,264.27
DSP0003064,CMP0034,2024-05-06,22960,218,344.41
DSP0003065,CMP0034,2024-05-07,15769,164,236.54
DSP0003066,CMP0034,2024-05-08,13446,138,201.69
DSP0003067,CMP0034,2024-05-09,15729,181,235.94
DSP0003068,CMP0034,2024-05-10,13930,96,208.96
DSP0003069,CMP0034,2024-05-11,21666,211,324.99
DSP0003070,CMP0034,2024-05-12,15724,119,235.87
DSP0003071,CMP0034,2024-05-13,14688,153,220.32
DSP0003072,CMP0034,2024-05-14,21812,218,327.19
DSP0003073,CMP0034,2024-05-15,23446,149,351.69
DSP0003074,CMP0034,2024-05-16,15730,106,235.96
DSP0003075,CMP0034,2024-05-17,18472,146,277.09
DSP0003076,CMP0034,2024-05-18,24103,277,361.55
DSP0003077,CMP0034,2024-05-19,24637,279,369.56
DSP0003078,CMP0034,2024-05-20,16350,140,245.25
DSP0003079,CMP0034,2024-05-21,17506,145,262.59
DSP0003080,CMP0034,2024-05-22,24115,249,361.73
DSP0003081,CMP0034,2024-05-23,23883,257,358.25
DSP0003082,CMP0034,2024-05-24,23525,225,352.88
DSP0003083,CMP0034,2024-05-25,19988,130,299.83
DSP0003084,CMP0034,2024-05-26,23161,154,347.42
DSP0003085,CMP0034,2024-05-27,15044,173,225.67
DSP0003086,CMP0034,2024-05-28,14957,127,224.36
DSP0003087,CMP0034,2024-05-29,15719,172,235.79
DSP0003088,CMP0034,2024-05-30,15920,173,238.81
DSP0003089,CMP0034,2024-05-31,19216,203,288.24
DSP0003090,CMP0034,2024-06-01,15248,141,228.73
DSP0003091,CMP0034,2024-06-02,21217,176,318.26
DSP0003092,CMP0034,2024-06-03,19606,186,294.10
DSP0003093,CMP0034,2024-06-04,18798,130,281.97
DSP0003094,CMP0034,2024-06-05,14068,155,211.03
DSP0003095,CMP0034,2024-06-06,18759,185,281.39
DSP0003096,CMP0034,2024-06-07,23257,157,348.86
DSP0003097,CMP0034,2024-06-08,23413,160,351.20
DSP0003098,CMP0034,2024-06-09,15326,157,229.90
DSP0003099,CMP0034,2024-06-10,19204,195,288.07
DSP0003100,CMP0034,2024-06-11,16916,115,253.74
DSP0003101,CMP0034,2024-06-12,22285,174,334.28
DSP0003102,CMP0034,2024-06-13,21076,215,316.14
DSP0003103,CMP0034,2024-06-14,16458,145,246.88
DSP0003104,CMP0034,2024-06-15,16194,170,242.92
DSP0003105,CMP0034,2024-06-16,21297,203,319.46
DSP0003106,CMP0034,2024-06-17,17794,122,266.91
DSP0003107,CMP0034,2024-06-18,14602,125,219.04
DSP0003108,CMP0034,2024-06-19,23310,160,349.65
DSP0003109,CMP0034,2024-06-20,18552,154,278.29
DSP0003110,CMP0034,2024-06-21,19107,199,286.61
DSP0003111,CMP0034,2024-06-22,23665,214,354.98
DSP0003112,CMP0034,2024-06-23,19512,202,292.68
DSP0003113,CMP0034,2024-06-24,19100,182,286.51
DSP0003114,CMP0034,2024-06-25,20382,160,305.74
DSP0003115,CMP0034,2024-06-26,14706,159,220.59
DSP0003116,CMP0034,2024-06-27,19626,217,294.39
DSP0003117,CMP0034,2024-06-28,15259,166,228.89
DSP0003118,CMP0034,2024-06-29,19566,183,293.49
DSP0003119,CMP0034,2024-06-30,22124,177,331.87
DSP0003120,CMP0034,2024-07-01,23529,270,352.94
DSP0003121,CMP0034,2024-07-02,23566,167,353.49
DSP0003122,CMP0034,2024-07-03,16404,155,246.07
DSP0003123,CMP0034,2024-07-04,16540,154,248.11
DSP0003124,CMP0034,2024-07-05,16642,107,249.64
DSP0003125,CMP0034,2024-07-06,13906,119,208.59
DSP0003126,CMP0034,2024-07-07,20273,182,304.10
DSP0003127,CMP0034,2024-07-08,23758,156,356.38
DSP0003128,CMP0034,2024-07-09,17302,144,259.53
DSP0003129,CMP0034,2024-07-10,21707,159,325.61
DSP0003130,CMP0034,2024-07-11,16204,182,243.06
DSP0003131,CMP0034,2024-07-12,14218,146,213.28
DSP0003132,CMP0034,2024-07-13,23968,230,359.53
DSP0003133,CMP0034,2024-07-14,23471,256,352.07
DSP0003134,CMP0034,2024-07-15,17669,150,265.04
DSP0003135,CMP0034,2024-07-16,16172,115,242.58
DSP0003136,CMP0034,2024-07-17,18018,192,270.28
DSP0003137,CMP0034,2024-07-18,14459,132,216.89
DSP0003138,CMP0034,2024-07-19,18599,202,278.99
DSP0003139,CMP0034,2024-07-20,24652,157,369.79
DSP0003140,CMP0034,2024-07-21,17926,136,268.90
DSP0003141,CMP0034,2024-07-22,17122,109,256.83
DSP0003142,CMP0034,2024-07-23,24335,230,365.03
DSP0003143,CMP0034,2024-07-24,23406,213,351.09
DSP0003144,CMP0034,2024-07-25,21050,240,315.75
DSP0003145,CMP0035,2025-03-02,17426,441,156.84
DSP0003146,CMP0035,2025-03-03,20148,474,181.34
DSP0003147,CMP0035,2025-03-04,18177,377,163.60
DSP0003148,CMP0035,2025-03-05,22110,468,198.99
DSP0003149,CMP0035,2025-03-06,15874,311,142.87
DSP0003150,CMP0035,2025-03-07,23435,476,210.92
DSP0003151,CMP0035,2025-03-08,24524,728,220.72
DSP0003152,CMP0035,2025-03-09,19420,539,174.78
DSP0003153,CMP0035,2025-03-10,26698,749,240.29
DSP0003154,CMP0035,2025-03-11,16863,540,151.77
DSP0003155,CMP0035,2025-03-12,17706,366,159.36
DSP0003156,CMP0035,2025-03-13,17220,415,154.98
DSP0003157,CMP0035,2025-03-14,23378,626,210.41
DSP0003158,CMP0035,2025-03-15,27606,864,248.46
DSP0003159,CMP0035,2025-03-16,15472,385,139.25
DSP0003160,CMP0035,2025-03-17,27248,575,245.24
DSP0003161,CMP0035,2025-03-18,24933,684,224.40
DSP0003162,CMP0035,2025-03-19,22898,478,206.09
DSP0003163,CMP0035,2025-03-20,23704,770,213.34
DSP0003164,CMP0035,2025-03-21,18455,444,166.10
DSP0003165,CMP0035,2025-03-22,20056,582,180.51
DSP0003166,CMP0035,2025-03-23,28298,866,254.69
DSP0003167,CMP0035,2025-03-24,25597,482,230.38
DSP0003168,CMP0035,2025-03-25,27754,771,249.79
DSP0003169,CMP0035,2025-03-26,25006,531,225.06
DSP0003170,CMP0035,2025-03-27,23280,529,209.52
DSP0003171,CMP0035,2025-03-28,25868,545,232.82
DSP0003172,CMP0035,2025-03-29,26125,489,235.13
DSP0003173,CMP0035,2025-03-30,16538,388,148.85
DSP0003174,CMP0035,2025-03-31,26948,769,242.54
DSP0003175,CMP0035,2025-04-01,27291,653,245.62
DSP0003176,CMP0035,2025-04-02,22794,543,205.15
DSP0003177,CMP0035,2025-04-03,23784,484,214.06
DSP0003178,CMP0035,2025-04-04,24690,567,222.21
DSP0003179,CMP0035,2025-04-05,19607,434,176.47
DSP0003180,CMP0035,2025-04-06,20213,623,181.92
DSP0003181,CMP0035,2025-04-07,15952,458,143.57
DSP0003182,CMP0035,2025-04-08,23664,767,212.98
DSP0003183,CMP0035,2025-04-09,18630,538,167.67
DSP0003184,CMP0035,2025-04-10,17893,352,161.04
DSP0003185,CMP0035,2025-04-11,21941,442,197.47
DSP0003186,CMP0035,2025-04-12,15417,437,138.76
DSP0003187,CMP0035,2025-04-13,16647,350,149.83
DSP0003188,CMP0035,2025-04-14,24912,786,224.21
DSP0003189,CMP0035,2025-04-15,20625,593,185.63
DSP0003190,CMP0035,2025-04-16,19025,334,171.23
DSP0003191,CMP0035,2025-04-17,15590,367,140.31
DSP0003192,CMP0035,2025-04-18,21935,477,197.42
DSP0003193,CMP0035,2025-04-19,21055,513,189.50
DSP0003194,CMP0035,2025-04-20,20117,625,181.06
DSP0003195,CMP0035,2025-04-21,27566,609,248.10
DSP0003196,CMP0035,2025-04-22,25946,704,233.52
DSP0003197,CMP0035,2025-04-23,23293,503,209.64
DSP0003198,CMP0035,2025-04-24,27925,546,251.33
DSP0003199,CMP0035,2025-04-25,21860,564,196.74
DSP0003200,CMP0035,2025-04-26,17273,396,155.46
DSP0003201,CMP0035,2025-04-27,20574,404,185.17
DSP0003202,CMP0035,2025-04-28,19557,444,176.02
DSP0003203,CMP0035,2025-04-29,19230,383,173.07
DSP0003204,CMP0035,2025-04-30,22978,587,206.81
DSP0003205,CMP0035,2025-05-01,16222,429,146.00
DSP0003206,CMP0035,2025-05-02,25085,744,225.77
DSP0003207,CMP0035,2025-05-03,18767,373,168.91
DSP0003208,CMP0035,2025-05-04,24995,539,224.96
DSP0003209,CMP0035,2025-05-05,25812,574,232.31
DSP0003210,CMP0035,2025-05-06,25444,592,229.00
DSP0003211,CMP0035,2025-05-07,16598,429,149.39
DSP0003212,CMP0035,2025-05-08,18433,578,165.90
DSP0003213,CMP0035,2025-05-09,23050,578,207.45
DSP0003214,CMP0035,2025-05-10,15564,397,140.08
DSP0003215,CMP0035,2025-05-11,21117,630,190.06
DSP0003216,CMP0035,2025-05-12,17466,508,157.20
DSP0003217,CMP0035,2025-05-13,18891,444,170.02
DSP0003218,CMP0035,2025-05-14,19232,516,173.09
DSP0003219,CMP0035,2025-05-15,20956,617,188.61
DSP0003220,CMP0035,2025-05-16,25541,802,229.87
DSP0003221,CMP0035,2025-05-17,16620,339,149.58
DSP0003222,CMP0035,2025-05-18,21726,649,195.54
DSP0003223,CMP0035,2025-05-19,21880,566,196.92
DSP0003224,CMP0035,2025-05-20,25816,656,232.35
DSP0003225,CMP0035,2025-05-21,16348,324,147.14
DSP0003226,CMP0035,2025-05-22,25798,558,232.19
DSP0003227,CMP0036,2024-08-01,24506,780,441.12
DSP0003228,CMP0036,2024-08-02,19679,798,354.23
DSP0003229,CMP0036,2024-08-03,26968,1212,485.43
DSP0003230,CMP0036,2024-08-04,27103,1120,487.86
DSP0003231,CMP0036,2024-08-05,28419,1070,511.55
DSP0003232,CMP0036,2024-08-06,21353,788,384.37
DSP0003233,CMP0036,2024-08-07,28796,1246,518.33
DSP0003234,CMP0036,2024-08-08,35401,1580,637.23
DSP0003235,CMP0036,2024-08-09,21435,641,385.83
DSP0003236,CMP0036,2024-08-10,25791,1003,464.24
DSP0003237,CMP0036,2024-08-11,36032,1338,648.58
DSP0003238,CMP0036,2024-08-12,25202,944,453.65
DSP0003239,CMP0036,2024-08-13,35522,1533,639.40
DSP0003240,CMP0036,2024-08-14,23397,711,421.16
DSP0003241,CMP0036,2024-08-15,21156,602,380.82
DSP0003242,CMP0036,2024-08-16,29561,1211,532.11
DSP0003243,CMP0036,2024-08-17,26468,941,476.43
DSP0003244,CMP0036,2024-08-18,24124,954,434.24
DSP0003245,CMP0036,2024-08-19,29367,1249,528.62
DSP0003246,CMP0036,2024-08-20,28555,999,514.00
DSP0003247,CMP0036,2024-08-21,31728,1378,571.11
DSP0003248,CMP0036,2024-08-22,23078,619,415.41
DSP0003249,CMP0036,2024-08-23,20371,558,366.68
DSP0003250,CMP0036,2024-08-24,34857,1081,627.44
DSP0003251,CMP0036,2024-08-25,35435,1319,637.84
DSP0003252,CMP0036,2024-08-26,35812,1313,644.63
DSP0003253,CMP0036,2024-08-27,25286,932,455.15
DSP0003254,CMP0036,2024-08-28,31402,879,565.24
DSP0003255,CMP0036,2024-08-29,27598,1108,496.78
DSP0003256,CMP0036,2024-08-30,31736,1347,571.26
DSP0003257,CMP0036,2024-08-31,30177,1056,543.19
DSP0003258,CMP0036,2024-09-01,21895,577,394.12
DSP0003259,CMP0036,2024-09-02,24647,999,443.66
DSP0003260,CMP0036,2024-09-03,32169,862,579.05
DSP0003261,CMP0036,2024-09-04,27560,684,496.08
DSP0003262,CMP0036,2024-09-05,30515,1328,549.28
DSP0003263,CMP0036,2024-09-06,22851,862,411.32
DSP0003264,CMP0036,2024-09-07,19930,638,358.75
DSP0003265,CMP0036,2024-09-08,20566,820,370.19
DSP0003266,CMP0036,2024-09-09,32808,851,590.56
DSP0003267,CMP0036,2024-09-10,33433,1409,601.81
DSP0003268,CMP0036,2024-09-11,31881,1430,573.87
DSP0003269,CMP0036,2024-09-12,21016,819,378.29
DSP0003270,CMP0036,2024-09-13,32041,1451,576.75
DSP0003271,CMP0036,2024-09-14,30586,1256,550.55
DSP0003272,CMP0036,2024-09-15,22085,816,397.53
DSP0003273,CMP0036,2024-09-16,32780,1259,590.04
DSP0003274,CMP0036,2024-09-17,24317,828,437.72
DSP0003275,CMP0036,2024-09-18,21285,831,383.13
DSP0003276,CMP0036,2024-09-19,29586,1184,532.56
DSP0003277,CMP0036,2024-09-20,31618,1237,569.14
DSP0003278,CMP0036,2024-09-21,28708,762,516.75
DSP0003279,CMP0036,2024-09-22,29861,737,537.50
DSP0003280,CMP0036,2024-09-23,20996,612,377.93
DSP0003281,CMP0036,2024-09-24,19706,820,354.72
DSP0003282,CMP0036,2024-09-25,34012,952,612.23
DSP0003283,CMP0036,2024-09-26,25813,1140,464.65
DSP0003284,CMP0036,2024-09-27,32140,1120,578.53
DSP0003285,CMP0036,2024-09-28,29744,1048,535.40
DSP0003286,CMP0036,2024-09-29,30772,755,553.90
DSP0003287,CMP0036,2024-09-30,26850,786,483.30
DSP0003288,CMP0036,2024-10-01,27494,757,494.90
DSP0003289,CMP0036,2024-10-02,21456,876,386.22
DSP0003290,CMP0036,2024-10-03,32407,1425,583.33
DSP0003291,CMP0036,2024-10-04,22843,757,411.19
DSP0003292,CMP0036,2024-10-05,23645,655,425.62
DSP0003293,CMP0036,2024-10-06,23227,895,418.10
DSP0003294,CMP0036,2024-10-07,30089,1165,541.61
DSP0003295,CMP0036,2024-10-08,31256,1269,562.61
DSP0003296,CMP0036,2024-10-09,23352,756,420.35
DSP0003297,CMP0036,2024-10-10,36135,1288,650.43
DSP0003298,CMP0036,2024-10-11,19732,866,355.18
DSP0003299,CMP0036,2024-10-12,35436,968,637.86
DSP0003300,CMP0036,2024-10-13,19919,682,358.55
DSP0003301,CMP0036,2024-10-14,34061,1387,613.11
DSP0003302,CMP0036,2024-10-15,25992,1023,467.87
DSP0003303,CMP0036,2024-10-16,24628,726,443.32
DSP0003304,CMP0036,2024-10-17,31974,1226,575.54
DSP0003305,CMP0036,2024-10-18,35305,954,635.49
DSP0003306,CMP0036,2024-10-19,33534,831,603.62
DSP0003307,CMP0036,2024-10-20,20103,513,361.87
DSP0003308,CMP0036,2024-10-21,27348,860,492.28
DSP0003309,CMP0036,2024-10-22,32241,842,580.35
DSP0003310,CMP0037,2025-08-28,37426,865,411.69
DSP0003311,CMP0037,2025-08-29,40045,530,440.50
DSP0003312,CMP0037,2025-08-30,29556,624,325.12
DSP0003313,CMP0037,2025-08-31,28410,661,312.52
DSP0003314,CMP0037,2025-09-01,33455,640,368.01
DSP0003315,CMP0037,2025-09-02,40769,562,448.46
DSP0003316,CMP0037,2025-09-03,33875,679,372.63
DSP0003317,CMP0037,2025-09-04,43428,848,477.71
DSP0003318,CMP0037,2025-09-05,41109,547,452.20
DSP0003319,CMP0037,2025-09-06,49218,1145,541.40
DSP0003320,CMP0037,2025-09-07,35860,761,394.46
DSP0003321,CMP0037,2025-09-08,36630,593,402.94
DSP0003322,CMP0037,2025-09-09,45638,802,502.02
DSP0003323,CMP0037,2025-09-10,40862,531,449.49
DSP0003324,CMP0037,2025-09-11,44600,611,490.60
DSP0003325,CMP0037,2025-09-12,48271,966,530.99
DSP0003326,CMP0037,2025-09-13,42619,668,468.81
DSP0003327,CMP0037,2025-09-14,43928,584,483.21
DSP0003328,CMP0037,2025-09-15,35282,493,388.11
DSP0003329,CMP0037,2025-09-16,35574,703,391.32
DSP0003330,CMP0037,2025-09-17,41146,624,452.61
DSP0003331,CMP0037,2025-09-18,31621,521,347.84
DSP0003332,CMP0037,2025-09-19,39680,907,436.48
DSP0003333,CMP0037,2025-09-20,29649,452,326.14
DSP0003334,CMP0037,2025-09-21,46322,983,509.55
DSP0003335,CMP0037,2025-09-22,34896,459,383.86
DSP0003336,CMP0037,2025-09-23,35722,464,392.95
DSP0003337,CMP0037,2025-09-24,42914,914,472.06
DSP0003338,CMP0037,2025-09-25,26716,438,293.88
DSP0003339,CMP0037,2025-09-26,41240,654,453.65
DSP0003340,CMP0037,2025-09-27,43632,783,479.96
DSP0003341,CMP0037,2025-09-28,45527,699,500.80
DSP0003342,CMP0037,2025-09-29,27829,375,306.12
DSP0003343,CMP0037,2025-09-30,33549,577,369.04
DSP0003344,CMP0037,2025-10-01,34307,786,377.38
DSP0003345,CMP0037,2025-10-02,26743,476,294.18
DSP0003346,CMP0037,2025-10-03,41612,581,457.74
DSP0003347,CMP0037,2025-10-04,38588,698,424.47
DSP0003348,CMP0037,2025-10-05,43817,576,481.99
DSP0003349,CMP0037,2025-10-06,43621,690,479.84
DSP0003350,CMP0037,2025-10-07,29860,377,328.46
DSP0003351,CMP0037,2025-10-08,47620,909,523.83
DSP0003352,CMP0037,2025-10-09,36690,577,403.59
DSP0003353,CMP0037,2025-10-10,43101,885,474.12
DSP0003354,CMP0037,2025-10-11,45375,665,499.13
DSP0003355,CMP0037,2025-10-12,31787,468,349.66
DSP0003356,CMP0037,2025-10-13,46274,912,509.02
DSP0003357,CMP0037,2025-10-14,29912,458,329.04
DSP0003358,CMP0037,2025-10-15,34450,792,378.95
DSP0003359,CMP0037,2025-10-16,35036,551,385.40
DSP0003360,CMP0037,2025-10-17,34045,718,374.50
DSP0003361,CMP0037,2025-10-18,31926,656,351.19
DSP0003362,CMP0037,2025-10-19,32071,475,352.79
DSP0003363,CMP0037,2025-10-20,45470,958,500.18
DSP0003364,CMP0037,2025-10-21,36810,782,404.91
DSP0003365,CMP0037,2025-10-22,28984,492,318.83
DSP0003366,CMP0037,2025-10-23,32995,753,362.95
DSP0003367,CMP0037,2025-10-24,35450,517,389.95
DSP0003368,CMP0037,2025-10-25,31330,700,344.63
DSP0003369,CMP0037,2025-10-26,39158,687,430.74
DSP0003370,CMP0037,2025-10-27,43670,721,480.37
DSP0003371,CMP0037,2025-10-28,28923,542,318.16
DSP0003372,CMP0037,2025-10-29,45462,953,500.09
DSP0003373,CMP0037,2025-10-30,45129,887,496.42
DSP0003374,CMP0037,2025-10-31,47974,1030,527.72
DSP0003375,CMP0037,2025-11-01,43294,798,476.24
DSP0003376,CMP0037,2025-11-02,43544,1015,478.99
DSP0003377,CMP0037,2025-11-03,28432,428,312.76
DSP0003378,CMP0037,2025-11-04,26753,376,294.29
DSP0003379,CMP0037,2025-11-05,32651,455,359.17
DSP0003380,CMP0037,2025-11-06,41350,859,454.86
DSP0003381,CMP0037,2025-11-07,46117,716,507.29
DSP0003382,CMP0037,2025-11-08,46931,1004,516.25
DSP0003383,CMP0037,2025-11-09,32140,609,353.54
DSP0003384,CMP0037,2025-11-10,33758,599,371.34
DSP0003385,CMP0037,2025-11-11,30383,498,334.22
DSP0003386,CMP0037,2025-11-12,29547,602,325.02
DSP0003387,CMP0037,2025-11-13,33069,546,363.76
DSP0003388,CMP0037,2025-11-14,42526,993,467.79
DSP0003389,CMP0037,2025-11-15,33442,428,367.87
DSP0003390,CMP0037,2025-11-16,36400,734,400.40
DSP0003391,CMP0037,2025-11-17,35890,484,394.80
DSP0003392,CMP0037,2025-11-18,36481,528,401.30
DSP0003393,CMP0037,2025-11-19,28050,570,308.56
DSP0003394,CMP0037,2025-11-20,35708,577,392.79
DSP0003395,CMP0037,2025-11-21,49043,1065,539.48
DSP0003396,CMP0037,2025-11-22,47430,953,521.74
DSP0003397,CMP0037,2025-11-23,27987,417,307.86
DSP0003398,CMP0037,2025-11-24,46551,608,512.07
DSP0003399,CMP0037,2025-11-25,43328,783,476.61
DSP0003400,CMP0037,2025-11-26,38504,850,423.55
DSP0003401,CMP0037,2025-11-27,29340,496,322.74
DSP0003402,CMP0037,2025-11-28,48472,677,533.20
DSP0003403,CMP0037,2025-11-29,47556,844,523.12
DSP0003404,CMP0037,2025-11-30,41406,656,455.47
DSP0003405,CMP0037,2025-12-01,34322,601,377.55
DSP0003406,CMP0037,2025-12-02,39044,637,429.49
DSP0003407,CMP0038,2023-04-28,69432,345,451.31
DSP0003408,CMP0038,2023-04-29,64040,494,416.26
DSP0003409,CMP0038,2023-04-30,76010,468,494.07
DSP0003410,CMP0038,2023-05-01,55083,248,358.04
DSP0003411,CMP0038,2023-05-02,63152,358,410.49
DSP0003412,CMP0038,2023-05-03,87326,577,567.62
DSP0003413,CMP0038,2023-05-04,72080,346,468.52
DSP0003414,CMP0038,2023-05-05,85600,470,556.40
DSP0003415,CMP0038,2023-05-06,63541,430,413.02
DSP0003416,CMP0038,2023-05-07,66609,516,432.96
DSP0003417,CMP0038,2023-05-08,91273,539,593.28
DSP0003418,CMP0038,2023-05-09,84966,447,552.28
DSP0003419,CMP0038,2023-05-10,74798,533,486.19
DSP0003420,CMP0038,2023-05-11,55881,323,363.23
DSP0003421,CMP0038,2023-05-12,52606,350,341.94
DSP0003422,CMP0038,2023-05-13,86216,566,560.41
DSP0003423,CMP0038,2023-05-14,59783,461,388.59
DSP0003424,CMP0038,2023-05-15,90587,454,588.82
DSP0003425,CMP0038,2023-05-16,62676,295,407.40
DSP0003426,CMP0038,2023-05-17,82306,493,534.99
DSP0003427,CMP0038,2023-05-18,55147,412,358.46
DSP0003428,CMP0038,2023-05-19,60750,398,394.88
DSP0003429,CMP0038,2023-05-20,76364,436,496.37
DSP0003430,CMP0038,2023-05-21,82229,452,534.49
DSP0003431,CMP0038,2023-05-22,74852,422,486.54
DSP0003432,CMP0038,2023-05-23,89878,521,584.21
DSP0003433,CMP0038,2023-05-24,58473,298,380.08
DSP0003434,CMP0038,2023-05-25,68838,446,447.45
DSP0003435,CMP0038,2023-05-26,62426,467,405.77
DSP0003436,CMP0038,2023-05-27,56384,243,366.50
DSP0003437,CMP0038,2023-05-28,66880,466,434.72
DSP0003438,CMP0038,2023-05-29,86509,582,562.31
DSP0003439,CMP0038,2023-05-30,57230,327,372.00
DSP0003440,CMP0038,2023-05-31,57644,333,374.69
DSP0003441,CMP0038,2023-06-01,72701,416,472.56
DSP0003442,CMP0038,2023-06-02,90126,649,585.82
DSP0003443,CMP0038,2023-06-03,59513,400,386.84
DSP0003444,CMP0038,2023-06-04,57781,376,375.58
DSP0003445,CMP0038,2023-06-05,88849,463,577.52
DSP0003446,CMP0038,2023-06-06,80940,387,526.11
DSP0003447,CMP0038,2023-06-07,62752,295,407.89
DSP0003448,CMP0038,2023-06-08,53100,314,345.15
DSP0003449,CMP0038,2023-06-09,69801,494,453.71
DSP0003450,CMP0038,2023-06-10,71175,528,462.64
DSP0003451,CMP0038,2023-06-11,51883,395,337.24
DSP0003452,CMP0038,2023-06-12,59387,339,386.02
DSP0003453,CMP0038,2023-06-13,71363,518,463.86
DSP0003454,CMP0038,2023-06-14,65310,354,424.52
DSP0003455,CMP0038,2023-06-15,52496,225,341.23
DSP0003456,CMP0038,2023-06-16,74272,470,482.77
DSP0003457,CMP0038,2023-06-17,56360,307,366.34
DSP0003458,CMP0038,2023-06-18,74543,446,484.53
DSP0003459,CMP0038,2023-06-19,89632,380,582.61
DSP0003460,CMP0038,2023-06-20,69852,527,454.04
DSP0003461,CMP0038,2023-06-21,61569,311,400.20
DSP0003462,CMP0038,2023-06-22,87320,440,567.58
DSP0003463,CMP0038,2023-06-23,58973,407,383.33
DSP0003464,CMP0038,2023-06-24,88349,556,574.27
DSP0003465,CMP0038,2023-06-25,59400,261,386.10
DSP0003466,CMP0038,2023-06-26,64478,457,419.11
DSP0003467,CMP0038,2023-06-27,54489,347,354.18
DSP0003468,CMP0038,2023-06-28,65070,505,422.96
DSP0003469,CMP0038,2023-06-29,71889,548,467.28
DSP0003470,CMP0038,2023-06-30,78780,478,512.07
DSP0003471,CMP0038,2023-07-01,55936,307,363.59
DSP0003472,CMP0038,2023-07-02,66055,417,429.36
DSP0003473,CMP0038,2023-07-03,56218,379,365.42
DSP0003474,CMP0038,2023-07-04,72607,378,471.95
DSP0003475,CMP0038,2023-07-05,90046,458,585.30
DSP0003476,CMP0038,2023-07-06,91503,413,594.77
DSP0003477,CMP0038,2023-07-07,80789,545,525.13
DSP0003478,CMP0038,2023-07-08,85096,604,553.13
DSP0003479,CMP0038,2023-07-09,56103,334,364.67
DSP0003480,CMP0038,2023-07-10,83006,395,539.54
DSP0003481,CMP0038,2023-07-11,70398,375,457.59
DSP0003482,CMP0038,2023-07-12,58429,421,379.79
DSP0003483,CMP0038,2023-07-13,62100,306,403.65
DSP0003484,CMP0038,2023-07-14,88864,586,577.62
DSP0003485,CMP0038,2023-07-15,84887,431,551.77
DSP0003486,CMP0039,2025-01-16,8634,82,129.51
DSP0003487,CMP0039,2025-01-17,10692,119,160.39
DSP0003488,CMP0039,2025-01-18,11173,86,167.60
DSP0003489,CMP0039,2025-01-19,13362,103,200.44
DSP0003490,CMP0039,2025-01-20,12014,120,180.21
DSP0003491,CMP0039,2025-01-21,10520,118,157.81
DSP0003492,CMP0039,2025-01-22,9057,61,135.86
DSP0003493,CMP0039,2025-01-23,7919,56,118.79
DSP0003494,CMP0039,2025-01-24,10475,116,157.13
DSP0003495,CMP0039,2025-01-25,10030,64,150.45
DSP0003496,CMP0039,2025-01-26,9990,83,149.85
DSP0003497,CMP0039,2025-01-27,10924,76,163.86
DSP0003498,CMP0039,2025-01-28,11118,91,166.77
DSP0003499,CMP0039,2025-01-29,11713,95,175.70
DSP0003500,CMP0039,2025-01-30,10706,109,160.60
DSP0003501,CMP0039,2025-01-31,13108,142,196.62
DSP0003502,CMP0039,2025-02-01,12124,140,181.87
DSP0003503,CMP0039,2025-02-02,10204,69,153.07
DSP0003504,CMP0039,2025-02-03,8750,64,131.25
DSP0003505,CMP0039,2025-02-04,9949,99,149.24
DSP0003506,CMP0039,2025-02-05,12486,133,187.30
DSP0003507,CMP0039,2025-02-06,12918,130,193.77
DSP0003508,CMP0039,2025-02-07,12404,96,186.06
DSP0003509,CMP0039,2025-02-08,8900,79,133.51
DSP0003510,CMP0039,2025-02-09,13686,103,205.30
DSP0003511,CMP0039,2025-02-10,12883,114,193.25
DSP0003512,CMP0039,2025-02-11,11625,76,174.38
DSP0003513,CMP0039,2025-02-12,13409,119,201.14
DSP0003514,CMP0039,2025-02-13,10126,91,151.90
DSP0003515,CMP0039,2025-02-14,10704,68,160.56
DSP0003516,CMP0039,2025-02-15,8214,77,123.22
DSP0003517,CMP0039,2025-02-16,7708,72,115.62
DSP0003518,CMP0039,2025-02-17,7998,59,119.98
DSP0003519,CMP0039,2025-02-18,12789,83,191.84
DSP0003520,CMP0039,2025-02-19,11129,70,166.94
DSP0003521,CMP0039,2025-02-20,8577,87,128.66
DSP0003522,CMP0039,2025-02-21,12732,106,190.98
DSP0003523,CMP0039,2025-02-22,10928,81,163.92
DSP0003524,CMP0039,2025-02-23,11622,105,174.34
DSP0003525,CMP0039,2025-02-24,12686,81,190.29
DSP0003526,CMP0039,2025-02-25,7633,65,114.50
DSP0003527,CMP0039,2025-02-26,9686,110,145.29
DSP0003528,CMP0039,2025-02-27,9685,86,145.28
DSP0003529,CMP0039,2025-02-28,11974,98,179.62
DSP0003530,CMP0039,2025-03-01,13020,139,195.30
DSP0003531,CMP0039,2025-03-02,10798,122,161.98
DSP0003532,CMP0039,2025-03-03,10814,102,162.21
DSP0003533,CMP0039,2025-03-04,13587,131,203.81
DSP0003534,CMP0039,2025-03-05,8026,87,120.39
DSP0003535,CMP0039,2025-03-06,10203,78,153.05
DSP0003536,CMP0039,2025-03-07,10152,104,152.28
DSP0003537,CMP0039,2025-03-08,9056,89,135.84
DSP0003538,CMP0039,2025-03-09,11590,112,173.85
DSP0003539,CMP0039,2025-03-10,11782,128,176.74
DSP0003540,CMP0039,2025-03-11,11318,127,169.77
DSP0003541,CMP0039,2025-03-12,11046,75,165.69
DSP0003542,CMP0039,2025-03-13,11042,124,165.63
DSP0003543,CMP0039,2025-03-14,13365,90,200.48
DSP0003544,CMP0039,2025-03-15,8122,85,121.84
DSP0003545,CMP0039,2025-03-16,9611,91,144.17
DSP0003546,CMP0039,2025-03-17,13539,141,203.09
DSP0003547,CMP0039,2025-03-18,12632,93,189.48
DSP0003548,CMP0039,2025-03-19,12914,140,193.72
DSP0003549,CMP0039,2025-03-20,12698,126,190.47
DSP0003550,CMP0039,2025-03-21,13294,151,199.42
DSP0003551,CMP0039,2025-03-22,7936,90,119.04
DSP0003552,CMP0039,2025-03-23,7568,85,113.53
DSP0003553,CMP0039,2025-03-24,9625,84,144.38
DSP0003554,CMP0039,2025-03-25,8311,82,124.67
DSP0003555,CMP0039,2025-03-26,11660,122,174.90
DSP0003556,CMP0039,2025-03-27,8920,95,133.81
DSP0003557,CMP0039,2025-03-28,13128,98,196.93
DSP0003558,CMP0039,2025-03-29,13200,101,198.00
DSP0003559,CMP0039,2025-03-30,10960,112,164.40
DSP0003560,CMP0039,2025-03-31,11970,83,179.56
DSP0003561,CMP0039,2025-04-01,9488,91,142.32
DSP0003562,CMP0039,2025-04-02,10236,87,153.54
DSP0003563,CMP0039,2025-04-03,9064,62,135.97
DSP0003564,CMP0039,2025-04-04,10556,109,158.35
DSP0003565,CMP0039,2025-04-05,8184,92,122.77
DSP0003566,CMP0039,2025-04-06,8530,78,127.96
DSP0003567,CMP0039,2025-04-07,10972,120,164.58
DSP0003568,CMP0039,2025-04-08,9696,77,145.45
DSP0003569,CMP0039,2025-04-09,12670,138,190.06
DSP0003570,CMP0039,2025-04-10,11526,107,172.90
DSP0003571,CMP0039,2025-04-11,13106,151,196.60
DSP0003572,CMP0039,2025-04-12,12237,92,183.56
DSP0003573,CMP0039,2025-04-13,9079,60,136.19
DSP0003574,CMP0039,2025-04-14,11641,126,174.62
DSP0003575,CMP0039,2025-04-15,9682,88,145.23
DSP0003576,CMP0039,2025-04-16,12738,92,191.07
DSP0003577,CMP0039,2025-04-17,10130,79,151.96
DSP0003578,CMP0039,2025-04-18,10322,71,154.84
DSP0003579,CMP0039,2025-04-19,12262,104,183.93
DSP0003580,CMP0039,2025-04-20,10602,67,159.04
DSP0003581,CMP0039,2025-04-21,9260,59,138.91
DSP0003582,CMP0039,2025-04-22,12280,140,184.21
DSP0003583,CMP0039,2025-04-23,9956,66,149.35
DSP0003584,CMP0039,2025-04-24,13914,108,208.72
DSP0003585,CMP0039,2025-04-25,10734,99,161.02
DSP0003586,CMP0039,2025-04-26,10987,114,164.81
DSP0003587,CMP0039,2025-04-27,8083,84,121.25
DSP0003588,CMP0039,2025-04-28,9670,66,145.06
DSP0003589,CMP0039,2025-04-29,7888,66,118.33
DSP0003590,CMP0039,2025-04-30,10169,79,152.54
DSP0003591,CMP0039,2025-05-01,12449,132,186.74
DSP0003592,CMP0039,2025-05-02,13960,132,209.40
DSP0003593,CMP0039,2025-05-03,9983,108,149.75
DSP0003594,CMP0039,2025-05-04,7708,50,115.62
DSP0003595,CMP0039,2025-05-05,11329,131,169.94
DSP0003596,CMP0039,2025-05-06,9528,95,142.93
DSP0003597,CMP0039,2025-05-07,12978,138,194.67
DSP0003598,CMP0039,2025-05-08,13915,103,208.73
DSP0003599,CMP0039,2025-05-09,9162,73,137.43
DSP0003600,CMP0039,2025-05-10,9510,101,142.65
DSP0003601,CMP0039,2025-05-11,9087,85,136.31
DSP0003602,CMP0039,2025-05-12,11913,111,178.70
DSP0003603,CMP0039,2025-05-13,9068,67,136.02
DSP0003604,CMP0039,2025-05-14,12593,88,188.90
DSP0003605,CMP0039,2025-05-15,9632,109,144.49
DSP0003606,CMP0039,2025-05-16,10258,119,153.88
DSP0003607,CMP0039,2025-05-17,9980,74,149.71
DSP0003608,CMP0039,2025-05-18,7738,89,116.08
DSP0003609,CMP0039,2025-05-19,13792,110,206.88
DSP0003610,CMP0039,2025-05-20,12178,137,182.68
DSP0003611,CMP0039,2025-05-21,9710,108,145.66
DSP0003612,CMP0039,2025-05-22,11933,117,179.00
DSP0003613,CMP0039,2025-05-23,13140,121,197.10
DSP0003614,CMP0039,2025-05-24,8954,95,134.31
DSP0003615,CMP0039,2025-05-25,11473,79,172.10
DSP0003616,CMP0039,2025-05-26,13579,118,203.69
DSP0003617,CMP0039,2025-05-27,10086,92,151.30
DSP0003618,CMP0039,2025-05-28,11882,95,178.23
DSP0003619,CMP0039,2025-05-29,10571,77,158.57
DSP0003620,CMP0039,2025-05-30,10068,92,151.02
DSP0003621,CMP0039,2025-05-31,11785,114,176.78
DSP0003622,CMP0039,2025-06-01,12396,87,185.94
DSP0003623,CMP0039,2025-06-02,13514,119,202.72
DSP0003624,CMP0039,2025-06-03,12718,116,190.78
DSP0003625,CMP0039,2025-06-04,7656,79,114.84
DSP0003626,CMP0039,2025-06-05,11972,97,179.58
DSP0003627,CMP0039,2025-06-06,9616,67,144.24
DSP0003628,CMP0039,2025-06-07,9165,65,137.48
DSP0003629,CMP0039,2025-06-08,12132,119,181.98
DSP0003630,CMP0039,2025-06-09,12420,94,186.31
DSP0003631,CMP0039,2025-06-10,9877,82,148.16
DSP0003632,CMP0039,2025-06-11,9828,108,147.42
DSP0003633,CMP0039,2025-06-12,10660,91,159.90
DSP0003634,CMP0040,2023-09-01,23717,634,213.46
DSP0003635,CMP0040,2023-09-02,26281,778,236.53
DSP0003636,CMP0040,2023-09-03,23878,481,214.91
DSP0003637,CMP0040,2023-09-04,16783,534,151.05
DSP0003638,CMP0040,2023-09-05,22041,628,198.37
DSP0003639,CMP0040,2023-09-06,17344,545,156.10
DSP0003640,CMP0040,2023-09-07,18803,415,169.23
DSP0003641,CMP0040,2023-09-08,26864,516,241.78
DSP0003642,CMP0040,2023-09-09,25675,496,231.08
DSP0003643,CMP0040,2023-09-10,20320,444,182.88
DSP0003644,CMP0040,2023-09-11,16490,459,148.41
DSP0003645,CMP0040,2023-09-12,29495,754,265.46
DSP0003646,CMP0040,2023-09-13,23401,459,210.61
DSP0003647,CMP0040,2023-09-14,16965,513,152.69
DSP0003648,CMP0040,2023-09-15,17136,481,154.23
DSP0003649,CMP0040,2023-09-16,26228,619,236.06
DSP0003650,CMP0040,2023-09-17,23692,415,213.23
DSP0003651,CMP0040,2023-09-18,25863,798,232.77
DSP0003652,CMP0040,2023-09-19,26595,475,239.36
DSP0003653,CMP0040,2023-09-20,29287,739,263.59
DSP0003654,CMP0040,2023-09-21,20764,418,186.88
DSP0003655,CMP0040,2023-09-22,19491,391,175.42
DSP0003656,CMP0040,2023-09-23,26415,583,237.74
DSP0003657,CMP0040,2023-09-24,29463,826,265.17
DSP0003658,CMP0040,2023-09-25,21682,600,195.14
DSP0003659,CMP0040,2023-09-26,18250,547,164.25
DSP0003660,CMP0040,2023-09-27,26185,825,235.67
DSP0003661,CMP0040,2023-09-28,18336,457,165.03
DSP0003662,CMP0040,2023-09-29,22718,638,204.47
DSP0003663,CMP0040,2023-09-30,16447,389,148.03
DSP0003664,CMP0040,2023-10-01,25498,658,229.49
DSP0003665,CMP0040,2023-10-02,28326,686,254.94
DSP0003666,CMP0040,2023-10-03,25261,691,227.35
DSP0003667,CMP0040,2023-10-04,27810,838,250.29
DSP0003668,CMP0040,2023-10-05,25221,734,226.99
DSP0003669,CMP0040,2023-10-06,22736,513,204.63
DSP0003670,CMP0040,2023-10-07,29153,811,262.38
DSP0003671,CMP0040,2023-10-08,27716,652,249.45
DSP0003672,CMP0040,2023-10-09,18767,601,168.91
DSP0003673,CMP0040,2023-10-10,25240,513,227.16
DSP0003674,CMP0040,2023-10-11,27425,499,246.83
DSP0003675,CMP0040,2023-10-12,29078,748,261.71
DSP0003676,CMP0040,2023-10-13,16318,442,146.87
DSP0003677,CMP0040,2023-10-14,21676,534,195.09
DSP0003678,CMP0040,2023-10-15,22975,569,206.78
DSP0003679,CMP0040,2023-10-16,26262,494,236.36
DSP0003680,CMP0040,2023-10-17,19105,533,171.95
DSP0003681,CMP0040,2023-10-18,26485,823,238.37
DSP0003682,CMP0040,2023-10-19,16600,451,149.40
DSP0003683,CMP0040,2023-10-20,26338,750,237.05
DSP0003684,CMP0040,2023-10-21,22274,633,200.47
DSP0003685,CMP0040,2023-10-22,16747,464,150.73
DSP0003686,CMP0040,2023-10-23,28616,641,257.55
DSP0003687,CMP0040,2023-10-24,29766,795,267.90
DSP0003688,CMP0040,2023-10-25,19162,406,172.46
DSP0003689,CMP0040,2023-10-26,19843,581,178.59
DSP0003690,CMP0040,2023-10-27,28768,894,258.92
DSP0003691,CMP0040,2023-10-28,28754,516,258.79
DSP0003692,CMP0040,2023-10-29,29281,769,263.53
DSP0003693,CMP0040,2023-10-30,28498,852,256.49
DSP0003694,CMP0040,2023-10-31,26990,521,242.91
DSP0003695,CMP0040,2023-11-01,19227,499,173.05
DSP0003696,CMP0040,2023-11-02,23207,497,208.87
DSP0003697,CMP0040,2023-11-03,26753,723,240.78
DSP0003698,CMP0040,2023-11-04,27201,652,244.81
DSP0003699,CMP0040,2023-11-05,24257,486,218.32
DSP0003700,CMP0040,2023-11-06,27162,521,244.46
DSP0003701,CMP0040,2023-11-07,23315,744,209.84
DSP0003702,CMP0040,2023-11-08,23952,675,215.57
DSP0003703,CMP0040,2023-11-09,19473,353,175.26
DSP0003704,CMP0041,2024-03-14,49730,1598,895.14
DSP0003705,CMP0041,2024-03-15,71184,1812,1281.32
DSP0003706,CMP0041,2024-03-16,69995,3089,1259.91
DSP0003707,CMP0041,2024-03-17,72942,2385,1312.97
DSP0003708,CMP0041,2024-03-18,55952,2443,1007.15
DSP0003709,CMP0041,2024-03-19,79942,2310,1438.97
DSP0003710,CMP0041,2024-03-20,77601,2141,1396.82
DSP0003711,CMP0041,2024-03-21,58011,1652,1044.20
DSP0003712,CMP0041,2024-03-22,53310,2396,959.58
DSP0003713,CMP0041,2024-03-23,77889,2442,1402.01
DSP0003714,CMP0041,2024-03-24,53378,1562,960.82
DSP0003715,CMP0041,2024-03-25,68555,1723,1234.00
DSP0003716,CMP0041,2024-03-26,69878,1881,1257.82
DSP0003717,CMP0041,2024-03-27,62523,1823,1125.42
DSP0003718,CMP0041,2024-03-28,62961,2476,1133.31
DSP0003719,CMP0041,2024-03-29,56937,1457,1024.88
DSP0003720,CMP0041,2024-03-30,72784,3248,1310.12
DSP0003721,CMP0041,2024-03-31,65848,2784,1185.27
DSP0003722,CMP0041,2024-04-01,49040,1952,882.73
DSP0003723,CMP0041,2024-04-02,70501,2098,1269.03
DSP0003724,CMP0041,2024-04-03,46385,1301,834.93
DSP0003725,CMP0041,2024-04-04,61765,2566,1111.77
DSP0003726,CMP0041,2024-04-05,71341,2372,1284.15
DSP0003727,CMP0041,2024-04-06,74750,1857,1345.51
DSP0003728,CMP0041,2024-04-07,61382,2170,1104.88
DSP0003729,CMP0041,2024-04-08,56424,1973,1015.64
DSP0003730,CMP0041,2024-04-09,78045,3500,1404.81
DSP0003731,CMP0041,2024-04-10,69937,2877,1258.88
DSP0003732,CMP0041,2024-04-11,79385,2123,1428.94
DSP0003733,CMP0041,2024-04-12,56398,1908,1015.18
DSP0003734,CMP0041,2024-04-13,73207,2390,1317.74
DSP0003735,CMP0041,2024-04-14,81980,2979,1475.64
DSP0003736,CMP0041,2024-04-15,48626,1924,875.27
DSP0003737,CMP0041,2024-04-16,57628,2219,1037.31
DSP0003738,CMP0041,2024-04-17,71867,2825,1293.61
DSP0003739,CMP0041,2024-04-18,79812,1995,1436.62
DSP0003740,CMP0041,2024-04-19,67245,2793,1210.42
DSP0003741,CMP0041,2024-04-20,47263,1320,850.75
DSP0003742,CMP0041,2024-04-21,69013,2579,1242.24
DSP0003743,CMP0041,2024-04-22,71119,1847,1280.15
DSP0003744,CMP0041,2024-04-23,82131,2245,1478.36
DSP0003745,CMP0041,2024-04-24,71589,2776,1288.61
DSP0003746,CMP0041,2024-04-25,50025,1880,900.46
DSP0003747,CMP0041,2024-04-26,72304,1924,1301.48
DSP0003748,CMP0041,2024-04-27,64258,1881,1156.65
DSP0003749,CMP0041,2024-04-28,72077,2004,1297.39
DSP0003750,CMP0041,2024-04-29,74763,3055,1345.74
DSP0003751,CMP0041,2024-04-30,77987,2255,1403.78
DSP0003752,CMP0041,2024-05-01,60945,1699,1097.02
DSP0003753,CMP0041,2024-05-02,69201,2844,1245.63
DSP0003754,CMP0041,2024-05-03,54035,1988,972.63
DSP0003755,CMP0041,2024-05-04,70220,2232,1263.96
DSP0003756,CMP0041,2024-05-05,60206,2180,1083.71
DSP0003757,CMP0041,2024-05-06,68437,2529,1231.87
DSP0003758,CMP0041,2024-05-07,81091,3564,1459.64
DSP0003759,CMP0041,2024-05-08,53236,1603,958.26
DSP0003760,CMP0042,2023-08-10,28490,393,313.40
DSP0003761,CMP0042,2023-08-11,22861,495,251.48
DSP0003762,CMP0042,2023-08-12,18517,242,203.69
DSP0003763,CMP0042,2023-08-13,31570,643,347.28
DSP0003764,CMP0042,2023-08-14,22745,323,250.20
DSP0003765,CMP0042,2023-08-15,22369,396,246.06
DSP0003766,CMP0042,2023-08-16,18295,298,201.25
DSP0003767,CMP0042,2023-08-17,24318,449,267.50
DSP0003768,CMP0042,2023-08-18,32217,499,354.39
DSP0003769,CMP0042,2023-08-19,24240,465,266.64
DSP0003770,CMP0042,2023-08-20,25566,364,281.23
DSP0003771,CMP0042,2023-08-21,24280,522,267.08
DSP0003772,CMP0042,2023-08-22,28890,670,317.80
DSP0003773,CMP0042,2023-08-23,23054,335,253.60
DSP0003774,CMP0042,2023-08-24,31956,531,351.52
DSP0003775,CMP0042,2023-08-25,28638,554,315.02
DSP0003776,CMP0042,2023-08-26,26189,448,288.08
DSP0003777,CMP0042,2023-08-27,27936,419,307.30
DSP0003778,CMP0042,2023-08-28,33382,508,367.21
DSP0003779,CMP0042,2023-08-29,18730,420,206.03
DSP0003780,CMP0042,2023-08-30,24444,571,268.89
DSP0003781,CMP0042,2023-08-31,33200,644,365.21
DSP0003782,CMP0042,2023-09-01,27740,544,305.15
DSP0003783,CMP0042,2023-09-02,19570,378,215.28
DSP0003784,CMP0042,2023-09-03,29714,508,326.86
DSP0003785,CMP0042,2023-09-04,28310,590,311.41
DSP0003786,CMP0042,2023-09-05,30134,436,331.48
DSP0003787,CMP0042,2023-09-06,26929,533,296.22
DSP0003788,CMP0042,2023-09-07,25137,514,276.51
DSP0003789,CMP0042,2023-09-08,25902,394,284.93
DSP0003790,CMP0042,2023-09-09,20186,303,222.05
DSP0003791,CMP0042,2023-09-10,32251,663,354.77
DSP0003792,CMP0042,2023-09-11,27260,572,299.86
DSP0003793,CMP0042,2023-09-12,28130,605,309.43
DSP0003794,CMP0042,2023-09-13,32269,599,354.96
DSP0003795,CMP0042,2023-09-14,18118,408,199.30
DSP0003796,CMP0042,2023-09-15,19739,309,217.13
DSP0003797,CMP0042,2023-09-16,27797,475,305.77
DSP0003798,CMP0042,2023-09-17,24924,462,274.17
DSP0003799,CMP0042,2023-09-18,25449,458,279.94
DSP0003800,CMP0042,2023-09-19,22087,366,242.96
DSP0003801,CMP0042,2023-09-20,19159,376,210.75
DSP0003802,CMP0042,2023-09-21,28007,381,308.08
DSP0003803,CMP0042,2023-09-22,32642,647,359.07
DSP0003804,CMP0042,2023-09-23,25521,523,280.74
DSP0003805,CMP0042,2023-09-24,29471,520,324.19
DSP0003806,CMP0042,2023-09-25,32127,445,353.40
DSP0003807,CMP0042,2023-09-26,30982,598,340.81
DSP0003808,CMP0042,2023-09-27,19510,247,214.61
DSP0003809,CMP0042,2023-09-28,33263,658,365.90
DSP0003810,CMP0042,2023-09-29,22895,466,251.85
DSP0003811,CMP0042,2023-09-30,18328,338,201.61
DSP0003812,CMP0042,2023-10-01,24596,360,270.56
DSP0003813,CMP0042,2023-10-02,28873,526,317.61
DSP0003814,CMP0042,2023-10-03,23059,292,253.65
DSP0003815,CMP0042,2023-10-04,30480,394,335.29
DSP0003816,CMP0042,2023-10-05,24842,550,273.27
DSP0003817,CMP0042,2023-10-06,31425,704,345.68
DSP0003818,CMP0042,2023-10-07,33114,531,364.26
DSP0003819,CMP0042,2023-10-08,28996,524,318.96
DSP0003820,CMP0042,2023-10-09,19145,261,210.60
DSP0003821,CMP0042,2023-10-10,33151,753,364.67
DSP0003822,CMP0042,2023-10-11,27650,442,304.15
DSP0003823,CMP0042,2023-10-12,28609,561,314.70
DSP0003824,CMP0042,2023-10-13,25663,516,282.30
DSP0003825,CMP0042,2023-10-14,20223,390,222.46
DSP0003826,CMP0042,2023-10-15,18522,335,203.75
DSP0003827,CMP0042,2023-10-16,32731,721,360.05
DSP0003828,CMP0042,2023-10-17,31370,646,345.07
DSP0003829,CMP0042,2023-10-18,29402,438,323.43
DSP0003830,CMP0042,2023-10-19,32669,632,359.36
DSP0003831,CMP0042,2023-10-20,25280,495,278.09
DSP0003832,CMP0042,2023-10-21,19730,275,217.03
DSP0003833,CMP0042,2023-10-22,22014,289,242.16
DSP0003834,CMP0042,2023-10-23,22581,313,248.40
DSP0003835,CMP0043,2025-06-24,63920,287,415.48
DSP0003836,CMP0043,2025-06-25,48564,271,315.67
DSP0003837,CMP0043,2025-06-26,45926,277,298.52
DSP0003838,CMP0043,2025-06-27,52292,378,339.90
DSP0003839,CMP0043,2025-06-28,39987,262,259.92
DSP0003840,CMP0043,2025-06-29,55118,231,358.27
DSP0003841,CMP0043,2025-06-30,43293,305,281.41
DSP0003842,CMP0043,2025-07-01,65452,396,425.44
DSP0003843,CMP0043,2025-07-02,38443,271,249.88
DSP0003844,CMP0043,2025-07-03,42675,307,277.39
DSP0003845,CMP0043,2025-07-04,59678,280,387.91
DSP0003846,CMP0043,2025-07-05,58189,352,378.23
DSP0003847,CMP0043,2025-07-06,57772,352,375.52
DSP0003848,CMP0043,2025-07-07,56627,390,368.08
DSP0003849,CMP0043,2025-07-08,49361,207,320.85
DSP0003850,CMP0043,2025-07-09,59778,459,388.56
DSP0003851,CMP0043,2025-07-10,38133,236,247.87
DSP0003852,CMP0043,2025-07-11,56935,367,370.08
DSP0003853,CMP0043,2025-07-12,44836,256,291.44
DSP0003854,CMP0043,2025-07-13,40738,287,264.80
DSP0003855,CMP0043,2025-07-14,51003,222,331.52
DSP0003856,CMP0043,2025-07-15,50613,249,328.99
DSP0003857,CMP0043,2025-07-16,49789,249,323.63
DSP0003858,CMP0043,2025-07-17,37486,260,243.66
DSP0003859,CMP0043,2025-07-18,53127,393,345.33
DSP0003860,CMP0043,2025-07-19,42912,260,278.93
DSP0003861,CMP0043,2025-07-20,56907,334,369.90
DSP0003862,CMP0043,2025-07-21,51144,336,332.44
DSP0003863,CMP0043,2025-07-22,42964,248,279.27
DSP0003864,CMP0043,2025-07-23,37713,227,245.14
DSP0003865,CMP0043,2025-07-24,43241,280,281.07
DSP0003866,CMP0043,2025-07-25,42995,186,279.47
DSP0003867,CMP0043,2025-07-26,58152,421,377.99
DSP0003868,CMP0043,2025-07-27,49032,220,318.71
DSP0003869,CMP0043,2025-07-28,65583,466,426.29
DSP0003870,CMP0043,2025-07-29,51641,281,335.67
DSP0003871,CMP0043,2025-07-30,64893,373,421.81
DSP0003872,CMP0043,2025-07-31,64566,473,419.68
DSP0003873,CMP0043,2025-08-01,58595,261,380.87
DSP0003874,CMP0043,2025-08-02,43687,255,283.97
DSP0003875,CMP0043,2025-08-03,39266,211,255.23
DSP0003876,CMP0043,2025-08-04,65418,311,425.22
DSP0003877,CMP0043,2025-08-05,45167,326,293.59
DSP0003878,CMP0043,2025-08-06,62532,395,406.46
DSP0003879,CMP0043,2025-08-07,57495,285,373.72
DSP0003880,CMP0043,2025-08-08,48398,366,314.59
DSP0003881,CMP0043,2025-08-09,57515,432,373.85
DSP0003882,CMP0043,2025-08-10,50653,234,329.25
DSP0003883,CMP0043,2025-08-11,61746,335,401.35
DSP0003884,CMP0043,2025-08-12,45004,255,292.53
DSP0003885,CMP0043,2025-08-13,48006,275,312.04
DSP0003886,CMP0043,2025-08-14,41984,190,272.90
DSP0003887,CMP0043,2025-08-15,58601,448,380.91
DSP0003888,CMP0043,2025-08-16,58198,387,378.29
DSP0003889,CMP0043,2025-08-17,64340,276,418.21
DSP0003890,CMP0043,2025-08-18,54450,278,353.93
DSP0003891,CMP0043,2025-08-19,36156,237,235.02
DSP0003892,CMP0043,2025-08-20,51670,260,335.86
DSP0003893,CMP0043,2025-08-21,39143,219,254.43
DSP0003894,CMP0043,2025-08-22,40696,182,264.53
DSP0003895,CMP0043,2025-08-23,41518,227,269.87
DSP0003896,CMP0043,2025-08-24,63678,361,413.91
DSP0003897,CMP0043,2025-08-25,47889,264,311.28
DSP0003898,CMP0043,2025-08-26,60593,421,393.86
DSP0003899,CMP0043,2025-08-27,50006,333,325.04
DSP0003900,CMP0043,2025-08-28,59796,455,388.68
DSP0003901,CMP0043,2025-08-29,63915,403,415.45
DSP0003902,CMP0043,2025-08-30,59453,266,386.45
DSP0003903,CMP0043,2025-08-31,45672,328,296.87
DSP0003904,CMP0043,2025-09-01,61632,426,400.61
DSP0003905,CMP0043,2025-09-02,46078,275,299.51
DSP0003906,CMP0043,2025-09-03,47681,309,309.93
DSP0003907,CMP0043,2025-09-04,55835,305,362.93
DSP0003908,CMP0043,2025-09-05,43278,203,281.31
DSP0003909,CMP0043,2025-09-06,43343,318,281.73
DSP0003910,CMP0043,2025-09-07,47426,288,308.27
DSP0003911,CMP0043,2025-09-08,44015,324,286.10
DSP0003912,CMP0043,2025-09-09,55324,239,359.61
DSP0003913,CMP0043,2025-09-10,52061,298,338.40
DSP0003914,CMP0043,2025-09-11,51684,393,335.95
DSP0003915,CMP0043,2025-09-12,43515,303,282.85
DSP0003916,CMP0043,2025-09-13,51043,289,331.78
DSP0003917,CMP0043,2025-09-14,45767,255,297.49
DSP0003918,CMP0043,2025-09-15,39620,240,257.53
DSP0003919,CMP0043,2025-09-16,40038,170,260.25
DSP0003920,CMP0043,2025-09-17,40880,252,265.72
DSP0003921,CMP0043,2025-09-18,54932,356,357.06
DSP0003922,CMP0043,2025-09-19,65460,396,425.49
DSP0003923,CMP0043,2025-09-20,40847,278,265.51
DSP0003924,CMP0043,2025-09-21,54344,376,353.24
DSP0003925,CMP0043,2025-09-22,43773,258,284.53
DSP0003926,CMP0043,2025-09-23,62856,465,408.57
DSP0003927,CMP0043,2025-09-24,41009,277,266.56
DSP0003928,CMP0043,2025-09-25,41446,225,269.40
DSP0003929,CMP0043,2025-09-26,62801,340,408.21
DSP0003930,CMP0043,2025-09-27,37515,199,243.85
DSP0003931,CMP0043,2025-09-28,41453,195,269.45
DSP0003932,CMP0043,2025-09-29,38920,297,252.98
DSP0003933,CMP0043,2025-09-30,42398,301,275.59
DSP0003934,CMP0043,2025-10-01,49412,265,321.18
DSP0003935,CMP0043,2025-10-02,54516,308,354.36
DSP0003936,CMP0043,2025-10-03,48758,344,316.93
DSP0003937,CMP0043,2025-10-04,46813,262,304.29
DSP0003938,CMP0043,2025-10-05,63146,411,410.45
DSP0003939,CMP0043,2025-10-06,50844,231,330.49
DSP0003940,CMP0043,2025-10-07,59489,408,386.68
DSP0003941,CMP0043,2025-10-08,60492,316,393.20
DSP0003942,CMP0043,2025-10-09,48112,342,312.73
DSP0003943,CMP0043,2025-10-10,57589,418,374.33
DSP0003944,CMP0043,2025-10-11,37015,216,240.60
DSP0003945,CMP0043,2025-10-12,40784,233,265.10
DSP0003946,CMP0043,2025-10-13,61956,391,402.72
DSP0003947,CMP0043,2025-10-14,64312,329,418.03
DSP0003948,CMP0043,2025-10-15,52893,303,343.81
DSP0003949,CMP0043,2025-10-16,61221,440,397.94
DSP0003950,CMP0043,2025-10-17,58524,342,380.41
DSP0003951,CMP0043,2025-10-18,63033,376,409.72
DSP0003952,CMP0043,2025-10-19,39280,169,255.32
DSP0003953,CMP0043,2025-10-20,56906,316,369.89
DSP0003954,CMP0043,2025-10-21,39469,244,256.55
DSP0003955,CMP0043,2025-10-22,37536,280,243.99
DSP0003956,CMP0043,2025-10-23,62107,276,403.70
DSP0003957,CMP0043,2025-10-24,59395,430,386.07
DSP0003958,CMP0043,2025-10-25,54469,247,354.05
DSP0003959,CMP0043,2025-10-26,66520,325,432.38
DSP0003960,CMP0043,2025-10-27,61440,359,399.36
DSP0003961,CMP0043,2025-10-28,64912,362,421.93
DSP0003962,CMP0043,2025-10-29,53766,241,349.48
DSP0003963,CMP0043,2025-10-30,50495,235,328.22
DSP0003964,CMP0044,2025-06-13,8582,93,128.73
DSP0003965,CMP0044,2025-06-14,7810,72,117.15
DSP0003966,CMP0044,2025-06-15,9907,89,148.61
DSP0003967,CMP0044,2025-06-16,8773,73,131.60
DSP0003968,CMP0044,2025-06-17,8101,88,121.52
DSP0003969,CMP0044,2025-06-18,7619,58,114.29
DSP0003970,CMP0044,2025-06-19,7550,54,113.25
DSP0003971,CMP0044,2025-06-20,7728,83,115.92
DSP0003972,CMP0044,2025-06-21,11584,129,173.76
DSP0003973,CMP0044,2025-06-22,9233,59,138.50
DSP0003974,CMP0044,2025-06-23,10424,90,156.36
DSP0003975,CMP0044,2025-06-24,11602,108,174.04
DSP0003976,CMP0044,2025-06-25,11291,90,169.37
DSP0003977,CMP0044,2025-06-26,8496,98,127.45
DSP0003978,CMP0044,2025-06-27,8992,62,134.88
DSP0003979,CMP0044,2025-06-28,10207,93,153.11
DSP0003980,CMP0044,2025-06-29,7560,71,113.41
DSP0003981,CMP0044,2025-06-30,7885,80,118.28
DSP0003982,CMP0044,2025-07-01,11217,128,168.26
DSP0003983,CMP0044,2025-07-02,9698,105,145.47
DSP0003984,CMP0044,2025-07-03,9141,85,137.12
DSP0003985,CMP0044,2025-07-04,7291,53,109.37
DSP0003986,CMP0044,2025-07-05,10360,93,155.40
DSP0003987,CMP0044,2025-07-06,10248,113,153.72
DSP0003988,CMP0044,2025-07-07,10768,90,161.52
DSP0003989,CMP0044,2025-07-08,10170,112,152.55
DSP0003990,CMP0044,2025-07-09,8653,77,129.80
DSP0003991,CMP0044,2025-07-10,8955,92,134.33
DSP0003992,CMP0044,2025-07-11,7406,71,111.09
DSP0003993,CMP0044,2025-07-12,8824,64,132.37
DSP0003994,CMP0044,2025-07-13,8623,65,129.35
DSP0003995,CMP0044,2025-07-14,11375,78,170.63
DSP0003996,CMP0044,2025-07-15,7860,86,117.91
DSP0003997,CMP0044,2025-07-16,6806,65,102.10
DSP0003998,CMP0044,2025-07-17,7236,60,108.54
DSP0003999,CMP0044,2025-07-18,6448,69,96.72
DSP0004000,CMP0044,2025-07-19,11026,125,165.40
DSP0004001,CMP0044,2025-07-20,10045,92,150.68
DSP0004002,CMP0044,2025-07-21,8946,66,134.20
DSP0004003,CMP0044,2025-07-22,10800,87,162.00
DSP0004004,CMP0044,2025-07-23,7935,66,119.03
DSP0004005,CMP0044,2025-07-24,9405,83,141.08
DSP0004006,CMP0044,2025-07-25,8180,51,122.71
DSP0004007,CMP0044,2025-07-26,10298,104,154.47
DSP0004008,CMP0044,2025-07-27,7717,77,115.76
DSP0004009,CMP0044,2025-07-28,9419,92,141.29
DSP0004010,CMP0044,2025-07-29,8440,86,126.60
DSP0004011,CMP0044,2025-07-30,8792,66,131.89
DSP0004012,CMP0044,2025-07-31,8446,82,126.70
DSP0004013,CMP0044,2025-08-01,9387,105,140.81
DSP0004014,CMP0044,2025-08-02,7615,66,114.23
DSP0004015,CMP0044,2025-08-03,11318,102,169.78
DSP0004016,CMP0044,2025-08-04,7750,87,116.26
DSP0004017,CMP0044,2025-08-05,8142,83,122.13
DSP0004018,CMP0044,2025-08-06,6976,70,104.64
DSP0004019,CMP0044,2025-08-07,9982,95,149.74
DSP0004020,CMP0044,2025-08-08,11226,114,168.39
DSP0004021,CMP0044,2025-08-09,10235,76,153.53
DSP0004022,CMP0044,2025-08-10,8306,90,124.59
DSP0004023,CMP0044,2025-08-11,11265,123,168.98
DSP0004024,CMP0044,2025-08-12,8390,75,125.86
DSP0004025,CMP0044,2025-08-13,11500,103,172.50
DSP0004026,CMP0044,2025-08-14,6917,47,103.76
DSP0004027,CMP0044,2025-08-15,7294,82,109.41
DSP0004028,CMP0044,2025-08-16,10342,70,155.13
DSP0004029,CMP0044,2025-08-17,11079,108,166.19
DSP0004030,CMP0044,2025-08-18,7918,56,118.78
DSP0004031,CMP0044,2025-08-19,9074,92,136.12
DSP0004032,CMP0044,2025-08-20,7358,65,110.38
DSP0004033,CMP0044,2025-08-21,8570,70,128.56
DSP0004034,CMP0044,2025-08-22,11286,115,169.29
DSP0004035,CMP0044,2025-08-23,7012,73,105.19
DSP0004036,CMP0044,2025-08-24,9173,87,137.60
DSP0004037,CMP0044,2025-08-25,10050,116,150.75
DSP0004038,CMP0044,2025-08-26,9421,63,141.32
DSP0004039,CMP0044,2025-08-27,7529,57,112.94
DSP0004040,CMP0044,2025-08-28,9907,78,148.61
DSP0004041,CMP0044,2025-08-29,6504,63,97.56
DSP0004042,CMP0044,2025-08-30,9891,105,148.37
DSP0004043,CMP0044,2025-08-31,9278,87,139.17
DSP0004044,CMP0044,2025-09-01,9849,104,147.74
DSP0004045,CMP0044,2025-09-02,7536,59,113.04
DSP0004046,CMP0044,2025-09-03,8571,81,128.57
DSP0004047,CMP0044,2025-09-04,11404,72,171.07
DSP0004048,CMP0044,2025-09-05,7259,80,108.89
DSP0004049,CMP0045,2024-03-26,25001,476,225.01
DSP0004050,CMP0045,2024-03-27,20740,572,186.66
DSP0004051,CMP0045,2024-03-28,25375,626,228.38
DSP0004052,CMP0045,2024-03-29,24044,471,216.40
DSP0004053,CMP0045,2024-03-30,16354,326,147.19
DSP0004054,CMP0045,2024-03-31,17108,397,153.98
DSP0004055,CMP0045,2024-04-01,22058,712,198.53
DSP0004056,CMP0045,2024-04-02,17488,393,157.40
DSP0004057,CMP0045,2024-04-03,17797,420,160.18
DSP0004058,CMP0045,2024-04-04,26570,601,239.13
DSP0004059,CMP0045,2024-04-05,18870,331,169.83
DSP0004060,CMP0045,2024-04-06,23150,418,208.35
DSP0004061,CMP0045,2024-04-07,24445,528,220.01
DSP0004062,CMP0045,2024-04-08,24715,749,222.44
DSP0004063,CMP0045,2024-04-09,23266,695,209.40
DSP0004064,CMP0045,2024-04-10,23533,730,211.80
DSP0004065,CMP0045,2024-04-11,18676,539,168.09
DSP0004066,CMP0045,2024-04-12,24986,538,224.88
DSP0004067,CMP0045,2024-04-13,26673,541,240.06
DSP0004068,CMP0045,2024-04-14,24646,727,221.82
DSP0004069,CMP0045,2024-04-15,16827,318,151.45
DSP0004070,CMP0045,2024-04-16,17800,320,160.20
DSP0004071,CMP0045,2024-04-17,15046,474,135.42
DSP0004072,CMP0045,2024-04-18,22802,646,205.22
DSP0004073,CMP0045,2024-04-19,17844,346,160.60
DSP0004074,CMP0045,2024-04-20,18385,444,165.47
DSP0004075,CMP0045,2024-04-21,16087,517,144.79
DSP0004076,CMP0045,2024-04-22,23840,424,214.56
DSP0004077,CMP0045,2024-04-23,19815,527,178.34
DSP0004078,CMP0045,2024-04-24,19122,490,172.10
DSP0004079,CMP0045,2024-04-25,19767,531,177.91
DSP0004080,CMP0045,2024-04-26,27015,472,243.14
DSP0004081,CMP0045,2024-04-27,18097,386,162.88
DSP0004082,CMP0045,2024-04-28,18317,498,164.86
DSP0004083,CMP0045,2024-04-29,18896,399,170.07
DSP0004084,CMP0045,2024-04-30,23892,459,215.03
DSP0004085,CMP0045,2024-05-01,26306,694,236.76
DSP0004086,CMP0045,2024-05-02,17281,330,155.53
DSP0004087,CMP0045,2024-05-03,18870,458,169.83
DSP0004088,CMP0045,2024-05-04,19108,354,171.98
DSP0004089,CMP0045,2024-05-05,25190,682,226.71
DSP0004090,CMP0045,2024-05-06,25187,749,226.69
DSP0004091,CMP0045,2024-05-07,25208,563,226.88
DSP0004092,CMP0045,2024-05-08,22627,732,203.65
DSP0004093,CMP0045,2024-05-09,20436,435,183.93
DSP0004094,CMP0045,2024-05-10,24993,684,224.94
DSP0004095,CMP0045,2024-05-11,23993,761,215.94
DSP0004096,CMP0045,2024-05-12,27368,515,246.32
DSP0004097,CMP0045,2024-05-13,25701,803,231.31
DSP0004098,CMP0045,2024-05-14,17137,379,154.24
DSP0004099,CMP0045,2024-05-15,25601,689,230.41
DSP0004100,CMP0045,2024-05-16,23757,612,213.82
DSP0004101,CMP0045,2024-05-17,25778,506,232.01
DSP0004102,CMP0045,2024-05-18,17910,552,161.19
DSP0004103,CMP0046,2023-10-10,6800,287,122.40
DSP0004104,CMP0046,2023-10-11,4876,213,87.78
DSP0004105,CMP0046,2023-10-12,5198,140,93.57
DSP0004106,CMP0046,2023-10-13,7459,245,134.27
DSP0004107,CMP0046,2023-10-14,5283,214,95.10
DSP0004108,CMP0046,2023-10-15,7292,242,131.26
DSP0004109,CMP0046,2023-10-16,5391,152,97.04
DSP0004110,CMP0046,2023-10-17,5782,186,104.08
DSP0004111,CMP0046,2023-10-18,5338,191,96.10
DSP0004112,CMP0046,2023-10-19,7297,276,131.35
DSP0004113,CMP0046,2023-10-20,6387,253,114.98
DSP0004114,CMP0046,2023-10-21,6231,155,112.16
DSP0004115,CMP0046,2023-10-22,6738,208,121.29
DSP0004116,CMP0046,2023-10-23,4770,203,85.87
DSP0004117,CMP0046,2023-10-24,4548,129,81.87
DSP0004118,CMP0046,2023-10-25,7886,204,141.95
DSP0004119,CMP0046,2023-10-26,4870,128,87.66
DSP0004120,CMP0046,2023-10-27,6692,270,120.46
DSP0004121,CMP0046,2023-10-28,7738,327,139.30
DSP0004122,CMP0046,2023-10-29,6418,268,115.54
DSP0004123,CMP0046,2023-10-30,7993,311,143.89
DSP0004124,CMP0046,2023-10-31,5093,134,91.69
DSP0004125,CMP0046,2023-11-01,5445,208,98.02
DSP0004126,CMP0046,2023-11-02,5395,216,97.11
DSP0004127,CMP0046,2023-11-03,6033,150,108.61
DSP0004128,CMP0046,2023-11-04,5765,166,103.78
DSP0004129,CMP0046,2023-11-05,6511,271,117.21
DSP0004130,CMP0046,2023-11-06,7815,227,140.67
DSP0004131,CMP0046,2023-11-07,6803,204,122.46
DSP0004132,CMP0046,2023-11-08,8123,227,146.23
DSP0004133,CMP0046,2023-11-09,6953,284,125.17
DSP0004134,CMP0046,2023-11-10,5270,176,94.86
DSP0004135,CMP0046,2023-11-11,7089,240,127.61
DSP0004136,CMP0046,2023-11-12,8235,241,148.24
DSP0004137,CMP0046,2023-11-13,6096,198,109.74
DSP0004138,CMP0046,2023-11-14,5372,180,96.70
DSP0004139,CMP0046,2023-11-15,5167,226,93.02
DSP0004140,CMP0046,2023-11-16,5687,241,102.37
DSP0004141,CMP0046,2023-11-17,7182,188,129.28
DSP0004142,CMP0046,2023-11-18,7535,246,135.63
DSP0004143,CMP0046,2023-11-19,7991,358,143.84
DSP0004144,CMP0046,2023-11-20,7615,268,137.08
DSP0004145,CMP0046,2023-11-21,7855,285,141.39
DSP0004146,CMP0046,2023-11-22,7233,193,130.21
DSP0004147,CMP0046,2023-11-23,6122,169,110.20
DSP0004148,CMP0046,2023-11-24,5232,142,94.18
DSP0004149,CMP0046,2023-11-25,7186,283,129.36
DSP0004150,CMP0046,2023-11-26,4921,191,88.59
DSP0004151,CMP0046,2023-11-27,7383,193,132.90
DSP0004152,CMP0046,2023-11-28,6312,283,113.63
DSP0004153,CMP0046,2023-11-29,7437,264,133.88
DSP0004154,CMP0046,2023-11-30,8054,299,144.98
DSP0004155,CMP0046,2023-12-01,5369,153,96.65
DSP0004156,CMP0046,2023-12-02,7287,274,131.17
DSP0004157,CMP0046,2023-12-03,5406,148,97.32
DSP0004158,CMP0046,2023-12-04,7408,196,133.36
DSP0004159,CMP0046,2023-12-05,6700,230,120.61
DSP0004160,CMP0046,2023-12-06,7751,240,139.52
DSP0004161,CMP0046,2023-12-07,8063,317,145.15
DSP0004162,CMP0046,2023-12-08,4757,145,85.63
DSP0004163,CMP0046,2023-12-09,6955,176,125.19
DSP0004164,CMP0046,2023-12-10,5133,148,92.41
DSP0004165,CMP0046,2023-12-11,7075,298,127.35
DSP0004166,CMP0046,2023-12-12,6688,268,120.40
DSP0004167,CMP0046,2023-12-13,5074,138,91.34
DSP0004168,CMP0046,2023-12-14,4676,202,84.18
DSP0004169,CMP0046,2023-12-15,6956,300,125.21
DSP0004170,CMP0046,2023-12-16,5061,175,91.10
DSP0004171,CMP0046,2023-12-17,5797,142,104.35
DSP0004172,CMP0046,2023-12-18,6506,206,117.12
DSP0004173,CMP0046,2023-12-19,5900,266,106.21
DSP0004174,CMP0046,2023-12-20,4966,218,89.40
DSP0004175,CMP0046,2023-12-21,8101,236,145.83
DSP0004176,CMP0046,2023-12-22,5382,186,96.88
DSP0004177,CMP0046,2023-12-23,7585,249,136.54
DSP0004178,CMP0046,2023-12-24,7300,201,131.40
DSP0004179,CMP0046,2023-12-25,7966,349,143.39
DSP0004180,CMP0046,2023-12-26,5088,204,91.59
DSP0004181,CMP0046,2023-12-27,4480,137,80.64
DSP0004182,CMP0046,2023-12-28,5250,190,94.50
DSP0004183,CMP0046,2023-12-29,5837,182,105.08
DSP0004184,CMP0046,2023-12-30,7856,333,141.42
DSP0004185,CMP0046,2023-12-31,5745,154,103.42
DSP0004186,CMP0046,2024-01-01,7774,256,139.94
DSP0004187,CMP0046,2024-01-02,5707,144,102.73
DSP0004188,CMP0046,2024-01-03,4980,204,89.64
DSP0004189,CMP0046,2024-01-04,4969,130,89.45
DSP0004190,CMP0046,2024-01-05,7907,345,142.33
DSP0004191,CMP0046,2024-01-06,4980,202,89.64
DSP0004192,CMP0046,2024-01-07,4548,147,81.87
DSP0004193,CMP0046,2024-01-08,7096,177,127.73
DSP0004194,CMP0046,2024-01-09,4955,132,89.20
DSP0004195,CMP0046,2024-01-10,7239,283,130.31
DSP0004196,CMP0046,2024-01-11,5472,224,98.51
DSP0004197,CMP0046,2024-01-12,5126,168,92.28
DSP0004198,CMP0046,2024-01-13,7472,256,134.51
DSP0004199,CMP0046,2024-01-14,4657,206,83.84
DSP0004200,CMP0046,2024-01-15,7515,303,135.27
DSP0004201,CMP0046,2024-01-16,6117,170,110.12
DSP0004202,CMP0046,2024-01-17,6962,219,125.32
DSP0004203,CMP0046,2024-01-18,6992,269,125.87
DSP0004204,CMP0047,2023-02-20,72492,985,797.42
DSP0004205,CMP0047,2023-02-21,82684,1781,909.53
DSP0004206,CMP0047,2023-02-22,51788,1153,569.67
DSP0004207,CMP0047,2023-02-23,47235,1100,519.59
DSP0004208,CMP0047,2023-02-24,48911,1095,538.03
DSP0004209,CMP0047,2023-02-25,79531,1613,874.85
DSP0004210,CMP0047,2023-02-26,60871,919,669.59
DSP0004211,CMP0047,2023-02-27,65158,910,716.74
DSP0004212,CMP0047,2023-02-28,70013,1024,770.15
DSP0004213,CMP0047,2023-03-01,49750,848,547.25
DSP0004214,CMP0047,2023-03-02,69733,1171,767.07
DSP0004215,CMP0047,2023-03-03,55700,1002,612.70
DSP0004216,CMP0047,2023-03-04,74959,1735,824.55
DSP0004217,CMP0047,2023-03-05,80497,1250,885.47
DSP0004218,CMP0047,2023-03-06,52336,925,575.70
DSP0004219,CMP0047,2023-03-07,72812,1256,800.94
DSP0004220,CMP0047,2023-03-08,54961,1076,604.58
DSP0004221,CMP0047,2023-03-09,56646,1003,623.11
DSP0004222,CMP0047,2023-03-10,69151,1505,760.67
DSP0004223,CMP0047,2023-03-11,75026,1737,825.29
DSP0004224,CMP0047,2023-03-12,64518,992,709.70
DSP0004225,CMP0047,2023-03-13,50390,864,554.30
DSP0004226,CMP0047,2023-03-14,56618,1233,622.80
DSP0004227,CMP0047,2023-03-15,71120,1186,782.33
DSP0004228,CMP0047,2023-03-16,55901,788,614.92
DSP0004229,CMP0047,2023-03-17,71733,1241,789.07
DSP0004230,CMP0047,2023-03-18,58532,1085,643.86
DSP0004231,CMP0047,2023-03-19,84846,1894,933.31
DSP0004232,CMP0047,2023-03-20,79891,1156,878.81
DSP0004233,CMP0047,2023-03-21,77718,1017,854.90
DSP0004234,CMP0047,2023-03-22,86286,1824,949.15
DSP0004235,CMP0047,2023-03-23,56683,1223,623.52
DSP0004236,CMP0047,2023-03-24,72169,1655,793.86
DSP0004237,CMP0047,2023-03-25,82166,1196,903.83
DSP0004238,CMP0047,2023-03-26,53799,1134,591.79
DSP0004239,CMP0047,2023-03-27,84588,1423,930.47
DSP0004240,CMP0047,2023-03-28,85022,1447,935.25
DSP0004241,CMP0047,2023-03-29,58788,1141,646.67
DSP0004242,CMP0047,2023-03-30,72575,1138,798.33
DSP0004243,CMP0047,2023-03-31,59338,971,652.72
DSP0004244,CMP0047,2023-04-01,61151,1211,672.67
DSP0004245,CMP0047,2023-04-02,54590,1224,600.50
DSP0004246,CMP0047,2023-04-03,49220,1105,541.43
DSP0004247,CMP0047,2023-04-04,82920,1163,912.12
DSP0004248,CMP0047,2023-04-05,82673,1859,909.41
DSP0004249,CMP0047,2023-04-06,62890,802,691.80
DSP0004250,CMP0047,2023-04-07,50202,1041,552.23
DSP0004251,CMP0047,2023-04-08,70832,918,779.16
DSP0004252,CMP0047,2023-04-09,80729,1341,888.02
DSP0004253,CMP0047,2023-04-10,75654,1228,832.20
DSP0004254,CMP0047,2023-04-11,63340,1249,696.75
DSP0004255,CMP0047,2023-04-12,65669,1529,722.36
DSP0004256,CMP0047,2023-04-13,70910,947,780.02
DSP0004257,CMP0047,2023-04-14,78910,1239,868.02
DSP0004258,CMP0047,2023-04-15,64523,1217,709.76
DSP0004259,CMP0047,2023-04-16,53967,936,593.64
DSP0004260,CMP0047,2023-04-17,53641,925,590.06
DSP0004261,CMP0047,2023-04-18,57944,895,637.39
DSP0004262,CMP0047,2023-04-19,77566,1397,853.23
DSP0004263,CMP0047,2023-04-20,47373,1033,521.11
DSP0004264,CMP0047,2023-04-21,75057,1193,825.63
DSP0004265,CMP0047,2023-04-22,50523,1178,555.76
DSP0004266,CMP0047,2023-04-23,60422,1300,664.65
DSP0004267,CMP0047,2023-04-24,84112,1309,925.24
DSP0004268,CMP0047,2023-04-25,62218,1272,684.40
DSP0004269,CMP0047,2023-04-26,76672,1569,843.40
DSP0004270,CMP0047,2023-04-27,57012,1093,627.14
DSP0004271,CMP0047,2023-04-28,51528,1155,566.81
DSP0004272,CMP0047,2023-04-29,61014,1157,671.16
DSP0004273,CMP0048,2024-11-08,59113,424,384.24
DSP0004274,CMP0048,2024-11-09,83116,637,540.26
DSP0004275,CMP0048,2024-11-10,73716,528,479.16
DSP0004276,CMP0048,2024-11-11,70613,385,458.99
DSP0004277,CMP0048,2024-11-12,61650,403,400.73
DSP0004278,CMP0048,2024-11-13,56778,344,369.06
DSP0004279,CMP0048,2024-11-14,80904,377,525.88
DSP0004280,CMP0048,2024-11-15,67713,417,440.14
DSP0004281,CMP0048,2024-11-16,76036,582,494.24
DSP0004282,CMP0048,2024-11-17,73072,531,474.97
DSP0004283,CMP0048,2024-11-18,62158,348,404.03
DSP0004284,CMP0048,2024-11-19,83966,406,545.78
DSP0004285,CMP0048,2024-11-20,48460,233,314.99
DSP0004286,CMP0048,2024-11-21,69566,489,452.18
DSP0004287,CMP0048,2024-11-22,84095,613,546.62
DSP0004288,CMP0048,2024-11-23,63663,458,413.81
DSP0004289,CMP0048,2024-11-24,75473,394,490.58
DSP0004290,CMP0048,2024-11-25,67318,314,437.57
DSP0004291,CMP0048,2024-11-26,60641,409,394.17
DSP0004292,CMP0048,2024-11-27,48530,237,315.45
DSP0004293,CMP0048,2024-11-28,62427,288,405.78
DSP0004294,CMP0048,2024-11-29,61592,458,400.35
DSP0004295,CMP0048,2024-11-30,79413,484,516.19
DSP0004296,CMP0048,2024-12-01,64003,445,416.02
DSP0004297,CMP0048,2024-12-02,51992,248,337.95
DSP0004298,CMP0048,2024-12-03,48387,298,314.52
DSP0004299,CMP0048,2024-12-04,70466,346,458.03
DSP0004300,CMP0048,2024-12-05,51075,365,331.99
DSP0004301,CMP0048,2024-12-06,84383,524,548.49
DSP0004302,CMP0048,2024-12-07,53380,300,346.97
DSP0004303,CMP0048,2024-12-08,73873,504,480.18
DSP0004304,CMP0048,2024-12-09,61050,338,396.83
DSP0004305,CMP0048,2024-12-10,84032,592,546.21
DSP0004306,CMP0048,2024-12-11,84244,446,547.59
DSP0004307,CMP0048,2024-12-12,48420,253,314.73
DSP0004308,CMP0048,2024-12-13,50263,269,326.71
DSP0004309,CMP0048,2024-12-14,77001,394,500.51
DSP0004310,CMP0048,2024-12-15,72287,491,469.87
DSP0004311,CMP0048,2024-12-16,46724,302,303.71
DSP0004312,CMP0048,2024-12-17,76178,367,495.16
DSP0004313,CMP0048,2024-12-18,73072,435,474.97
DSP0004314,CMP0048,2024-12-19,67707,294,440.10
DSP0004315,CMP0048,2024-12-20,59455,343,386.46
DSP0004316,CMP0048,2024-12-21,83344,635,541.74
DSP0004317,CMP0048,2024-12-22,80401,616,522.61
DSP0004318,CMP0048,2024-12-23,75418,492,490.22
DSP0004319,CMP0048,2024-12-24,58484,429,380.15
DSP0004320,CMP0048,2024-12-25,74026,340,481.17
DSP0004321,CMP0048,2024-12-26,67126,408,436.32
DSP0004322,CMP0048,2024-12-27,71727,537,466.23
DSP0004323,CMP0048,2024-12-28,78955,352,513.21
DSP0004324,CMP0048,2024-12-29,82640,414,537.16
DSP0004325,CMP0048,2024-12-30,61158,407,397.53
DSP0004326,CMP0048,2024-12-31,67958,364,441.73
DSP0004327,CMP0048,2025-01-01,70655,541,459.26
DSP0004328,CMP0048,2025-01-02,73333,558,476.67
DSP0004329,CMP0048,2025-01-03,52678,285,342.41
DSP0004330,CMP0048,2025-01-04,82129,447,533.84
DSP0004331,CMP0048,2025-01-05,65193,377,423.76
DSP0004332,CMP0048,2025-01-06,82086,504,533.56
DSP0004333,CMP0048,2025-01-07,54240,316,352.56
DSP0004334,CMP0048,2025-01-08,61920,471,402.48
DSP0004335,CMP0048,2025-01-09,70933,394,461.07
DSP0004336,CMP0048,2025-01-10,60021,278,390.14
DSP0004337,CMP0048,2025-01-11,84340,597,548.21
DSP0004338,CMP0048,2025-01-12,46612,230,302.98
DSP0004339,CMP0048,2025-01-13,64526,391,419.42
DSP0004340,CMP0048,2025-01-14,57753,447,375.40
DSP0004341,CMP0048,2025-01-15,74006,391,481.04
DSP0004342,CMP0048,2025-01-16,73536,546,477.99
DSP0004343,CMP0048,2025-01-17,77812,370,505.78
DSP0004344,CMP0048,2025-01-18,52421,369,340.74
DSP0004345,CMP0048,2025-01-19,65180,406,423.67
DSP0004346,CMP0048,2025-01-20,80572,425,523.72
DSP0004347,CMP0048,2025-01-21,49256,279,320.17
DSP0004348,CMP0048,2025-01-22,77083,449,501.04
DSP0004349,CMP0048,2025-01-23,71386,367,464.01
DSP0004350,CMP0048,2025-01-24,65795,315,427.67
DSP0004351,CMP0048,2025-01-25,74064,344,481.42
DSP0004352,CMP0048,2025-01-26,55352,293,359.79
DSP0004353,CMP0048,2025-01-27,79680,541,517.92
DSP0004354,CMP0048,2025-01-28,83850,494,545.03
DSP0004355,CMP0048,2025-01-29,65426,487,425.27
DSP0004356,CMP0048,2025-01-30,68566,344,445.68
DSP0004357,CMP0048,2025-01-31,59167,449,384.59
DSP0004358,CMP0048,2025-02-01,58855,363,382.56
DSP0004359,CMP0048,2025-02-02,53215,303,345.90
DSP0004360,CMP0048,2025-02-03,61423,410,399.25
DSP0004361,CMP0048,2025-02-04,80901,571,525.86
DSP0004362,CMP0048,2025-02-05,59543,384,387.03
DSP0004363,CMP0048,2025-02-06,80323,611,522.10
DSP0004364,CMP0048,2025-02-07,80635,584,524.13
DSP0004365,CMP0048,2025-02-08,50673,316,329.38
DSP0004366,CMP0048,2025-02-09,79764,614,518.47
DSP0004367,CMP0048,2025-02-10,51093,216,332.11
DSP0004368,CMP0048,2025-02-11,54352,351,353.29
DSP0004369,CMP0048,2025-02-12,50844,248,330.49
DSP0004370,CMP0048,2025-02-13,54881,258,356.73
DSP0004371,CMP0048,2025-02-14,47692,205,310.00
DSP0004372,CMP0048,2025-02-15,57052,342,370.84
DSP0004373,CMP0048,2025-02-16,73380,532,476.97
DSP0004374,CMP0048,2025-02-17,52941,313,344.12
DSP0004375,CMP0048,2025-02-18,69195,491,449.77
DSP0004376,CMP0048,2025-02-19,46296,304,300.93
DSP0004377,CMP0048,2025-02-20,51907,287,337.40
DSP0004378,CMP0048,2025-02-21,84278,570,547.81
DSP0004379,CMP0048,2025-02-22,57916,361,376.46
DSP0004380,CMP0048,2025-02-23,80460,592,522.99
DSP0004381,CMP0048,2025-02-24,81313,345,528.54
DSP0004382,CMP0048,2025-02-25,79172,555,514.62
DSP0004383,CMP0048,2025-02-26,68869,444,447.65
DSP0004384,CMP0048,2025-02-27,76232,571,495.51
DSP0004385,CMP0048,2025-02-28,79421,557,516.24
DSP0004386,CMP0048,2025-03-01,56427,420,366.78
DSP0004387,CMP0048,2025-03-02,47076,333,306.00
DSP0004388,CMP0048,2025-03-03,83790,441,544.64
DSP0004389,CMP0048,2025-03-04,70160,341,456.04
DSP0004390,CMP0048,2025-03-05,79055,370,513.86
DSP0004391,CMP0048,2025-03-06,68090,336,442.59
DSP0004392,CMP0048,2025-03-07,83046,442,539.80
DSP0004393,CMP0048,2025-03-08,64160,424,417.04
DSP0004394,CMP0048,2025-03-09,80664,459,524.32
DSP0004395,CMP0048,2025-03-10,77478,454,503.61
DSP0004396,CMP0048,2025-03-11,74841,381,486.47
DSP0004397,CMP0048,2025-03-12,48573,314,315.73
DSP0004398,CMP0048,2025-03-13,74326,482,483.12
DSP0004399,CMP0048,2025-03-14,75464,504,490.52
DSP0004400,CMP0048,2025-03-15,83290,645,541.39
DSP0004401,CMP0048,2025-03-16,60295,356,391.92
DSP0004402,CMP0048,2025-03-17,81544,582,530.04
DSP0004403,CMP0048,2025-03-18,67603,387,439.42
DSP0004404,CMP0048,2025-03-19,55504,375,360.78
DSP0004405,CMP0049,2023-04-19,9768,78,146.53
DSP0004406,CMP0049,2023-04-20,10178,80,152.67
DSP0004407,CMP0049,2023-04-21,15879,108,238.19
DSP0004408,CMP0049,2023-04-22,10323,109,154.85
DSP0004409,CMP0049,2023-04-23,10624,119,159.36
DSP0004410,CMP0049,2023-04-24,14978,109,224.68
DSP0004411,CMP0049,2023-04-25,9298,80,139.48
DSP0004412,CMP0049,2023-04-26,11621,105,174.32
DSP0004413,CMP0049,2023-04-27,15862,163,237.93
DSP0004414,CMP0049,2023-04-28,11088,73,166.33
DSP0004415,CMP0049,2023-04-29,11344,79,170.16
DSP0004416,CMP0049,2023-04-30,13642,96,204.63
DSP0004417,CMP0049,2023-05-01,15419,106,231.29
DSP0004418,CMP0049,2023-05-02,10099,69,151.49
DSP0004419,CMP0049,2023-05-03,11639,99,174.59
DSP0004420,CMP0049,2023-05-04,10732,80,160.99
DSP0004421,CMP0049,2023-05-05,10428,112,156.43
DSP0004422,CMP0049,2023-05-06,12015,92,180.23
DSP0004423,CMP0049,2023-05-07,15018,134,225.28
DSP0004424,CMP0049,2023-05-08,13935,122,209.03
DSP0004425,CMP0049,2023-05-09,10564,81,158.47
DSP0004426,CMP0049,2023-05-10,14410,136,216.15
DSP0004427,CMP0049,2023-05-11,17198,126,257.98
DSP0004428,CMP0049,2023-05-12,10540,117,158.10
DSP0004429,CMP0049,2023-05-13,9864,91,147.96
DSP0004430,CMP0049,2023-05-14,10543,78,158.15
DSP0004431,CMP0049,2023-05-15,16966,184,254.50
DSP0004432,CMP0049,2023-05-16,13603,85,204.05
DSP0004433,CMP0049,2023-05-17,12614,145,189.22
DSP0004434,CMP0049,2023-05-18,16094,174,241.42
DSP0004435,CMP0049,2023-05-19,12990,131,194.85
DSP0004436,CMP0049,2023-05-20,14724,153,220.87
DSP0004437,CMP0049,2023-05-21,12376,135,185.64
DSP0004438,CMP0049,2023-05-22,16560,152,248.40
DSP0004439,CMP0049,2023-05-23,15331,119,229.97
DSP0004440,CMP0049,2023-05-24,15595,166,233.93
DSP0004441,CMP0049,2023-05-25,12180,137,182.71
DSP0004442,CMP0049,2023-05-26,12320,111,184.80
DSP0004443,CMP0049,2023-05-27,12453,111,186.80
DSP0004444,CMP0049,2023-05-28,14426,141,216.40
DSP0004445,CMP0049,2023-05-29,11948,113,179.22
DSP0004446,CMP0049,2023-05-30,9777,71,146.66
DSP0004447,CMP0049,2023-05-31,9896,114,148.45
DSP0004448,CMP0049,2023-06-01,9464,92,141.96
DSP0004449,CMP0049,2023-06-02,15224,102,228.36
DSP0004450,CMP0049,2023-06-03,17014,155,255.21
DSP0004451,CMP0049,2023-06-04,11512,89,172.68
DSP0004452,CMP0049,2023-06-05,14356,109,215.35
DSP0004453,CMP0049,2023-06-06,12892,125,193.39
DSP0004454,CMP0049,2023-06-07,13540,109,203.10
DSP0004455,CMP0049,2023-06-08,15016,107,225.25
DSP0004456,CMP0049,2023-06-09,10396,97,155.94
DSP0004457,CMP0049,2023-06-10,12395,136,185.93
DSP0004458,CMP0049,2023-06-11,13572,136,203.59
DSP0004459,CMP0049,2023-06-12,9908,89,148.62
DSP0004460,CMP0049,2023-06-13,12997,140,194.96
DSP0004461,CMP0049,2023-06-14,17100,154,256.50
DSP0004462,CMP0049,2023-06-15,14551,142,218.27
DSP0004463,CMP0049,2023-06-16,13822,121,207.34
DSP0004464,CMP0049,2023-06-17,16538,122,248.08
DSP0004465,CMP0049,2023-06-18,17137,134,257.06
DSP0004466,CMP0049,2023-06-19,9357,80,140.36
DSP0004467,CMP0049,2023-06-20,14658,134,219.88
DSP0004468,CMP0049,2023-06-21,15928,136,238.92
DSP0004469,CMP0049,2023-06-22,15080,108,226.21
DSP0004470,CMP0049,2023-06-23,16469,183,247.04
DSP0004471,CMP0049,2023-06-24,16194,118,242.91
DSP0004472,CMP0049,2023-06-25,16746,159,251.19
DSP0004473,CMP0049,2023-06-26,9842,83,147.64
DSP0004474,CMP0049,2023-06-27,12347,90,185.21
DSP0004475,CMP0049,2023-06-28,11457,96,171.86
DSP0004476,CMP0049,2023-06-29,10326,97,154.90
DSP0004477,CMP0049,2023-06-30,13044,99,195.66
DSP0004478,CMP0049,2023-07-01,12059,137,180.89
DSP0004479,CMP0049,2023-07-02,12019,119,180.29
DSP0004480,CMP0049,2023-07-03,16293,129,244.40
DSP0004481,CMP0049,2023-07-04,12876,122,193.14
DSP0004482,CMP0049,2023-07-05,11918,77,178.77
DSP0004483,CMP0049,2023-07-06,13330,117,199.95
DSP0004484,CMP0049,2023-07-07,9410,72,141.15
DSP0004485,CMP0049,2023-07-08,10219,74,153.29
DSP0004486,CMP0049,2023-07-09,10768,98,161.53
DSP0004487,CMP0049,2023-07-10,10366,94,155.49
DSP0004488,CMP0049,2023-07-11,13708,109,205.62
DSP0004489,CMP0049,2023-07-12,12473,144,187.10
DSP0004490,CMP0049,2023-07-13,16882,170,253.23
DSP0004491,CMP0049,2023-07-14,11996,111,179.95
DSP0004492,CMP0049,2023-07-15,12020,107,180.30
DSP0004493,CMP0049,2023-07-16,15878,131,238.17
DSP0004494,CMP0049,2023-07-17,14170,136,212.55
DSP0004495,CMP0049,2023-07-18,15362,164,230.44
DSP0004496,CMP0049,2023-07-19,17148,178,257.23
DSP0004497,CMP0049,2023-07-20,14006,159,210.09
DSP0004498,CMP0049,2023-07-21,12922,85,193.83
DSP0004499,CMP0049,2023-07-22,11406,84,171.10
DSP0004500,CMP0049,2023-07-23,13338,116,200.08
DSP0004501,CMP0049,2023-07-24,9390,65,140.86
DSP0004502,CMP0049,2023-07-25,16288,182,244.32
DSP0004503,CMP0049,2023-07-26,15931,108,238.97
DSP0004504,CMP0049,2023-07-27,12054,76,180.81
DSP0004505,CMP0049,2023-07-28,12597,105,188.96
DSP0004506,CMP0049,2023-07-29,15808,158,237.12
DSP0004507,CMP0049,2023-07-30,10537,96,158.06
DSP0004508,CMP0049,2023-07-31,9776,109,146.65
DSP0004509,CMP0049,2023-08-01,11081,121,166.22
DSP0004510,CMP0049,2023-08-02,16524,167,247.87
DSP0004511,CMP0049,2023-08-03,9740,83,146.10
DSP0004512,CMP0049,2023-08-04,16448,161,246.72
DSP0004513,CMP0049,2023-08-05,13727,87,205.91
DSP0004514,CMP0049,2023-08-06,10840,118,162.60
DSP0004515,CMP0049,2023-08-07,12424,80,186.36
DSP0004516,CMP0049,2023-08-08,14927,170,223.91
DSP0004517,CMP0049,2023-08-09,17162,128,257.44
DSP0004518,CMP0049,2023-08-10,14694,110,220.41
DSP0004519,CMP0049,2023-08-11,10790,80,161.86
DSP0004520,CMP0049,2023-08-12,16216,179,243.24
DSP0004521,CMP0049,2023-08-13,14177,92,212.66
DSP0004522,CMP0049,2023-08-14,9398,92,140.97
DSP0004523,CMP0049,2023-08-15,9982,105,149.73
DSP0004524,CMP0049,2023-08-16,13151,90,197.27
DSP0004525,CMP0049,2023-08-17,13771,125,206.57
DSP0004526,CMP0049,2023-08-18,14863,154,222.95
DSP0004527,CMP0049,2023-08-19,9386,70,140.80
DSP0004528,CMP0049,2023-08-20,9698,97,145.48
DSP0004529,CMP0049,2023-08-21,11832,109,177.48
DSP0004530,CMP0049,2023-08-22,16334,175,245.02
DSP0004531,CMP0049,2023-08-23,10130,110,151.95
DSP0004532,CMP0049,2023-08-24,12810,143,192.16
DSP0004533,CMP0050,2023-08-23,30987,603,278.89
DSP0004534,CMP0050,2023-08-24,23501,475,211.51
DSP0004535,CMP0050,2023-08-25,38151,1114,343.36
DSP0004536,CMP0050,2023-08-26,23361,503,210.25
DSP0004537,CMP0050,2023-08-27,29616,591,266.55
DSP0004538,CMP0050,2023-08-28,23995,510,215.96
DSP0004539,CMP0050,2023-08-29,28406,718,255.66
DSP0004540,CMP0050,2023-08-30,33007,863,297.07
DSP0004541,CMP0050,2023-08-31,38162,1224,343.46
DSP0004542,CMP0050,2023-09-01,34802,923,313.22
DSP0004543,CMP0050,2023-09-02,39822,1012,358.40
DSP0004544,CMP0050,2023-09-03,25731,834,231.58
DSP0004545,CMP0050,2023-09-04,39127,1108,352.15
DSP0004546,CMP0050,2023-09-05,27344,671,246.10
DSP0004547,CMP0050,2023-09-06,34751,1100,312.76
DSP0004548,CMP0050,2023-09-07,22888,613,206.00
DSP0004549,CMP0050,2023-09-08,32404,612,291.64
DSP0004550,CMP0050,2023-09-09,25158,516,226.43
DSP0004551,CMP0050,2023-09-10,27457,682,247.12
DSP0004552,CMP0050,2023-09-11,33067,963,297.61
DSP0004553,CMP0050,2023-09-12,33563,679,302.07
DSP0004554,CMP0050,2023-09-13,32486,693,292.38
DSP0004555,CMP0050,2023-09-14,24457,523,220.12
DSP0004556,CMP0050,2023-09-15,39417,1167,354.76
DSP0004557,CMP0050,2023-09-16,34630,846,311.67
DSP0004558,CMP0050,2023-09-17,40177,874,361.60
DSP0004559,CMP0050,2023-09-18,29475,794,265.28
DSP0004560,CMP0050,2023-09-19,38110,1171,342.99
DSP0004561,CMP0050,2023-09-20,37281,932,335.53
DSP0004562,CMP0050,2023-09-21,24165,777,217.49
DSP0004563,CMP0050,2023-09-22,39745,816,357.71
DSP0004564,CMP0050,2023-09-23,37190,757,334.71
DSP0004565,CMP0050,2023-09-24,23664,650,212.98
DSP0004566,CMP0050,2023-09-25,26011,772,234.10
DSP0004567,CMP0050,2023-09-26,32245,969,290.21
DSP0004568,CMP0050,2023-09-27,28434,753,255.91
DSP0004569,CMP0050,2023-09-28,27390,825,246.51
DSP0004570,CMP0050,2023-09-29,32927,737,296.35
DSP0004571,CMP0050,2023-09-30,35628,714,320.66
DSP0004572,CMP0050,2023-10-01,27273,485,245.46
DSP0004573,CMP0050,2023-10-02,26281,535,236.53
DSP0004574,CMP0050,2023-10-03,28216,543,253.95
DSP0004575,CMP0050,2023-10-04,21984,459,197.86
DSP0004576,CMP0050,2023-10-05,35226,816,317.04
DSP0004577,CMP0050,2023-10-06,33183,824,298.65
DSP0004578,CMP0050,2023-10-07,28798,737,259.19
DSP0004579,CMP0050,2023-10-08,24504,758,220.54
DSP0004580,CMP0050,2023-10-09,38082,695,342.74
DSP0004581,CMP0050,2023-10-10,35588,818,320.30
DSP0004582,CMP0050,2023-10-11,23575,563,212.18
DSP0004583,CMP0050,2023-10-12,33383,807,300.45
DSP0004584,CMP0050,2023-10-13,30996,986,278.97
DSP0004585,CMP0050,2023-10-14,30983,905,278.85
DSP0004586,CMP0050,2023-10-15,26367,671,237.31
DSP0004587,CMP0050,2023-10-16,32212,677,289.91
DSP0004588,CMP0050,2023-10-17,35028,981,315.26
DSP0004589,CMP0050,2023-10-18,28597,584,257.38
DSP0004590,CMP0050,2023-10-19,38646,860,347.82
DSP0004591,CMP0050,2023-10-20,38746,697,348.72
DSP0004592,CMP0050,2023-10-21,26253,491,236.28
DSP0004593,CMP0050,2023-10-22,37662,943,338.96
DSP0004594,CMP0050,2023-10-23,28990,839,260.91
DSP0004595,CMP0050,2023-10-24,29730,670,267.57
DSP0004596,CMP0050,2023-10-25,33797,691,304.18
DSP0004597,CMP0050,2023-10-26,35561,1053,320.05
DSP0004598,CMP0050,2023-10-27,24586,539,221.28
DSP0004599,CMP0050,2023-10-28,28376,640,255.39
DSP0004600,CMP0050,2023-10-29,26565,494,239.09
DSP0004601,CMP0050,2023-10-30,36653,701,329.88
DSP0004602,CMP0050,2023-10-31,31660,917,284.94
DSP0004603,CMP0050,2023-11-01,35347,758,318.13
DSP0004604,CMP0050,2023-11-02,35472,1030,319.25
DSP0004605,CMP0050,2023-11-03,33198,994,298.79
DSP0004606,CMP0050,2023-11-04,35398,791,318.59
DSP0004607,CMP0050,2023-11-05,24674,621,222.07
DSP0004608,CMP0050,2023-11-06,22622,633,203.60
DSP0004609,CMP0050,2023-11-07,27187,852,244.69
DSP0004610,CMP0050,2023-11-08,38631,871,347.68
DSP0004611,CMP0050,2023-11-09,34085,830,306.77
DSP0004612,CMP0050,2023-11-10,29793,793,268.14
DSP0004613,CMP0050,2023-11-11,38623,1007,347.61
DSP0004614,CMP0050,2023-11-12,37518,1074,337.67
DSP0004615,CMP0050,2023-11-13,37116,736,334.05
DSP0004616,CMP0050,2023-11-14,33122,831,298.10
DSP0004617,CMP0050,2023-11-15,21911,480,197.20
DSP0004618,CMP0050,2023-11-16,40421,781,363.79
DSP0004619,CMP0050,2023-11-17,32015,987,288.14
DSP0004620,CMP0050,2023-11-18,24458,431,220.13
DSP0004621,CMP0050,2023-11-19,27088,490,243.80
DSP0004622,CMP0050,2023-11-20,22934,679,206.41
DSP0004623,CMP0050,2023-11-21,30170,623,271.53
DSP0004624,CMP0050,2023-11-22,31991,989,287.92
DSP0004625,CMP0050,2023-11-23,31806,878,286.26
DSP0004626,CMP0050,2023-11-24,26792,535,241.13
DSP0004627,CMP0050,2023-11-25,32935,681,296.42
DSP0004628,CMP0050,2023-11-26,30537,898,274.84
DSP0004629,CMP0050,2023-11-27,26195,769,235.76
DSP0004630,CMP0050,2023-11-28,25991,468,233.92
DSP0004631,CMP0050,2023-11-29,33003,842,297.03
DSP0004632,CMP0050,2023-11-30,32536,895,292.83
DSP0004633,CMP0050,2023-12-01,23843,457,214.59
DSP0004634,CMP0050,2023-12-02,35065,639,315.59
DSP0004635,CMP0050,2023-12-03,28084,539,252.76
DSP0004636,CMP0050,2023-12-04,36433,1058,327.90
DSP0004637,CMP0050,2023-12-05,31505,1000,283.55
DSP0004638,CMP0050,2023-12-06,24744,784,222.70
DSP0004639,CMP0050,2023-12-07,28764,770,258.88
DSP0004640,CMP0050,2023-12-08,24304,757,218.74
DSP0004641,CMP0050,2023-12-09,28390,675,255.51
DSP0004642,CMP0050,2023-12-10,29161,893,262.45
DSP0004643,CMP0050,2023-12-11,23971,508,215.74
DSP0004644,CMP0050,2023-12-12,35143,860,316.29
DSP0004645,CMP0050,2023-12-13,24796,467,223.17
DSP0004646,CMP0050,2023-12-14,35475,984,319.28
DSP0004647,CMP0050,2023-12-15,31475,596,283.28
DSP0004648,CMP0050,2023-12-16,33163,622,298.47
DSP0004649,CMP0050,2023-12-17,23488,414,211.40
DSP0004650,CMP0050,2023-12-18,29078,737,261.71
DSP0004651,CMP0050,2023-12-19,37484,710,337.36
DSP0004652,CMP0050,2023-12-20,23557,580,212.02
DSP0004653,CMP0050,2023-12-21,31833,943,286.50
DSP0004654,CMP0050,2023-12-22,24330,705,218.97
DSP0004655,CMP0050,2023-12-23,25814,742,232.33
DSP0004656,CMP0050,2023-12-24,30332,569,272.99
DSP0004657,CMP0050,2023-12-25,39022,1120,351.20
DSP0004658,CMP0050,2023-12-26,27447,674,247.03
DSP0004659,CMP0050,2023-12-27,26705,597,240.35
DSP0004660,CMP0051,2024-11-03,22250,674,400.50
DSP0004661,CMP0051,2024-11-04,23805,1023,428.50
DSP0004662,CMP0051,2024-11-05,30157,1032,542.83
DSP0004663,CMP0051,2024-11-06,24422,729,439.60
DSP0004664,CMP0051,2024-11-07,21747,856,391.46
DSP0004665,CMP0051,2024-11-08,18570,596,334.27
DSP0004666,CMP0051,2024-11-09,30946,920,557.04
DSP0004667,CMP0051,2024-11-10,17746,741,319.44
DSP0004668,CMP0051,2024-11-11,23018,621,414.34
DSP0004669,CMP0051,2024-11-12,29963,1155,539.35
DSP0004670,CMP0051,2024-11-13,18999,668,341.99
DSP0004671,CMP0051,2024-11-14,26369,896,474.65
DSP0004672,CMP0051,2024-11-15,25356,819,456.42
DSP0004673,CMP0051,2024-11-16,29957,1084,539.23
DSP0004674,CMP0051,2024-11-17,24580,828,442.45
DSP0004675,CMP0051,2024-11-18,26610,670,478.99
DSP0004676,CMP0051,2024-11-19,32275,1236,580.95
DSP0004677,CMP0051,2024-11-20,29779,1080,536.03
DSP0004678,CMP0051,2024-11-21,23402,826,421.24
DSP0004679,CMP0051,2024-11-22,23686,664,426.35
DSP0004680,CMP0051,2024-11-23,30572,788,550.30
DSP0004681,CMP0051,2024-11-24,24001,762,432.03
DSP0004682,CMP0051,2024-11-25,28405,800,511.29
DSP0004683,CMP0051,2024-11-26,26224,970,472.04
DSP0004684,CMP0051,2024-11-27,19612,848,353.02
DSP0004685,CMP0051,2024-11-28,27018,1151,486.33
DSP0004686,CMP0051,2024-11-29,24852,1051,447.34
DSP0004687,CMP0051,2024-11-30,27982,944,503.69
DSP0004688,CMP0051,2024-12-01,17780,533,320.04
DSP0004689,CMP0051,2024-12-02,21576,941,388.37
DSP0004690,CMP0051,2024-12-03,21013,607,378.25
DSP0004691,CMP0051,2024-12-04,19656,734,353.81
DSP0004692,CMP0051,2024-12-05,31166,1216,560.99
DSP0004693,CMP0051,2024-12-06,18529,566,333.53
DSP0004694,CMP0051,2024-12-07,28736,884,517.26
DSP0004695,CMP0051,2024-12-08,29337,898,528.08
DSP0004696,CMP0051,2024-12-09,21428,874,385.71
DSP0004697,CMP0051,2024-12-10,30446,932,548.03
DSP0004698,CMP0051,2024-12-11,28811,1045,518.60
DSP0004699,CMP0051,2024-12-12,19793,687,356.29
DSP0004700,CMP0051,2024-12-13,17696,631,318.54
DSP0004701,CMP0051,2024-12-14,21293,945,383.28
DSP0004702,CMP0051,2024-12-15,18473,646,332.53
DSP0004703,CMP0051,2024-12-16,31032,1250,558.58
DSP0004704,CMP0051,2024-12-17,23379,739,420.83
DSP0004705,CMP0051,2024-12-18,21882,763,393.88
DSP0004706,CMP0051,2024-12-19,29718,984,534.94
DSP0004707,CMP0051,2024-12-20,25497,662,458.96
DSP0004708,CMP0051,2024-12-21,30836,1279,555.05
DSP0004709,CMP0051,2024-12-22,18583,759,334.51
DSP0004710,CMP0051,2024-12-23,26608,1002,478.95
DSP0004711,CMP0051,2024-12-24,27381,921,492.87
DSP0004712,CMP0051,2024-12-25,27898,1134,502.17
DSP0004713,CMP0051,2024-12-26,22885,608,411.94
DSP0004714,CMP0051,2024-12-27,32322,1126,581.81
DSP0004715,CMP0051,2024-12-28,18496,814,332.94
DSP0004716,CMP0051,2024-12-29,31560,908,568.09
DSP0004717,CMP0051,2024-12-30,17567,772,316.21
DSP0004718,CMP0051,2024-12-31,31472,824,566.50
DSP0004719,CMP0051,2025-01-01,29640,845,533.52
DSP0004720,CMP0051,2025-01-02,21225,820,382.06
DSP0004721,CMP0051,2025-01-03,28165,1177,506.97
DSP0004722,CMP0051,2025-01-04,18388,725,331.00
DSP0004723,CMP0051,2025-01-05,18570,635,334.27
DSP0004724,CMP0051,2025-01-06,20516,584,369.29
DSP0004725,CMP0051,2025-01-07,31091,781,559.65
DSP0004726,CMP0051,2025-01-08,24103,826,433.86
DSP0004727,CMP0051,2025-01-09,21664,698,389.96
DSP0004728,CMP0051,2025-01-10,25311,889,455.60
DSP0004729,CMP0051,2025-01-11,26872,1006,483.71
DSP0004730,CMP0051,2025-01-12,18093,514,325.68
DSP0004731,CMP0051,2025-01-13,31864,1275,573.56
DSP0004732,CMP0051,2025-01-14,26642,1020,479.56
DSP0004733,CMP0051,2025-01-15,25743,956,463.39
DSP0004734,CMP0051,2025-01-16,17622,670,317.21
DSP0004735,CMP0051,2025-01-17,21175,595,381.15
DSP0004736,CMP0051,2025-01-18,20462,841,368.32
DSP0004737,CMP0051,2025-01-19,18931,843,340.76
DSP0004738,CMP0051,2025-01-20,27110,707,487.98
DSP0004739,CMP0051,2025-01-21,24271,773,436.89
DSP0004740,CMP0051,2025-01-22,29556,1065,532.02
DSP0004741,CMP0051,2025-01-23,19299,725,347.39
DSP0004742,CMP0051,2025-01-24,24183,1027,435.30
DSP0004743,CMP0052,2023-03-13,47299,1018,520.29
DSP0004744,CMP0052,2023-03-14,67484,1314,742.33
DSP0004745,CMP0052,2023-03-15,50141,1162,551.56
DSP0004746,CMP0052,2023-03-16,55956,1153,615.52
DSP0004747,CMP0052,2023-03-17,60642,1310,667.07
DSP0004748,CMP0052,2023-03-18,66943,1543,736.38
DSP0004749,CMP0052,2023-03-19,53977,1109,593.75
DSP0004750,CMP0052,2023-03-20,59072,816,649.80
DSP0004751,CMP0052,2023-03-21,69778,1361,767.56
DSP0004752,CMP0052,2023-03-22,70455,985,775.01
DSP0004753,CMP0052,2023-03-23,52666,1015,579.33
DSP0004754,CMP0052,2023-03-24,52630,1031,578.93
DSP0004755,CMP0052,2023-03-25,44048,620,484.53
DSP0004756,CMP0052,2023-03-26,60296,863,663.26
DSP0004757,CMP0052,2023-03-27,62095,986,683.05
DSP0004758,CMP0052,2023-03-28,64393,1366,708.33
DSP0004759,CMP0052,2023-03-29,53176,878,584.94
DSP0004760,CMP0052,2023-03-30,54161,840,595.78
DSP0004761,CMP0052,2023-03-31,64349,1307,707.84
DSP0004762,CMP0052,2023-04-01,42982,679,472.81
DSP0004763,CMP0052,2023-04-02,46978,1016,516.76
DSP0004764,CMP0052,2023-04-03,64066,985,704.73
DSP0004765,CMP0052,2023-04-04,60942,1035,670.37
DSP0004766,CMP0052,2023-04-05,70292,1298,773.22
DSP0004767,CMP0052,2023-04-06,43173,613,474.91
DSP0004768,CMP0052,2023-04-07,39053,731,429.59
DSP0004769,CMP0052,2023-04-08,62814,940,690.96
DSP0004770,CMP0052,2023-04-09,69243,1436,761.68
DSP0004771,CMP0052,2023-04-10,52011,955,572.13
DSP0004772,CMP0052,2023-04-11,43274,863,476.02
DSP0004773,CMP0052,2023-04-12,41997,828,461.97
DSP0004774,CMP0052,2023-04-13,52221,708,574.44
DSP0004775,CMP0052,2023-04-14,67461,1014,742.08
DSP0004776,CMP0052,2023-04-15,47960,735,527.57
DSP0004777,CMP0052,2023-04-16,40606,858,446.67
DSP0004778,CMP0052,2023-04-17,48516,1102,533.68
DSP0004779,CMP0052,2023-04-18,67424,849,741.67
DSP0004780,CMP0052,2023-04-19,44784,972,492.63
DSP0004781,CMP0052,2023-04-20,62075,1431,682.83
DSP0004782,CMP0052,2023-04-21,56932,1275,626.26
DSP0004783,CMP0052,2023-04-22,51263,859,563.90
DSP0004784,CMP0052,2023-04-23,49526,1054,544.79
DSP0004785,CMP0052,2023-04-24,67323,896,740.56
DSP0004786,CMP0052,2023-04-25,69538,929,764.92
DSP0004787,CMP0052,2023-04-26,41002,620,451.03
DSP0004788,CMP0052,2023-04-27,62434,1070,686.78
DSP0004789,CMP0052,2023-04-28,70324,887,773.57
DSP0004790,CMP0052,2023-04-29,41948,946,461.43
DSP0004791,CMP0052,2023-04-30,49552,835,545.08
DSP0004792,CMP0052,2023-05-01,46506,1078,511.57
DSP0004793,CMP0052,2023-05-02,48294,783,531.24
DSP0004794,CMP0052,2023-05-03,51776,951,569.54
DSP0004795,CMP0052,2023-05-04,59793,1374,657.73
DSP0004796,CMP0052,2023-05-05,57309,1086,630.40
DSP0004797,CMP0052,2023-05-06,50760,1174,558.37
DSP0004798,CMP0052,2023-05-07,66718,1459,733.90
DSP0004799,CMP0052,2023-05-08,67522,1151,742.75
DSP0004800,CMP0052,2023-05-09,48515,1098,533.67
DSP0004801,CMP0052,2023-05-10,56411,1115,620.53
DSP0004802,CMP0052,2023-05-11,55898,802,614.88
DSP0004803,CMP0052,2023-05-12,60096,858,661.06
DSP0004804,CMP0052,2023-05-13,39701,560,436.72
DSP0004805,CMP0052,2023-05-14,53364,1146,587.01
DSP0004806,CMP0052,2023-05-15,42481,967,467.30
DSP0004807,CMP0052,2023-05-16,52480,1221,577.29
DSP0004808,CMP0052,2023-05-17,50201,1023,552.22
DSP0004809,CMP0052,2023-05-18,60564,1028,666.21
DSP0004810,CMP0052,2023-05-19,51404,906,565.45
DSP0004811,CMP0052,2023-05-20,50522,646,555.75
DSP0004812,CMP0052,2023-05-21,48070,684,528.78
DSP0004813,CMP0052,2023-05-22,45314,983,498.46
DSP0004814,CMP0052,2023-05-23,67631,1073,743.95
DSP0004815,CMP0052,2023-05-24,67476,979,742.24
DSP0004816,CMP0052,2023-05-25,41540,524,456.95
DSP0004817,CMP0052,2023-05-26,45149,993,496.64
DSP0004818,CMP0052,2023-05-27,62015,939,682.17
DSP0004819,CMP0052,2023-05-28,50283,976,553.12
DSP0004820,CMP0052,2023-05-29,65797,1247,723.77
DSP0004821,CMP0052,2023-05-30,45860,815,504.47
DSP0004822,CMP0052,2023-05-31,44803,1028,492.84
DSP0004823,CMP0053,2023-10-25,103701,728,674.06
DSP0004824,CMP0053,2023-10-26,111338,635,723.70
DSP0004825,CMP0053,2023-10-27,117903,715,766.37
DSP0004826,CMP0053,2023-10-28,90540,448,588.51
DSP0004827,CMP0053,2023-10-29,89363,383,580.86
DSP0004828,CMP0053,2023-10-30,77056,436,500.87
DSP0004829,CMP0053,2023-10-31,86520,521,562.38
DSP0004830,CMP0053,2023-11-01,100880,618,655.72
DSP0004831,CMP0053,2023-11-02,88444,586,574.89
DSP0004832,CMP0053,2023-11-03,92533,408,601.47
DSP0004833,CMP0053,2023-11-04,86198,503,560.29
DSP0004834,CMP0053,2023-11-05,128976,912,838.35
DSP0004835,CMP0053,2023-11-06,93363,402,606.86
DSP0004836,CMP0053,2023-11-07,75030,413,487.70
DSP0004837,CMP0053,2023-11-08,117552,794,764.09
DSP0004838,CMP0053,2023-11-09,106229,819,690.49
DSP0004839,CMP0053,2023-11-10,130315,688,847.05
DSP0004840,CMP0053,2023-11-11,76938,505,500.10
DSP0004841,CMP0053,2023-11-12,114476,730,744.10
DSP0004842,CMP0053,2023-11-13,130660,932,849.29
DSP0004843,CMP0053,2023-11-14,78444,437,509.89
DSP0004844,CMP0053,2023-11-15,88052,553,572.34
DSP0004845,CMP0053,2023-11-16,83013,484,539.59
DSP0004846,CMP0053,2023-11-17,98653,532,641.25
DSP0004847,CMP0053,2023-11-18,77433,460,503.32
DSP0004848,CMP0053,2023-11-19,98560,433,640.64
DSP0004849,CMP0053,2023-11-20,125313,888,814.54
DSP0004850,CMP0053,2023-11-21,109138,694,709.40
DSP0004851,CMP0053,2023-11-22,115626,790,751.57
DSP0004852,CMP0053,2023-11-23,116412,741,756.68
DSP0004853,CMP0053,2023-11-24,73078,341,475.01
DSP0004854,CMP0053,2023-11-25,71570,373,465.21
DSP0004855,CMP0053,2023-11-26,85821,630,557.84
DSP0004856,CMP0053,2023-11-27,87546,565,569.05
DSP0004857,CMP0053,2023-11-28,101060,440,656.89
DSP0004858,CMP0053,2023-11-29,99784,603,648.60
DSP0004859,CMP0053,2023-11-30,110716,539,719.66
DSP0004860,CMP0053,2023-12-01,113707,862,739.10
DSP0004861,CMP0053,2023-12-02,121015,577,786.60
DSP0004862,CMP0053,2023-12-03,101276,725,658.30
DSP0004863,CMP0053,2023-12-04,103133,724,670.37
DSP0004864,CMP0053,2023-12-05,81544,589,530.04
DSP0004865,CMP0053,2023-12-06,128138,735,832.90
DSP0004866,CMP0053,2023-12-07,104124,809,676.81
DSP0004867,CMP0053,2023-12-08,131880,959,857.22
DSP0004868,CMP0053,2023-12-09,76880,510,499.72
DSP0004869,CMP0053,2023-12-10,122269,526,794.75
DSP0004870,CMP0053,2023-12-11,77678,429,504.91
DSP0004871,CMP0053,2023-12-12,111286,515,723.36
DSP0004872,CMP0053,2023-12-13,75869,544,493.15
DSP0004873,CMP0053,2023-12-14,105338,605,684.70
DSP0004874,CMP0053,2023-12-15,111360,727,723.84
DSP0004875,CMP0053,2023-12-16,120366,821,782.38
DSP0004876,CMP0053,2023-12-17,121226,698,787.97
DSP0004877,CMP0054,2024-07-15,16748,162,251.22
DSP0004878,CMP0054,2024-07-16,15320,119,229.80
DSP0004879,CMP0054,2024-07-17,14075,137,211.13
DSP0004880,CMP0054,2024-07-18,12505,87,187.58
DSP0004881,CMP0054,2024-07-19,13526,127,202.89
DSP0004882,CMP0054,2024-07-20,12729,83,190.94
DSP0004883,CMP0054,2024-07-21,20849,187,312.74
DSP0004884,CMP0054,2024-07-22,20396,229,305.95
DSP0004885,CMP0054,2024-07-23,20414,237,306.22
DSP0004886,CMP0054,2024-07-24,17935,169,269.03
DSP0004887,CMP0054,2024-07-25,16308,141,244.63
DSP0004888,CMP0054,2024-07-26,12421,117,186.32
DSP0004889,CMP0054,2024-07-27,13918,105,208.77
DSP0004890,CMP0054,2024-07-28,15430,121,231.45
DSP0004891,CMP0054,2024-07-29,13171,96,197.57
DSP0004892,CMP0054,2024-07-30,16727,119,250.91
DSP0004893,CMP0054,2024-07-31,16641,169,249.62
DSP0004894,CMP0054,2024-08-01,17123,130,256.85
DSP0004895,CMP0054,2024-08-02,13950,116,209.25
DSP0004896,CMP0054,2024-08-03,20971,190,314.57
DSP0004897,CMP0054,2024-08-04,18574,118,278.61
DSP0004898,CMP0054,2024-08-05,14132,115,211.99
DSP0004899,CMP0054,2024-08-06,19454,182,291.81
DSP0004900,CMP0054,2024-08-07,17716,192,265.74
DSP0004901,CMP0054,2024-08-08,16316,108,244.75
DSP0004902,CMP0054,2024-08-09,14660,98,219.91
DSP0004903,CMP0054,2024-08-10,13312,147,199.69
DSP0004904,CMP0054,2024-08-11,20838,174,312.58
DSP0004905,CMP0054,2024-08-12,13492,113,202.38
DSP0004906,CMP0054,2024-08-13,19276,210,289.14
DSP0004907,CMP0054,2024-08-14,16396,139,245.95
DSP0004908,CMP0054,2024-08-15,12675,98,190.13
DSP0004909,CMP0054,2024-08-16,18485,117,277.28
DSP0004910,CMP0054,2024-08-17,19677,199,295.16
DSP0004911,CMP0054,2024-08-18,17180,110,257.71
DSP0004912,CMP0054,2024-08-19,19595,196,293.93
DSP0004913,CMP0054,2024-08-20,18678,182,280.18
DSP0004914,CMP0054,2024-08-21,16982,188,254.74
DSP0004915,CMP0054,2024-08-22,14328,144,214.93
DSP0004916,CMP0054,2024-08-23,19764,224,296.47
DSP0004917,CMP0054,2024-08-24,13504,131,202.57
DSP0004918,CMP0054,2024-08-25,13415,111,201.23
DSP0004919,CMP0054,2024-08-26,17930,197,268.95
DSP0004920,CMP0054,2024-08-27,12693,95,190.40
DSP0004921,CMP0054,2024-08-28,16060,179,240.91
DSP0004922,CMP0054,2024-08-29,18706,171,280.59
DSP0004923,CMP0054,2024-08-30,14459,119,216.89
DSP0004924,CMP0054,2024-08-31,15504,135,232.56
DSP0004925,CMP0054,2024-09-01,16825,136,252.38
DSP0004926,CMP0054,2024-09-02,20910,155,313.66
DSP0004927,CMP0054,2024-09-03,18600,203,279.00
DSP0004928,CMP0054,2024-09-04,13171,104,197.57
DSP0004929,CMP0054,2024-09-05,16294,161,244.42
DSP0004930,CMP0054,2024-09-06,12332,101,184.99
DSP0004931,CMP0054,2024-09-07,13268,132,199.03
DSP0004932,CMP0054,2024-09-08,12022,110,180.33
DSP0004933,CMP0054,2024-09-09,17565,188,263.48
DSP0004934,CMP0054,2024-09-10,17904,202,268.57
DSP0004935,CMP0055,2024-08-19,52811,1284,475.30
DSP0004936,CMP0055,2024-08-20,53472,1462,481.25
DSP0004937,CMP0055,2024-08-21,58916,1537,530.25
DSP0004938,CMP0055,2024-08-22,48091,1517,432.82
DSP0004939,CMP0055,2024-08-23,51388,1217,462.50
DSP0004940,CMP0055,2024-08-24,54744,1343,492.70
DSP0004941,CMP0055,2024-08-25,51212,1496,460.91
DSP0004942,CMP0055,2024-08-26,55395,1180,498.56
DSP0004943,CMP0055,2024-08-27,57004,1365,513.04
DSP0004944,CMP0055,2024-08-28,51016,903,459.15
DSP0004945,CMP0055,2024-08-29,38365,1036,345.29
DSP0004946,CMP0055,2024-08-30,38021,997,342.19
DSP0004947,CMP0055,2024-08-31,56266,1352,506.40
DSP0004948,CMP0055,2024-09-01,63088,1384,567.80
DSP0004949,CMP0055,2024-09-02,43092,1032,387.83
DSP0004950,CMP0055,2024-09-03,44300,868,398.70
DSP0004951,CMP0055,2024-09-04,38248,707,344.24
DSP0004952,CMP0055,2024-09-05,55251,1100,497.26
DSP0004953,CMP0055,2024-09-06,59813,1569,538.32
DSP0004954,CMP0055,2024-09-07,41164,1188,370.48
DSP0004955,CMP0055,2024-09-08,60068,1689,540.62
DSP0004956,CMP0055,2024-09-09,50558,1378,455.03
DSP0004957,CMP0055,2024-09-10,57097,1374,513.88
DSP0004958,CMP0055,2024-09-11,63097,1466,567.88
DSP0004959,CMP0055,2024-09-12,39171,926,352.54
DSP0004960,CMP0055,2024-09-13,62921,1413,566.29
DSP0004961,CMP0055,2024-09-14,36280,804,326.52
DSP0004962,CMP0055,2024-09-15,37815,913,340.34
DSP0004963,CMP0055,2024-09-16,55557,1259,500.02
DSP0004964,CMP0055,2024-09-17,46677,1280,420.10
DSP0004965,CMP0055,2024-09-18,52784,1317,475.06
DSP0004966,CMP0055,2024-09-19,60613,1402,545.52
DSP0004967,CMP0055,2024-09-20,37461,1075,337.15
DSP0004968,CMP0055,2024-09-21,56742,1597,510.68
DSP0004969,CMP0055,2024-09-22,51158,1424,460.43
DSP0004970,CMP0055,2024-09-23,49025,1506,441.23
DSP0004971,CMP0055,2024-09-24,61811,1143,556.30
DSP0004972,CMP0055,2024-09-25,53564,1000,482.08
DSP0004973,CMP0055,2024-09-26,56840,1649,511.56
DSP0004974,CMP0055,2024-09-27,49656,880,446.91
DSP0004975,CMP0055,2024-09-28,53723,1205,483.51
DSP0004976,CMP0055,2024-09-29,40607,969,365.47
DSP0004977,CMP0055,2024-09-30,46411,848,417.70
DSP0004978,CMP0055,2024-10-01,46812,869,421.31
DSP0004979,CMP0055,2024-10-02,58000,1866,522.00
DSP0004980,CMP0055,2024-10-03,46841,1021,421.57
DSP0004981,CMP0055,2024-10-04,43647,824,392.83
DSP0004982,CMP0055,2024-10-05,42134,791,379.21
DSP0004983,CMP0055,2024-10-06,41862,744,376.76
DSP0004984,CMP0055,2024-10-07,59622,1169,536.60
DSP0004985,CMP0055,2024-10-08,61694,1870,555.25
DSP0004986,CMP0055,2024-10-09,37861,1224,340.75
DSP0004987,CMP0055,2024-10-10,49714,1546,447.43
DSP0004988,CMP0055,2024-10-11,38916,930,350.25
DSP0004989,CMP0055,2024-10-12,42612,887,383.51
DSP0004990,CMP0055,2024-10-13,60244,1948,542.20
DSP0004991,CMP0055,2024-10-14,35463,1109,319.17
DSP0004992,CMP0055,2024-10-15,50858,1044,457.73
DSP0004993,CMP0055,2024-10-16,48803,1503,439.23
DSP0004994,CMP0055,2024-10-17,41896,1219,377.07
DSP0004995,CMP0055,2024-10-18,37623,849,338.61
DSP0004996,CMP0055,2024-10-19,58661,1175,527.95
DSP0004997,CMP0055,2024-10-20,52817,1034,475.36
DSP0004998,CMP0055,2024-10-21,50260,1425,452.34
DSP0004999,CMP0055,2024-10-22,60274,1283,542.47
DSP0005000,CMP0055,2024-10-23,45252,1446,407.27
DSP0005001,CMP0055,2024-10-24,58082,1088,522.74
DSP0005002,CMP0055,2024-10-25,58724,1251,528.52
DSP0005003,CMP0055,2024-10-26,52332,1355,470.99
DSP0005004,CMP0055,2024-10-27,47137,1363,424.24
DSP0005005,CMP0055,2024-10-28,40403,979,363.63
DSP0005006,CMP0055,2024-10-29,35991,986,323.92
DSP0005007,CMP0055,2024-10-30,50578,955,455.21
DSP0005008,CMP0055,2024-10-31,46197,1332,415.78
DSP0005009,CMP0055,2024-11-01,56053,1234,504.48
DSP0005010,CMP0055,2024-11-02,40195,865,361.76
DSP0005011,CMP0055,2024-11-03,36438,1028,327.95
DSP0005012,CMP0055,2024-11-04,48932,1056,440.39
DSP0005013,CMP0055,2024-11-05,46942,864,422.48
DSP0005014,CMP0055,2024-11-06,36094,866,324.85
DSP0005015,CMP0055,2024-11-07,44023,817,396.21
DSP0005016,CMP0055,2024-11-08,43157,1074,388.42
DSP0005017,CMP0055,2024-11-09,54051,1377,486.46
DSP0005018,CMP0055,2024-11-10,42824,1195,385.42
DSP0005019,CMP0055,2024-11-11,61951,1293,557.56
DSP0005020,CMP0055,2024-11-12,50354,1525,453.19
DSP0005021,CMP0055,2024-11-13,51895,1351,467.06
DSP0005022,CMP0055,2024-11-14,40514,714,364.63
DSP0005023,CMP0055,2024-11-15,36987,921,332.89
DSP0005024,CMP0055,2024-11-16,52855,1610,475.70
DSP0005025,CMP0055,2024-11-17,36816,685,331.35
DSP0005026,CMP0055,2024-11-18,48393,1282,435.54
DSP0005027,CMP0055,2024-11-19,56611,1549,509.50
DSP0005028,CMP0056,2025-05-17,18371,688,330.68
DSP0005029,CMP0056,2025-05-18,19293,719,347.28
DSP0005030,CMP0056,2025-05-19,30634,1319,551.42
DSP0005031,CMP0056,2025-05-20,32237,1463,580.28
DSP0005032,CMP0056,2025-05-21,27090,1147,487.62
DSP0005033,CMP0056,2025-05-22,30976,965,557.57
DSP0005034,CMP0056,2025-05-23,33224,1075,598.04
DSP0005035,CMP0056,2025-05-24,27470,994,494.46
DSP0005036,CMP0056,2025-05-25,23541,947,423.75
DSP0005037,CMP0056,2025-05-26,26151,1090,470.73
DSP0005038,CMP0056,2025-05-27,20526,611,369.48
DSP0005039,CMP0056,2025-05-28,32930,828,592.75
DSP0005040,CMP0056,2025-05-29,24670,631,444.07
DSP0005041,CMP0056,2025-05-30,20668,798,372.03
DSP0005042,CMP0056,2025-05-31,25197,874,453.56
DSP0005043,CMP0056,2025-06-01,32306,1069,581.52
DSP0005044,CMP0056,2025-06-02,26702,857,480.64
DSP0005045,CMP0056,2025-06-03,19897,552,358.15
DSP0005046,CMP0056,2025-06-04,28399,1218,511.19
DSP0005047,CMP0056,2025-06-05,18554,754,333.98
DSP0005048,CMP0056,2025-06-06,29630,780,533.34
DSP0005049,CMP0056,2025-06-07,25276,961,454.97
DSP0005050,CMP0056,2025-06-08,25175,995,453.16
DSP0005051,CMP0056,2025-06-09,19797,854,356.35
DSP0005052,CMP0056,2025-06-10,19256,741,346.61
DSP0005053,CMP0056,2025-06-11,31788,1148,572.19
DSP0005054,CMP0056,2025-06-12,18907,714,340.33
DSP0005055,CMP0056,2025-06-13,21240,692,382.33
DSP0005056,CMP0056,2025-06-14,22571,872,406.29
DSP0005057,CMP0056,2025-06-15,26168,1090,471.04
DSP0005058,CMP0056,2025-06-16,25989,996,467.81
DSP0005059,CMP0056,2025-06-17,28987,849,521.77
DSP0005060,CMP0056,2025-06-18,22016,560,396.29
DSP0005061,CMP0056,2025-06-19,31051,945,558.93
DSP0005062,CMP0056,2025-06-20,24660,1095,443.88
DSP0005063,CMP0056,2025-06-21,21872,818,393.71
DSP0005064,CMP0056,2025-06-22,28201,921,507.63
DSP0005065,CMP0056,2025-06-23,24215,1021,435.88
DSP0005066,CMP0056,2025-06-24,18228,650,328.11
DSP0005067,CMP0056,2025-06-25,27796,1133,500.34
DSP0005068,CMP0056,2025-06-26,24134,950,434.42
DSP0005069,CMP0056,2025-06-27,18741,668,337.35
DSP0005070,CMP0056,2025-06-28,27290,1138,491.23
DSP0005071,CMP0056,2025-06-29,21848,929,393.27
DSP0005072,CMP0056,2025-06-30,29814,845,536.66
DSP0005073,CMP0056,2025-07-01,18451,771,332.12
DSP0005074,CMP0056,2025-07-02,19087,615,343.57
DSP0005075,CMP0056,2025-07-03,32397,876,583.15
DSP0005076,CMP0056,2025-07-04,25211,1058,453.81
DSP0005077,CMP0056,2025-07-05,18166,473,326.99
DSP0005078,CMP0056,2025-07-06,20760,735,373.69
DSP0005079,CMP0056,2025-07-07,33078,1065,595.42
DSP0005080,CMP0056,2025-07-08,20508,524,369.16
DSP0005081,CMP0056,2025-07-09,28096,1131,505.74
DSP0005082,CMP0056,2025-07-10,30090,1220,541.63
DSP0005083,CMP0056,2025-07-11,29531,743,531.56
DSP0005084,CMP0056,2025-07-12,24820,678,446.76
DSP0005085,CMP0056,2025-07-13,32786,1284,590.16
DSP0005086,CMP0056,2025-07-14,24515,893,441.28
DSP0005087,CMP0056,2025-07-15,25462,890,458.33
DSP0005088,CMP0056,2025-07-16,29361,821,528.51
DSP0005089,CMP0056,2025-07-17,27845,1071,501.22
DSP0005090,CMP0056,2025-07-18,21505,973,387.10
DSP0005091,CMP0056,2025-07-19,23785,967,428.13
DSP0005092,CMP0056,2025-07-20,24934,878,448.82
DSP0005093,CMP0056,2025-07-21,19085,841,343.53
DSP0005094,CMP0056,2025-07-22,29178,1031,525.21
DSP0005095,CMP0056,2025-07-23,23342,957,420.16
DSP0005096,CMP0056,2025-07-24,24312,613,437.62
DSP0005097,CMP0056,2025-07-25,23645,693,425.62
DSP0005098,CMP0056,2025-07-26,30067,788,541.22
DSP0005099,CMP0056,2025-07-27,29170,812,525.07
DSP0005100,CMP0056,2025-07-28,18852,804,339.34
DSP0005101,CMP0056,2025-07-29,25363,661,456.55
DSP0005102,CMP0056,2025-07-30,19613,718,353.05
DSP0005103,CMP0056,2025-07-31,25373,847,456.73
DSP0005104,CMP0056,2025-08-01,22507,876,405.13
DSP0005105,CMP0056,2025-08-02,18755,746,337.60
DSP0005106,CMP0056,2025-08-03,30667,1198,552.01
DSP0005107,CMP0056,2025-08-04,25692,1047,462.46
DSP0005108,CMP0056,2025-08-05,30256,767,544.62
DSP0005109,CMP0056,2025-08-06,33360,916,600.49
DSP0005110,CMP0056,2025-08-07,24514,781,441.26
DSP0005111,CMP0056,2025-08-08,31665,1128,569.97
DSP0005112,CMP0056,2025-08-09,24362,775,438.52
DSP0005113,CMP0056,2025-08-10,23282,838,419.08
DSP0005114,CMP0056,2025-08-11,29462,1250,530.32
DSP0005115,CMP0056,2025-08-12,23727,637,427.10
DSP0005116,CMP0056,2025-08-13,29015,1162,522.27
DSP0005117,CMP0056,2025-08-14,22783,896,410.10
DSP0005118,CMP0056,2025-08-15,27679,977,498.23
DSP0005119,CMP0056,2025-08-16,29029,883,522.53
DSP0005120,CMP0056,2025-08-17,19608,668,352.95
DSP0005121,CMP0056,2025-08-18,28098,1053,505.78
DSP0005122,CMP0056,2025-08-19,21938,819,394.90
DSP0005123,CMP0056,2025-08-20,27391,774,493.04
DSP0005124,CMP0056,2025-08-21,32157,1308,578.83
DSP0005125,CMP0056,2025-08-22,31475,1365,566.56
DSP0005126,CMP0056,2025-08-23,24491,959,440.85
DSP0005127,CMP0056,2025-08-24,26517,956,477.32
DSP0005128,CMP0056,2025-08-25,29200,1314,525.60
DSP0005129,CMP0056,2025-08-26,31076,1255,559.38
DSP0005130,CMP0056,2025-08-27,26480,879,476.65
DSP0005131,CMP0056,2025-08-28,31495,1107,566.92
DSP0005132,CMP0056,2025-08-29,26888,735,484.00
DSP0005133,CMP0056,2025-08-30,29413,1246,529.44
DSP0005134,CMP0056,2025-08-31,32107,1418,577.93
DSP0005135,CMP0056,2025-09-01,30282,934,545.08
DSP0005136,CMP0056,2025-09-02,28361,1008,510.50
DSP0005137,CMP0056,2025-09-03,27693,1057,498.48
DSP0005138,CMP0056,2025-09-04,29641,1153,533.55
DSP0005139,CMP0056,2025-09-05,27191,926,489.44
DSP0005140,CMP0056,2025-09-06,18478,759,332.61
DSP0005141,CMP0057,2024-01-07,41448,803,455.93
DSP0005142,CMP0057,2024-01-08,48110,1084,529.21
DSP0005143,CMP0057,2024-01-09,33159,446,364.75
DSP0005144,CMP0057,2024-01-10,44772,591,492.50
DSP0005145,CMP0057,2024-01-11,37100,599,408.10
DSP0005146,CMP0057,2024-01-12,46210,753,508.31
DSP0005147,CMP0057,2024-01-13,45717,759,502.89
DSP0005148,CMP0057,2024-01-14,33582,550,369.41
DSP0005149,CMP0057,2024-01-15,36547,598,402.02
DSP0005150,CMP0057,2024-01-16,35869,534,394.56
DSP0005151,CMP0057,2024-01-17,31325,576,344.58
DSP0005152,CMP0057,2024-01-18,45953,919,505.49
DSP0005153,CMP0057,2024-01-19,37969,757,417.66
DSP0005154,CMP0057,2024-01-20,39190,516,431.09
DSP0005155,CMP0057,2024-01-21,45437,866,499.81
DSP0005156,CMP0057,2024-01-22,35663,580,392.30
DSP0005157,CMP0057,2024-01-23,44593,572,490.53
DSP0005158,CMP0057,2024-01-24,29256,383,321.82
DSP0005159,CMP0057,2024-01-25,29912,458,329.04
DSP0005160,CMP0057,2024-01-26,33238,729,365.62
DSP0005161,CMP0057,2024-01-27,44660,696,491.26
DSP0005162,CMP0057,2024-01-28,35962,715,395.59
DSP0005163,CMP0057,2024-01-29,32396,510,356.36
DSP0005164,CMP0057,2024-01-30,41350,560,454.86
DSP0005165,CMP0057,2024-01-31,48440,1084,532.85
DSP0005166,CMP0057,2024-02-01,44812,787,492.94
DSP0005167,CMP0057,2024-02-02,35820,603,394.02
DSP0005168,CMP0057,2024-02-03,38980,779,428.78
DSP0005169,CMP0057,2024-02-04,29652,523,326.18
DSP0005170,CMP0057,2024-02-05,33780,732,371.59
DSP0005171,CMP0057,2024-02-06,49426,1151,543.69
DSP0005172,CMP0057,2024-02-07,50112,717,551.24
DSP0005173,CMP0057,2024-02-08,45619,965,501.81
DSP0005174,CMP0057,2024-02-09,29818,469,328.00
DSP0005175,CMP0057,2024-02-10,43836,708,482.20
DSP0005176,CMP0057,2024-02-11,34154,468,375.70
DSP0005177,CMP0057,2024-02-12,49034,628,539.38
DSP0005178,CMP0057,2024-02-13,47963,912,527.60
DSP0005179,CMP0057,2024-02-14,34344,695,377.79
DSP0005180,CMP0057,2024-02-15,32601,454,358.62
DSP0005181,CMP0057,2024-02-16,33130,620,364.43
DSP0005182,CMP0057,2024-02-17,39058,883,429.64
DSP0005183,CMP0057,2024-02-18,53452,1243,587.98
DSP0005184,CMP0057,2024-02-19,53331,1134,586.65
DSP0005185,CMP0057,2024-02-20,40237,909,442.61
DSP0005186,CMP0057,2024-02-21,33348,420,366.83
DSP0005187,CMP0057,2024-02-22,39786,711,437.65
DSP0005188,CMP0057,2024-02-23,37366,592,411.03
DSP0005189,CMP0057,2024-02-24,50872,1119,559.60
DSP0005190,CMP0057,2024-02-25,34982,463,384.81
DSP0005191,CMP0057,2024-02-26,30197,464,332.17
DSP0005192,CMP0057,2024-02-27,42530,541,467.83
DSP0005193,CMP0057,2024-02-28,45720,744,502.92
DSP0005194,CMP0057,2024-02-29,54099,956,595.09
DSP0005195,CMP0057,2024-03-01,53020,847,583.23
DSP0005196,CMP0057,2024-03-02,41965,565,461.62
DSP0005197,CMP0057,2024-03-03,48747,1038,536.22
DSP0005198,CMP0057,2024-03-04,30419,577,334.61
DSP0005199,CMP0057,2024-03-05,52301,660,575.32
DSP0005200,CMP0057,2024-03-06,50151,963,551.67
DSP0005201,CMP0057,2024-03-07,50956,1084,560.52
DSP0005202,CMP0057,2024-03-08,34814,609,382.96
DSP0005203,CMP0057,2024-03-09,39785,675,437.64
DSP0005204,CMP0057,2024-03-10,31075,404,341.83
DSP0005205,CMP0057,2024-03-11,41450,813,455.96
DSP0005206,CMP0057,2024-03-12,50495,943,555.45
DSP0005207,CMP0057,2024-03-13,48545,866,534.00
DSP0005208,CMP0057,2024-03-14,51357,983,564.93
DSP0005209,CMP0057,2024-03-15,38898,752,427.88
DSP0005210,CMP0057,2024-03-16,33146,719,364.61
DSP0005211,CMP0057,2024-03-17,53170,841,584.87
DSP0005212,CMP0057,2024-03-18,42328,879,465.61
DSP0005213,CMP0057,2024-03-19,30346,536,333.81
DSP0005214,CMP0057,2024-03-20,47708,906,524.79
DSP0005215,CMP0057,2024-03-21,32875,746,361.63
DSP0005216,CMP0057,2024-03-22,36540,643,401.95
DSP0005217,CMP0057,2024-03-23,43685,832,480.54
DSP0005218,CMP0057,2024-03-24,52309,885,575.40
DSP0005219,CMP0057,2024-03-25,53054,1233,583.60
DSP0005220,CMP0057,2024-03-26,38546,563,424.01
DSP0005221,CMP0057,2024-03-27,45522,686,500.75
DSP0005222,CMP0057,2024-03-28,31146,540,342.61
DSP0005223,CMP0057,2024-03-29,45658,918,502.24
DSP0005224,CMP0057,2024-03-30,49310,751,542.41
DSP0005225,CMP0057,2024-03-31,43198,685,475.18
DSP0005226,CMP0057,2024-04-01,49101,672,540.12
DSP0005227,CMP0057,2024-04-02,53386,749,587.25
DSP0005228,CMP0057,2024-04-03,43061,719,473.68
DSP0005229,CMP0057,2024-04-04,32000,496,352.01
DSP0005230,CMP0057,2024-04-05,53333,851,586.67
DSP0005231,CMP0057,2024-04-06,52730,910,580.04
DSP0005232,CMP0057,2024-04-07,35273,619,388.01
DSP0005233,CMP0057,2024-04-08,41840,675,460.24
DSP0005234,CMP0057,2024-04-09,33575,514,369.33
DSP0005235,CMP0057,2024-04-10,32113,685,353.25
DSP0005236,CMP0057,2024-04-11,40315,877,443.47
DSP0005237,CMP0057,2024-04-12,31807,645,349.88
DSP0005238,CMP0057,2024-04-13,45142,573,496.57
DSP0005239,CMP0057,2024-04-14,42698,879,469.68
DSP0005240,CMP0057,2024-04-15,52194,1070,574.14
DSP0005241,CMP0057,2024-04-16,43707,902,480.78
DSP0005242,CMP0057,2024-04-17,52915,731,582.07
DSP0005243,CMP0057,2024-04-18,42815,594,470.97
DSP0005244,CMP0057,2024-04-19,45022,875,495.25
DSP0005245,CMP0057,2024-04-20,47093,783,518.03
DSP0005246,CMP0057,2024-04-21,30250,501,332.76
DSP0005247,CMP0057,2024-04-22,30442,635,334.87
DSP0005248,CMP0057,2024-04-23,32632,411,358.96
DSP0005249,CMP0057,2024-04-24,52904,761,581.95
DSP0005250,CMP0057,2024-04-25,34808,629,382.89
DSP0005251,CMP0057,2024-04-26,50119,858,551.31
DSP0005252,CMP0057,2024-04-27,31506,484,346.57
DSP0005253,CMP0057,2024-04-28,49156,681,540.72
DSP0005254,CMP0057,2024-04-29,43609,909,479.70
DSP0005255,CMP0057,2024-04-30,44402,826,488.43
DSP0005256,CMP0058,2023-06-06,49003,334,318.52
DSP0005257,CMP0058,2023-06-07,36124,226,234.81
DSP0005258,CMP0058,2023-06-08,36913,171,239.94
DSP0005259,CMP0058,2023-06-09,38261,269,248.70
DSP0005260,CMP0058,2023-06-10,45496,266,295.73
DSP0005261,CMP0058,2023-06-11,42689,325,277.48
DSP0005262,CMP0058,2023-06-12,31090,210,202.09
DSP0005263,CMP0058,2023-06-13,49763,382,323.46
DSP0005264,CMP0058,2023-06-14,27372,141,177.92
DSP0005265,CMP0058,2023-06-15,32175,148,209.14
DSP0005266,CMP0058,2023-06-16,46292,220,300.90
DSP0005267,CMP0058,2023-06-17,31795,139,206.67
DSP0005268,CMP0058,2023-06-18,29421,172,191.24
DSP0005269,CMP0058,2023-06-19,28069,180,182.45
DSP0005270,CMP0058,2023-06-20,44255,325,287.66
DSP0005271,CMP0058,2023-06-21,32810,146,213.27
DSP0005272,CMP0058,2023-06-22,46470,330,302.06
DSP0005273,CMP0058,2023-06-23,42135,299,273.88
DSP0005274,CMP0058,2023-06-24,35995,273,233.97
DSP0005275,CMP0058,2023-06-25,35592,200,231.35
DSP0005276,CMP0058,2023-06-26,42450,238,275.93
DSP0005277,CMP0058,2023-06-27,35486,201,230.66
DSP0005278,CMP0058,2023-06-28,38500,231,250.25
DSP0005279,CMP0058,2023-06-29,26947,177,175.16
DSP0005280,CMP0058,2023-06-30,31547,195,205.06
DSP0005281,CMP0058,2023-07-01,29495,167,191.72
DSP0005282,CMP0058,2023-07-02,35304,176,229.48
DSP0005283,CMP0058,2023-07-03,40389,173,262.53
DSP0005284,CMP0058,2023-07-04,43490,271,282.69
DSP0005285,CMP0058,2023-07-05,30207,214,196.35
DSP0005286,CMP0058,2023-07-06,44361,212,288.35
DSP0005287,CMP0058,2023-07-07,27109,130,176.21
DSP0005288,CMP0058,2023-07-08,35313,218,229.54
DSP0005289,CMP0058,2023-07-09,39332,198,255.66
DSP0005290,CMP0058,2023-07-10,35404,193,230.13
DSP0005291,CMP0058,2023-07-11,38415,237,249.70
DSP0005292,CMP0058,2023-07-12,48550,277,315.58
DSP0005293,CMP0058,2023-07-13,46624,339,303.06
DSP0005294,CMP0058,2023-07-14,39466,304,256.53
DSP0005295,CMP0058,2023-07-15,31616,144,205.51
DSP0005296,CMP0058,2023-07-16,48587,264,315.82
DSP0005297,CMP0058,2023-07-17,46270,211,300.76
DSP0005298,CMP0058,2023-07-18,34344,261,223.24
DSP0005299,CMP0058,2023-07-19,30624,175,199.06
DSP0005300,CMP0058,2023-07-20,36824,197,239.36
DSP0005301,CMP0058,2023-07-21,46520,226,302.38
DSP0005302,CMP0058,2023-07-22,31866,212,207.13
DSP0005303,CMP0058,2023-07-23,28484,151,185.15
DSP0005304,CMP0058,2023-07-24,46861,315,304.60
DSP0005305,CMP0058,2023-07-25,42767,250,277.99
DSP0005306,CMP0058,2023-07-26,46461,332,302.00
DSP0005307,CMP0058,2023-07-27,32561,226,211.65
DSP0005308,CMP0058,2023-07-28,43907,248,285.40
DSP0005309,CMP0058,2023-07-29,28909,141,187.91
DSP0005310,CMP0058,2023-07-30,45598,224,296.39
DSP0005311,CMP0058,2023-07-31,35581,256,231.28
DSP0005312,CMP0058,2023-08-01,33698,182,219.04
DSP0005313,CMP0058,2023-08-02,37515,161,243.85
DSP0005314,CMP0058,2023-08-03,40496,309,263.23
DSP0005315,CMP0058,2023-08-04,36492,244,237.20
DSP0005316,CMP0058,2023-08-05,35698,178,232.04
DSP0005317,CMP0058,2023-08-06,30327,207,197.13
DSP0005318,CMP0058,2023-08-07,30101,194,195.66
DSP0005319,CMP0058,2023-08-08,42209,272,274.36
DSP0005320,CMP0058,2023-08-09,46021,296,299.14
DSP0005321,CMP0058,2023-08-10,40235,199,261.53
DSP0005322,CMP0058,2023-08-11,28936,170,188.09
DSP0005323,CMP0058,2023-08-12,41920,274,272.48
DSP0005324,CMP0058,2023-08-13,27433,144,178.32
DSP0005325,CMP0058,2023-08-14,40849,235,265.52
DSP0005326,CMP0058,2023-08-15,32383,168,210.49
DSP0005327,CMP0058,2023-08-16,33366,214,216.88
DSP0005328,CMP0058,2023-08-17,42933,307,279.07
DSP0005329,CMP0058,2023-08-18,36595,175,237.87
DSP0005330,CMP0058,2023-08-19,39769,276,258.50
DSP0005331,CMP0058,2023-08-20,47010,277,305.57
DSP0005332,CMP0058,2023-08-21,39295,265,255.42
DSP0005333,CMP0058,2023-08-22,29161,125,189.55
DSP0005334,CMP0058,2023-08-23,32300,205,209.95
DSP0005335,CMP0058,2023-08-24,34929,222,227.04
DSP0005336,CMP0058,2023-08-25,43600,290,283.40
DSP0005337,CMP0058,2023-08-26,36486,163,237.16
DSP0005338,CMP0058,2023-08-27,30607,168,198.95
DSP0005339,CMP0058,2023-08-28,32846,160,213.50
DSP0005340,CMP0058,2023-08-29,29590,165,192.34
DSP0005341,CMP0058,2023-08-30,49146,317,319.45
DSP0005342,CMP0058,2023-08-31,35255,228,229.16
DSP0005343,CMP0058,2023-09-01,37653,240,244.75
DSP0005344,CMP0058,2023-09-02,41903,260,272.37
DSP0005345,CMP0058,2023-09-03,33412,249,217.18
DSP0005346,CMP0058,2023-09-04,45135,343,293.38
DSP0005347,CMP0058,2023-09-05,33340,160,216.71
DSP0005348,CMP0058,2023-09-06,34175,248,222.14
DSP0005349,CMP0058,2023-09-07,42196,295,274.28
DSP0005350,CMP0058,2023-09-08,29230,163,190.00
DSP0005351,CMP0058,2023-09-09,30263,160,196.71
DSP0005352,CMP0058,2023-09-10,29992,212,194.95
DSP0005353,CMP0058,2023-09-11,36769,190,239.00
DSP0005354,CMP0058,2023-09-12,29573,168,192.23
DSP0005355,CMP0058,2023-09-13,38664,286,251.32
DSP0005356,CMP0058,2023-09-14,46638,301,303.15
DSP0005357,CMP0058,2023-09-15,40724,281,264.71
DSP0005358,CMP0058,2023-09-16,30624,207,199.06
DSP0005359,CMP0058,2023-09-17,28349,179,184.27
DSP0005360,CMP0058,2023-09-18,32790,163,213.14
DSP0005361,CMP0058,2023-09-19,34998,209,227.49
DSP0005362,CMP0058,2023-09-20,43895,292,285.32
DSP0005363,CMP0059,2025-03-13,7286,81,109.30
DSP0005364,CMP0059,2025-03-14,9167,83,137.51
DSP0005365,CMP0059,2025-03-15,6765,43,101.48
DSP0005366,CMP0059,2025-03-16,6377,48,95.66
DSP0005367,CMP0059,2025-03-17,6487,42,97.31
DSP0005368,CMP0059,2025-03-18,10776,85,161.65
DSP0005369,CMP0059,2025-03-19,10138,97,152.07
DSP0005370,CMP0059,2025-03-20,11113,128,166.70
DSP0005371,CMP0059,2025-03-21,7888,57,118.32
DSP0005372,CMP0059,2025-03-22,7932,90,118.98
DSP0005373,CMP0059,2025-03-23,10106,65,151.59
DSP0005374,CMP0059,2025-03-24,7966,61,119.49
DSP0005375,CMP0059,2025-03-25,10084,97,151.27
DSP0005376,CMP0059,2025-03-26,8502,87,127.54
DSP0005377,CMP0059,2025-03-27,9898,99,148.47
DSP0005378,CMP0059,2025-03-28,10866,107,163.00
DSP0005379,CMP0059,2025-03-29,9906,89,148.60
DSP0005380,CMP0059,2025-03-30,11042,105,165.63
DSP0005381,CMP0059,2025-03-31,10248,99,153.72
DSP0005382,CMP0059,2025-04-01,10558,66,158.37
DSP0005383,CMP0059,2025-04-02,9479,96,142.19
DSP0005384,CMP0059,2025-04-03,9121,70,136.82
DSP0005385,CMP0059,2025-04-04,6430,45,96.46
DSP0005386,CMP0059,2025-04-05,10276,113,154.15
DSP0005387,CMP0059,2025-04-06,9560,101,143.41
DSP0005388,CMP0059,2025-04-07,7852,89,117.79
DSP0005389,CMP0059,2025-04-08,7879,84,118.19
DSP0005390,CMP0059,2025-04-09,9826,91,147.39
DSP0005391,CMP0059,2025-04-10,7982,89,119.73
DSP0005392,CMP0059,2025-04-11,8494,68,127.42
DSP0005393,CMP0059,2025-04-12,8901,82,133.52
DSP0005394,CMP0059,2025-04-13,8557,62,128.36
DSP0005395,CMP0059,2025-04-14,6983,53,104.75
DSP0005396,CMP0059,2025-04-15,6254,68,93.82
DSP0005397,CMP0059,2025-04-16,8228,76,123.42
DSP0005398,CMP0059,2025-04-17,7179,63,107.69
DSP0005399,CMP0059,2025-04-18,10136,72,152.05
DSP0005400,CMP0059,2025-04-19,10477,84,157.16
DSP0005401,CMP0059,2025-04-20,7227,55,108.41
DSP0005402,CMP0059,2025-04-21,8652,78,129.78
DSP0005403,CMP0059,2025-04-22,8826,71,132.39
DSP0005404,CMP0059,2025-04-23,11444,96,171.66
DSP0005405,CMP0059,2025-04-24,6655,57,99.83
DSP0005406,CMP0059,2025-04-25,6591,70,98.87
DSP0005407,CMP0059,2025-04-26,7320,64,109.81
DSP0005408,CMP0059,2025-04-27,10489,87,157.34
DSP0005409,CMP0059,2025-04-28,9942,69,149.14
DSP0005410,CMP0059,2025-04-29,9986,85,149.79
DSP0005411,CMP0059,2025-04-30,8840,97,132.61
DSP0005412,CMP0059,2025-05-01,9682,93,145.24
DSP0005413,CMP0059,2025-05-02,8120,74,121.81
DSP0005414,CMP0059,2025-05-03,9958,79,149.38
DSP0005415,CMP0059,2025-05-04,7140,53,107.11
DSP0005416,CMP0059,2025-05-05,8402,59,126.04
DSP0005417,CMP0059,2025-05-06,6776,78,101.65
DSP0005418,CMP0059,2025-05-07,10917,120,163.76
DSP0005419,CMP0059,2025-05-08,9768,95,146.52
DSP0005420,CMP0059,2025-05-09,11008,101,165.13
DSP0005421,CMP0059,2025-05-10,8289,90,124.34
DSP0005422,CMP0059,2025-05-11,7938,51,119.07
DSP0005423,CMP0059,2025-05-12,6329,45,94.94
DSP0005424,CMP0059,2025-05-13,10930,121,163.95
DSP0005425,CMP0059,2025-05-14,6433,62,96.50
DSP0005426,CMP0059,2025-05-15,6662,73,99.93
DSP0005427,CMP0059,2025-05-16,8196,93,122.94
DSP0005428,CMP0059,2025-05-17,7720,88,115.81
DSP0005429,CMP0059,2025-05-18,7296,54,109.44
DSP0005430,CMP0059,2025-05-19,6978,60,104.68
DSP0005431,CMP0059,2025-05-20,7172,67,107.59
DSP0005432,CMP0059,2025-05-21,10941,88,164.12
DSP0005433,CMP0059,2025-05-22,9900,67,148.50
DSP0005434,CMP0059,2025-05-23,6620,71,99.31
DSP0005435,CMP0059,2025-05-24,11298,98,169.47
DSP0005436,CMP0059,2025-05-25,10216,87,153.25
DSP0005437,CMP0059,2025-05-26,6453,56,96.80
DSP0005438,CMP0059,2025-05-27,9999,99,149.99
DSP0005439,CMP0059,2025-05-28,9162,99,137.43
DSP0005440,CMP0059,2025-05-29,7190,63,107.86
DSP0005441,CMP0059,2025-05-30,7774,60,116.61
DSP0005442,CMP0059,2025-05-31,6548,52,98.23
DSP0005443,CMP0059,2025-06-01,6717,68,100.76
DSP0005444,CMP0059,2025-06-02,9691,65,145.37
DSP0005445,CMP0059,2025-06-03,7562,67,113.43
DSP0005446,CMP0059,2025-06-04,10147,89,152.21
DSP0005447,CMP0059,2025-06-05,9845,76,147.68
DSP0005448,CMP0059,2025-06-06,7272,66,109.08
DSP0005449,CMP0059,2025-06-07,10611,76,159.17
DSP0005450,CMP0059,2025-06-08,7762,65,116.44
DSP0005451,CMP0059,2025-06-09,7662,83,114.94
DSP0005452,CMP0059,2025-06-10,7203,55,108.05
DSP0005453,CMP0059,2025-06-11,7489,57,112.34
DSP0005454,CMP0059,2025-06-12,8992,81,134.89
DSP0005455,CMP0059,2025-06-13,11098,117,166.47
DSP0005456,CMP0059,2025-06-14,7989,76,119.84
DSP0005457,CMP0059,2025-06-15,7430,80,111.45
DSP0005458,CMP0059,2025-06-16,6264,70,93.97
DSP0005459,CMP0059,2025-06-17,9694,111,145.41
DSP0005460,CMP0059,2025-06-18,10311,74,154.67
DSP0005461,CMP0059,2025-06-19,10209,92,153.14
DSP0005462,CMP0059,2025-06-20,11199,102,167.99
DSP0005463,CMP0059,2025-06-21,8057,61,120.86
DSP0005464,CMP0059,2025-06-22,6700,67,100.51
DSP0005465,CMP0059,2025-06-23,6307,69,94.61
DSP0005466,CMP0059,2025-06-24,10225,91,153.38
DSP0005467,CMP0059,2025-06-25,11244,87,168.66
DSP0005468,CMP0059,2025-06-26,10827,97,162.41
DSP0005469,CMP0059,2025-06-27,11342,107,170.13
DSP0005470,CMP0059,2025-06-28,9489,88,142.34
DSP0005471,CMP0059,2025-06-29,10314,94,154.71
DSP0005472,CMP0059,2025-06-30,9628,101,144.42
DSP0005473,CMP0059,2025-07-01,7354,59,110.32
DSP0005474,CMP0059,2025-07-02,7460,83,111.91
DSP0005475,CMP0059,2025-07-03,10762,86,161.43
DSP0005476,CMP0059,2025-07-04,11217,97,168.26
DSP0005477,CMP0059,2025-07-05,7024,60,105.37
DSP0005478,CMP0059,2025-07-06,6486,69,97.30
DSP0005479,CMP0059,2025-07-07,7844,62,117.66
DSP0005480,CMP0059,2025-07-08,9305,82,139.58
DSP0005481,CMP0059,2025-07-09,11178,95,167.68
DSP0005482,CMP0059,2025-07-10,10956,113,164.35
DSP0005483,CMP0059,2025-07-11,6673,70,100.10
DSP0005484,CMP0059,2025-07-12,8852,62,132.78
DSP0005485,CMP0059,2025-07-13,6788,44,101.83
DSP0005486,CMP0059,2025-07-14,7606,74,114.10
DSP0005487,CMP0059,2025-07-15,6752,43,101.28
DSP0005488,CMP0059,2025-07-16,9410,106,141.16
DSP0005489,CMP0059,2025-07-17,10142,93,152.14
DSP0005490,CMP0059,2025-07-18,6414,55,96.22
DSP0005491,CMP0059,2025-07-19,7348,85,110.22
DSP0005492,CMP0059,2025-07-20,7123,59,106.85
DSP0005493,CMP0059,2025-07-21,11265,94,168.98
DSP0005494,CMP0059,2025-07-22,10466,82,156.99
DSP0005495,CMP0059,2025-07-23,10974,94,164.62
DSP0005496,CMP0059,2025-07-24,6546,52,98.20
DSP0005497,CMP0059,2025-07-25,7340,75,110.10
DSP0005498,CMP0059,2025-07-26,6206,59,93.09
DSP0005499,CMP0059,2025-07-27,8913,83,133.70
DSP0005500,CMP0059,2025-07-28,10876,117,163.15
DSP0005501,CMP0059,2025-07-29,10595,112,158.93
DSP0005502,CMP0059,2025-07-30,6508,62,97.63
DSP0005503,CMP0059,2025-07-31,11044,117,165.66
DSP0005504,CMP0059,2025-08-01,8280,87,124.21
DSP0005505,CMP0059,2025-08-02,9630,73,144.46
DSP0005506,CMP0059,2025-08-03,9960,95,149.40
DSP0005507,CMP0059,2025-08-04,8838,89,132.58
DSP0005508,CMP0059,2025-08-05,9645,101,144.68
DSP0005509,CMP0060,2024-11-10,40445,1159,364.01
DSP0005510,CMP0060,2024-11-11,56208,1371,505.88
DSP0005511,CMP0060,2024-11-12,51234,1386,461.11
DSP0005512,CMP0060,2024-11-13,59282,1273,533.54
DSP0005513,CMP0060,2024-11-14,37862,1227,340.76
DSP0005514,CMP0060,2024-11-15,57981,1304,521.83
DSP0005515,CMP0060,2024-11-16,49672,1610,447.05
DSP0005516,CMP0060,2024-11-17,40523,944,364.71
DSP0005517,CMP0060,2024-11-18,57857,1763,520.72
DSP0005518,CMP0060,2024-11-19,52141,1502,469.27
DSP0005519,CMP0060,2024-11-20,51151,927,460.36
DSP0005520,CMP0060,2024-11-21,49773,1379,447.96
DSP0005521,CMP0060,2024-11-22,35447,695,319.03
DSP0005522,CMP0060,2024-11-23,49158,1505,442.43
DSP0005523,CMP0060,2024-11-24,55833,1405,502.50
DSP0005524,CMP0060,2024-11-25,49485,1191,445.37
DSP0005525,CMP0060,2024-11-26,44145,803,397.31
DSP0005526,CMP0060,2024-11-27,56552,1797,508.97
DSP0005527,CMP0060,2024-11-28,49457,974,445.12
DSP0005528,CMP0060,2024-11-29,34030,632,306.27
DSP0005529,CMP0060,2024-11-30,59316,1776,533.85
DSP0005530,CMP0060,2024-12-01,60092,1075,540.83
DSP0005531,CMP0060,2024-12-02,34283,990,308.55
DSP0005532,CMP0060,2024-12-03,46168,1159,415.52
DSP0005533,CMP0060,2024-12-04,50245,1555,452.21
DSP0005534,CMP0060,2024-12-05,48837,1125,439.54
DSP0005535,CMP0060,2024-12-06,38968,783,350.72
DSP0005536,CMP0060,2024-12-07,42648,761,383.84
DSP0005537,CMP0060,2024-12-08,39864,924,358.78
DSP0005538,CMP0060,2024-12-09,51885,1309,466.97
DSP0005539,CMP0060,2024-12-10,55363,1313,498.27
DSP0005540,CMP0060,2024-12-11,57871,1209,520.84
DSP0005541,CMP0060,2024-12-12,35877,896,322.90
DSP0005542,CMP0060,2024-12-13,38635,1218,347.72
DSP0005543,CMP0060,2024-12-14,38581,1089,347.23
DSP0005544,CMP0060,2024-12-15,47328,953,425.96
DSP0005545,CMP0060,2024-12-16,52526,1463,472.74
DSP0005546,CMP0060,2024-12-17,38880,1071,349.92
DSP0005547,CMP0060,2024-12-18,44406,1311,399.66
DSP0005548,CMP0060,2024-12-19,43702,875,393.32
DSP0005549,CMP0060,2024-12-20,38070,907,342.63
DSP0005550,CMP0060,2024-12-21,34382,1055,309.44
DSP0005551,CMP0060,2024-12-22,57973,1157,521.76
DSP0005552,CMP0060,2024-12-23,41715,1104,375.44
DSP0005553,CMP0060,2024-12-24,53760,966,483.84
DSP0005554,CMP0060,2024-12-25,52500,1384,472.50
DSP0005555,CMP0060,2024-12-26,49191,1000,442.72
DSP0005556,CMP0060,2024-12-27,56896,1706,512.07
DSP0005557,CMP0060,2024-12-28,60830,1798,547.47
DSP0005558,CMP0060,2024-12-29,56284,1448,506.56
DSP0005559,CMP0060,2024-12-30,58563,1233,527.07
DSP0005560,CMP0060,2024-12-31,43821,1297,394.39
DSP0005561,CMP0060,2025-01-01,33555,998,302.00
DSP0005562,CMP0060,2025-01-02,38770,731,348.93
DSP0005563,CMP0060,2025-01-03,52772,1229,474.95
DSP0005564,CMP0060,2025-01-04,44704,1069,402.34
DSP0005565,CMP0060,2025-01-05,41781,908,376.03
DSP0005566,CMP0060,2025-01-06,60216,1591,541.95
DSP0005567,CMP0060,2025-01-07,39312,948,353.81
DSP0005568,CMP0060,2025-01-08,52350,1335,471.15
DSP0005569,CMP0060,2025-01-09,39597,1116,356.38
DSP0005570,CMP0060,2025-01-10,55956,1603,503.61
DSP0005571,CMP0060,2025-01-11,35855,1107,322.70
DSP0005572,CMP0060,2025-01-12,53803,1038,484.23
DSP0005573,CMP0060,2025-01-13,42096,818,378.87
DSP0005574,CMP0060,2025-01-14,60145,1534,541.31
DSP0005575,CMP0060,2025-01-15,35225,1137,317.03
DSP0005576,CMP0060,2025-01-16,35773,667,321.96
DSP0005577,CMP0060,2025-01-17,34976,1085,314.79
DSP0005578,CMP0060,2025-01-18,48351,1141,435.16
DSP0005579,CMP0060,2025-01-19,45455,1160,409.10
DSP0005580,CMP0060,2025-01-20,49913,1607,449.22
DSP0005581,CMP0060,2025-01-21,59621,1195,536.59
DSP0005582,CMP0060,2025-01-22,35170,996,316.53
DSP0005583,CMP0060,2025-01-23,60482,1761,544.34
DSP0005584,CMP0060,2025-01-24,45605,1400,410.45
DSP0005585,CMP0060,2025-01-25,45550,833,409.95
DSP0005586,CMP0060,2025-01-26,38881,1072,349.93
DSP0005587,CMP0060,2025-01-27,41004,880,369.04
DSP0005588,CMP0060,2025-01-28,38314,939,344.83
DSP0005589,CMP0060,2025-01-29,39231,726,353.08
DSP0005590,CMP0060,2025-01-30,38973,948,350.76
DSP0005591,CMP0060,2025-01-31,53188,1581,478.70
DSP0005592,CMP0060,2025-02-01,47534,1451,427.81
DSP0005593,CMP0060,2025-02-02,45950,1355,413.55
DSP0005594,CMP0060,2025-02-03,43467,761,391.21
DSP0005595,CMP0060,2025-02-04,48373,1565,435.36
DSP0005596,CMP0060,2025-02-05,44516,941,400.65
DSP0005597,CMP0060,2025-02-06,37317,961,335.86
DSP0005598,CMP0060,2025-02-07,35347,1065,318.13
DSP0005599,CMP0060,2025-02-08,38053,1141,342.48
DSP0005600,CMP0060,2025-02-09,54776,1776,492.99
DSP0005601,CMP0060,2025-02-10,44234,1080,398.11
DSP0005602,CMP0060,2025-02-11,45157,1438,406.42
DSP0005603,CMP0060,2025-02-12,60320,1541,542.88
DSP0005604,CMP0060,2025-02-13,41383,752,372.45
DSP0005605,CMP0060,2025-02-14,59874,1102,538.87
DSP0005606,CMP0060,2025-02-15,45192,873,406.73
DSP0005607,CMP0060,2025-02-16,53774,1599,483.97
DSP0005608,CMP0060,2025-02-17,40664,1236,365.98
DSP0005609,CMP0060,2025-02-18,33956,627,305.61
DSP0005610,CMP0060,2025-02-19,46443,1322,417.99
DSP0005611,CMP0060,2025-02-20,46697,998,420.28
DSP0005612,CMP0060,2025-02-21,42047,1060,378.43
DSP0005613,CMP0060,2025-02-22,57085,1367,513.77
DSP0005614,CMP0060,2025-02-23,58698,1114,528.29
DSP0005615,CMP0060,2025-02-24,51301,1432,461.71
DSP0005616,CMP0060,2025-02-25,38881,710,349.93
DSP0005617,CMP0060,2025-02-26,54921,1507,494.29
DSP0005618,CMP0060,2025-02-27,42136,1353,379.23
DSP0005619,CMP0060,2025-02-28,60982,1168,548.84
DSP0005620,CMP0060,2025-03-01,59266,1582,533.40
DSP0005621,CMP0060,2025-03-02,48852,1379,439.67
DSP0005622,CMP0060,2025-03-03,59508,1763,535.58
DSP0005623,CMP0060,2025-03-04,39673,994,357.06
DSP0005624,CMP0060,2025-03-05,42322,1314,380.90
DSP0005625,CMP0060,2025-03-06,37090,1197,333.81
DSP0005626,CMP0060,2025-03-07,46765,1458,420.89
DSP0005627,CMP0060,2025-03-08,51163,1090,460.47
DSP0005628,CMP0060,2025-03-09,48276,1448,434.49
DSP0005629,CMP0060,2025-03-10,43355,1147,390.20
DSP0005630,CMP0060,2025-03-11,33540,748,301.86
DSP0005631,CMP0060,2025-03-12,52872,982,475.85
DSP0005632,CMP0060,2025-03-13,49518,930,445.67
DSP0005633,CMP0060,2025-03-14,43705,824,393.35
DSP0005634,CMP0060,2025-03-15,34561,857,311.05
DSP0005635,CMP0060,2025-03-16,35191,651,316.72
DSP0005636,CMP0060,2025-03-17,55336,1694,498.03
DSP0005637,CMP0060,2025-03-18,48147,942,433.33
DSP0005638,CMP0060,2025-03-19,59054,1573,531.49
DSP0005639,CMP0060,2025-03-20,37407,981,336.67
DSP0005640,CMP0060,2025-03-21,38864,884,349.78
DSP0005641,CMP0060,2025-03-22,56921,1398,512.29
DSP0005642,CMP0060,2025-03-23,59536,1531,535.83
DSP0005643,CMP0060,2025-03-24,50172,1240,451.55
DSP0005644,CMP0060,2025-03-25,40640,794,365.76
DSP0005645,CMP0060,2025-03-26,61193,1838,550.74
DSP0005646,CMP0060,2025-03-27,54906,1654,494.16
DSP0005647,CMP0060,2025-03-28,52452,965,472.07
DSP0005648,CMP0060,2025-03-29,33140,924,298.26
DSP0005649,CMP0060,2025-03-30,45732,1284,411.59
DSP0005650,CMP0060,2025-03-31,42624,1328,383.62
DSP0005651,CMP0060,2025-04-01,60834,1842,547.51
DSP0005652,CMP0060,2025-04-02,45358,831,408.23
DSP0005653,CMP0060,2025-04-03,36594,854,329.35
DSP0005654,CMP0060,2025-04-04,44278,858,398.51
DSP0005655,CMP0060,2025-04-05,50953,1534,458.58
DSP0005656,CMP0061,2023-06-05,16840,591,303.13
DSP0005657,CMP0061,2023-06-06,18658,546,335.85
DSP0005658,CMP0061,2023-06-07,15174,477,273.14
DSP0005659,CMP0061,2023-06-08,25748,958,463.47
DSP0005660,CMP0061,2023-06-09,20413,538,367.45
DSP0005661,CMP0061,2023-06-10,14467,585,260.42
DSP0005662,CMP0061,2023-06-11,23975,1023,431.55
DSP0005663,CMP0061,2023-06-12,25596,715,460.73
DSP0005664,CMP0061,2023-06-13,23933,966,430.81
DSP0005665,CMP0061,2023-06-14,20474,850,368.54
DSP0005666,CMP0061,2023-06-15,19993,857,359.89
DSP0005667,CMP0061,2023-06-16,19989,677,359.81
DSP0005668,CMP0061,2023-06-17,15257,440,274.63
DSP0005669,CMP0061,2023-06-18,21963,794,395.34
DSP0005670,CMP0061,2023-06-19,19986,751,359.76
DSP0005671,CMP0061,2023-06-20,26163,1186,470.95
DSP0005672,CMP0061,2023-06-21,22258,899,400.66
DSP0005673,CMP0061,2023-06-22,22622,780,407.21
DSP0005674,CMP0061,2023-06-23,25937,897,466.87
DSP0005675,CMP0061,2023-06-24,17794,723,320.30
DSP0005676,CMP0061,2023-06-25,20031,627,360.56
DSP0005677,CMP0061,2023-06-26,17654,562,317.78
DSP0005678,CMP0061,2023-06-27,21657,965,389.84
DSP0005679,CMP0061,2023-06-28,24380,755,438.84
DSP0005680,CMP0061,2023-06-29,22203,804,399.66
DSP0005681,CMP0061,2023-06-30,14981,457,269.67
DSP0005682,CMP0061,2023-07-01,23610,1002,424.99
DSP0005683,CMP0061,2023-07-02,25927,783,466.70
DSP0005684,CMP0061,2023-07-03,19350,617,348.31
DSP0005685,CMP0061,2023-07-04,21768,589,391.83
DSP0005686,CMP0061,2023-07-05,16297,455,293.36
DSP0005687,CMP0061,2023-07-06,21771,910,391.89
DSP0005688,CMP0061,2023-07-07,23783,679,428.10
DSP0005689,CMP0061,2023-07-08,25005,1127,450.10
DSP0005690,CMP0061,2023-07-09,24430,934,439.75
DSP0005691,CMP0061,2023-07-10,25372,1097,456.70
DSP0005692,CMP0061,2023-07-11,22107,934,397.94
DSP0005693,CMP0061,2023-07-12,22856,1006,411.41
DSP0005694,CMP0061,2023-07-13,14883,563,267.91
DSP0005695,CMP0061,2023-07-14,22061,575,397.10
DSP0005696,CMP0061,2023-07-15,14166,615,255.00
DSP0005697,CMP0061,2023-07-16,17276,621,310.98
DSP0005698,CMP0061,2023-07-17,21366,714,384.59
DSP0005699,CMP0061,2023-07-18,19856,895,357.42
DSP0005700,CMP0061,2023-07-19,21557,642,388.04
DSP0005701,CMP0061,2023-07-20,25667,678,462.01
DSP0005702,CMP0061,2023-07-21,16833,459,303.00
DSP0005703,CMP0061,2023-07-22,19620,689,353.16
DSP0005704,CMP0061,2023-07-23,17778,625,320.01
DSP0005705,CMP0061,2023-07-24,26182,1128,471.29
DSP0005706,CMP0061,2023-07-25,23258,596,418.66
DSP0005707,CMP0061,2023-07-26,25792,766,464.27
DSP0005708,CMP0061,2023-07-27,25322,932,455.80
DSP0005709,CMP0061,2023-07-28,16446,590,296.04
DSP0005710,CMP0061,2023-07-29,24846,912,447.24
DSP0005711,CMP0061,2023-07-30,15804,500,284.48
DSP0005712,CMP0061,2023-07-31,15679,495,282.23
DSP0005713,CMP0061,2023-08-01,23164,679,416.96
DSP0005714,CMP0061,2023-08-02,19032,780,342.58
DSP0005715,CMP0061,2023-08-03,25700,820,462.61
DSP0005716,CMP0061,2023-08-04,20730,565,373.15
DSP0005717,CMP0061,2023-08-05,25227,1090,454.09
DSP0005718,CMP0061,2023-08-06,14554,635,261.98
DSP0005719,CMP0061,2023-08-07,20298,874,365.37
DSP0005720,CMP0061,2023-08-08,23257,630,418.63
DSP0005721,CMP0061,2023-08-09,18444,566,332.00
DSP0005722,CMP0061,2023-08-10,21185,799,381.33
DSP0005723,CMP0061,2023-08-11,18509,492,333.17
DSP0005724,CMP0061,2023-08-12,26225,775,472.05
DSP0005725,CMP0061,2023-08-13,17161,582,308.91
DSP0005726,CMP0061,2023-08-14,18326,502,329.87
DSP0005727,CMP0061,2023-08-15,18550,630,333.91
DSP0005728,CMP0061,2023-08-16,22222,767,400.01
DSP0005729,CMP0061,2023-08-17,19113,839,344.05
DSP0005730,CMP0061,2023-08-18,25136,852,452.45
DSP0005731,CMP0061,2023-08-19,16474,433,296.54
DSP0005732,CMP0061,2023-08-20,16804,752,302.48
DSP0005733,CMP0061,2023-08-21,20850,927,375.30
DSP0005734,CMP0061,2023-08-22,16225,547,292.06
DSP0005735,CMP0061,2023-08-23,14298,648,257.38
DSP0005736,CMP0061,2023-08-24,18813,753,338.65
DSP0005737,CMP0061,2023-08-25,14267,612,256.82
DSP0005738,CMP0061,2023-08-26,22230,695,400.14
DSP0005739,CMP0061,2023-08-27,24682,743,444.28
DSP0005740,CMP0061,2023-08-28,22330,590,401.95
DSP0005741,CMP0061,2023-08-29,16783,632,302.10
DSP0005742,CMP0061,2023-08-30,16782,418,302.08
DSP0005743,CMP0061,2023-08-31,17998,818,323.97
DSP0005744,CMP0061,2023-09-01,16050,724,288.90
DSP0005745,CMP0061,2023-09-02,22163,984,398.94
DSP0005746,CMP0061,2023-09-03,16696,684,300.54
DSP0005747,CMP0061,2023-09-04,18446,454,332.03
DSP0005748,CMP0061,2023-09-05,24697,652,444.56
DSP0005749,CMP0061,2023-09-06,25229,807,454.13
DSP0005750,CMP0061,2023-09-07,24260,1027,436.69
DSP0005751,CMP0061,2023-09-08,15390,430,277.02
DSP0005752,CMP0061,2023-09-09,16844,589,303.20
DSP0005753,CMP0061,2023-09-10,22956,716,413.21
DSP0005754,CMP0061,2023-09-11,25245,1008,454.42
DSP0005755,CMP0061,2023-09-12,20651,638,371.72
DSP0005756,CMP0061,2023-09-13,24928,988,448.71
DSP0005757,CMP0061,2023-09-14,19931,671,358.76
DSP0005758,CMP0061,2023-09-15,16599,445,298.79
DSP0005759,CMP0061,2023-09-16,24029,629,432.53
DSP0005760,CMP0061,2023-09-17,14508,593,261.15
DSP0005761,CMP0061,2023-09-18,19218,545,345.94
DSP0005762,CMP0061,2023-09-19,24611,648,443.00
DSP0005763,CMP0061,2023-09-20,19494,661,350.90
DSP0005764,CMP0061,2023-09-21,24545,820,441.81
DSP0005765,CMP0061,2023-09-22,19438,859,349.90
DSP0005766,CMP0061,2023-09-23,15901,686,286.23
DSP0005767,CMP0061,2023-09-24,15077,654,271.39
DSP0005768,CMP0061,2023-09-25,24896,1026,448.14
DSP0005769,CMP0061,2023-09-26,21708,576,390.76
DSP0005770,CMP0061,2023-09-27,26211,872,471.80
DSP0005771,CMP0061,2023-09-28,23813,624,428.64
DSP0005772,CMP0061,2023-09-29,25036,1059,450.66
DSP0005773,CMP0061,2023-09-30,14974,460,269.54
DSP0005774,CMP0061,2023-10-01,22388,1018,403.00
DSP0005775,CMP0061,2023-10-02,24517,1100,441.31
DSP0005776,CMP0061,2023-10-03,16200,585,291.60
DSP0005777,CMP0061,2023-10-04,24240,980,436.33
DSP0005778,CMP0061,2023-10-05,25118,987,452.14
DSP0005779,CMP0061,2023-10-06,22803,726,410.46
DSP0005780,CMP0061,2023-10-07,21858,569,393.46
DSP0005781,CMP0061,2023-10-08,15482,696,278.69
DSP0005782,CMP0061,2023-10-09,16948,592,305.07
DSP0005783,CMP0061,2023-10-10,15891,666,286.05
DSP0005784,CMP0061,2023-10-11,16776,422,301.97
DSP0005785,CMP0061,2023-10-12,21215,774,381.88
DSP0005786,CMP0061,2023-10-13,17161,637,308.90
DSP0005787,CMP0061,2023-10-14,22673,963,408.12
DSP0005788,CMP0062,2023-05-31,37498,534,412.48
DSP0005789,CMP0062,2023-06-01,43770,980,481.48
DSP0005790,CMP0062,2023-06-02,30053,479,330.59
DSP0005791,CMP0062,2023-06-03,25430,533,279.73
DSP0005792,CMP0062,2023-06-04,28369,628,312.06
DSP0005793,CMP0062,2023-06-05,28769,402,316.46
DSP0005794,CMP0062,2023-06-06,36663,623,403.30
DSP0005795,CMP0062,2023-06-07,26586,493,292.45
DSP0005796,CMP0062,2023-06-08,36823,775,405.06
DSP0005797,CMP0062,2023-06-09,26239,408,288.63
DSP0005798,CMP0062,2023-06-10,45107,794,496.18
DSP0005799,CMP0062,2023-06-11,30010,433,330.11
DSP0005800,CMP0062,2023-06-12,42538,838,467.92
DSP0005801,CMP0062,2023-06-13,30070,476,330.78
DSP0005802,CMP0062,2023-06-14,43902,773,482.93
DSP0005803,CMP0062,2023-06-15,44168,648,485.85
DSP0005804,CMP0062,2023-06-16,42813,803,470.95
DSP0005805,CMP0062,2023-06-17,27023,572,297.26
DSP0005806,CMP0062,2023-06-18,36525,501,401.78
DSP0005807,CMP0062,2023-06-19,32795,731,360.75
DSP0005808,CMP0062,2023-06-20,25775,396,283.53
DSP0005809,CMP0062,2023-06-21,25811,459,283.93
DSP0005810,CMP0062,2023-06-22,33442,431,367.87
DSP0005811,CMP0062,2023-06-23,28149,540,309.64
DSP0005812,CMP0062,2023-06-24,39111,565,430.23
DSP0005813,CMP0062,2023-06-25,44790,569,492.69
DSP0005814,CMP0062,2023-06-26,33172,715,364.90
DSP0005815,CMP0062,2023-06-27,43603,676,479.64
DSP0005816,CMP0062,2023-06-28,34748,526,382.23
DSP0005817,CMP0062,2023-06-29,40383,549,444.22
DSP0005818,CMP0062,2023-06-30,28960,650,318.56
DSP0005819,CMP0062,2023-07-01,27908,630,306.99
DSP0005820,CMP0062,2023-07-02,43534,1015,478.88
DSP0005821,CMP0062,2023-07-03,43913,791,483.05
DSP0005822,CMP0062,2023-07-04,33250,726,365.76
DSP0005823,CMP0062,2023-07-05,43933,664,483.27
DSP0005824,CMP0062,2023-07-06,29781,607,327.60
DSP0005825,CMP0062,2023-07-07,38475,701,423.23
DSP0005826,CMP0062,2023-07-08,35622,819,391.85
DSP0005827,CMP0062,2023-07-09,40466,596,445.13
DSP0005828,CMP0062,2023-07-10,43816,874,481.98
DSP0005829,CMP0062,2023-07-11,32370,481,356.07
DSP0005830,CMP0062,2023-07-12,35480,726,390.29
DSP0005831,CMP0062,2023-07-13,41688,567,458.57
DSP0005832,CMP0062,2023-07-14,39242,605,431.67
DSP0005833,CMP0062,2023-07-15,37500,820,412.50
DSP0005834,CMP0062,2023-07-16,34542,758,379.97
DSP0005835,CMP0062,2023-07-17,28696,463,315.66
DSP0005836,CMP0062,2023-07-18,27783,560,305.62
DSP0005837,CMP0062,2023-07-19,29816,688,327.98
DSP0005838,CMP0062,2023-07-20,41569,897,457.26
DSP0005839,CMP0062,2023-07-21,28255,358,310.81
DSP0005840,CMP0062,2023-07-22,32750,614,360.25
DSP0005841,CMP0062,2023-07-23,37989,779,417.88
DSP0005842,CMP0062,2023-07-24,36543,508,401.98
DSP0005843,CMP0062,2023-07-25,26257,519,288.83
DSP0005844,CMP0062,2023-07-26,39820,656,438.02
DSP0005845,CMP0062,2023-07-27,41694,661,458.64
DSP0005846,CMP0062,2023-07-28,29869,512,328.56
DSP0005847,CMP0062,2023-07-29,42528,842,467.81
DSP0005848,CMP0062,2023-07-30,40368,619,444.05
DSP0005849,CMP0062,2023-07-31,31820,473,350.02
DSP0005850,CMP0062,2023-08-01,35326,541,388.59
DSP0005851,CMP0062,2023-08-02,29917,666,329.09
DSP0005852,CMP0062,2023-08-03,30020,445,330.22
DSP0005853,CMP0062,2023-08-04,25150,387,276.66
DSP0005854,CMP0062,2023-08-05,41880,731,460.68
DSP0005855,CMP0062,2023-08-06,44071,983,484.79
DSP0005856,CMP0062,2023-08-07,38947,662,428.42
DSP0005857,CMP0062,2023-08-08,26562,458,292.19
DSP0005858,CMP0062,2023-08-09,26016,538,286.18
DSP0005859,CMP0062,2023-08-10,36921,652,406.14
DSP0005860,CMP0062,2023-08-11,32092,531,353.02
DSP0005861,CMP0062,2023-08-12,39050,505,429.56
DSP0005862,CMP0062,2023-08-13,38671,646,425.39
DSP0005863,CMP0062,2023-08-14,29619,591,325.81
DSP0005864,CMP0062,2023-08-15,32357,493,355.93
DSP0005865,CMP0062,2023-08-16,29032,545,319.36
DSP0005866,CMP0062,2023-08-17,30774,565,338.52
DSP0005867,CMP0062,2023-08-18,32491,674,357.41
DSP0005868,CMP0062,2023-08-19,30270,527,332.98
DSP0005869,CMP0062,2023-08-20,45681,916,502.50
DSP0005870,CMP0062,2023-08-21,40970,890,450.68
DSP0005871,CMP0062,2023-08-22,40962,692,450.59
DSP0005872,CMP0062,2023-08-23,34817,495,382.99
DSP0005873,CMP0062,2023-08-24,29388,436,323.27
DSP0005874,CMP0062,2023-08-25,36701,740,403.72
DSP0005875,CMP0062,2023-08-26,24660,436,271.26
DSP0005876,CMP0062,2023-08-27,42301,730,465.32
DSP0005877,CMP0062,2023-08-28,40659,564,447.25
DSP0005878,CMP0062,2023-08-29,27130,571,298.43
DSP0005879,CMP0062,2023-08-30,43239,777,475.63
DSP0005880,CMP0062,2023-08-31,32454,605,357.00
DSP0005881,CMP0062,2023-09-01,27000,373,297.01
DSP0005882,CMP0062,2023-09-02,29227,626,321.50
DSP0005883,CMP0062,2023-09-03,45481,694,500.30
DSP0005884,CMP0062,2023-09-04,38647,802,425.12
DSP0005885,CMP0062,2023-09-05,30327,467,333.60
DSP0005886,CMP0062,2023-09-06,26163,417,287.80
DSP0005887,CMP0062,2023-09-07,35640,803,392.04
DSP0005888,CMP0062,2023-09-08,25691,406,282.61
DSP0005889,CMP0062,2023-09-09,41971,772,461.69
DSP0005890,CMP0062,2023-09-10,43190,852,475.10
DSP0005891,CMP0062,2023-09-11,42083,761,462.92
DSP0005892,CMP0062,2023-09-12,34479,675,379.27
DSP0005893,CMP0062,2023-09-13,27893,353,306.83
DSP0005894,CMP0062,2023-09-14,27371,431,301.09
DSP0005895,CMP0062,2023-09-15,28094,374,309.04
DSP0005896,CMP0062,2023-09-16,27592,512,303.52
DSP0005897,CMP0062,2023-09-17,33085,756,363.94
DSP0005898,CMP0062,2023-09-18,43919,967,483.11
DSP0005899,CMP0062,2023-09-19,29977,540,329.75
DSP0005900,CMP0062,2023-09-20,31401,703,345.42
DSP0005901,CMP0062,2023-09-21,29679,400,326.47
DSP0005902,CMP0062,2023-09-22,31216,723,343.38
DSP0005903,CMP0062,2023-09-23,29487,622,324.36
DSP0005904,CMP0062,2023-09-24,41000,914,451.00
DSP0005905,CMP0062,2023-09-25,31855,597,350.41
DSP0005906,CMP0062,2023-09-26,27070,588,297.77
DSP0005907,CMP0062,2023-09-27,44585,592,490.44
DSP0005908,CMP0062,2023-09-28,32929,433,362.22
DSP0005909,CMP0062,2023-09-29,41974,803,461.72
DSP0005910,CMP0062,2023-09-30,33050,563,363.55
DSP0005911,CMP0062,2023-10-01,28666,627,315.33
DSP0005912,CMP0062,2023-10-02,34628,467,380.91
DSP0005913,CMP0062,2023-10-03,44281,788,487.10
DSP0005914,CMP0062,2023-10-04,38581,743,424.40
DSP0005915,CMP0062,2023-10-05,32129,513,353.42
DSP0005916,CMP0062,2023-10-06,42549,882,468.04
DSP0005917,CMP0062,2023-10-07,45547,1012,501.02
DSP0005918,CMP0063,2025-03-06,94289,683,612.88
DSP0005919,CMP0063,2025-03-07,97563,628,634.16
DSP0005920,CMP0063,2025-03-08,139572,997,907.22
DSP0005921,CMP0063,2025-03-09,125389,643,815.03
DSP0005922,CMP0063,2025-03-10,142810,623,928.27
DSP0005923,CMP0063,2025-03-11,123938,886,805.60
DSP0005924,CMP0063,2025-03-12,106075,799,689.49
DSP0005925,CMP0063,2025-03-13,132163,940,859.06
DSP0005926,CMP0063,2025-03-14,114467,641,744.04
DSP0005927,CMP0063,2025-03-15,90973,420,591.33
DSP0005928,CMP0063,2025-03-16,115593,799,751.36
DSP0005929,CMP0063,2025-03-17,116776,709,759.05
DSP0005930,CMP0063,2025-03-18,147844,733,960.99
DSP0005931,CMP0063,2025-03-19,135807,837,882.75
DSP0005932,CMP0063,2025-03-20,114752,881,745.89
DSP0005933,CMP0063,2025-03-21,130330,1014,847.15
DSP0005934,CMP0063,2025-03-22,126229,690,820.49
DSP0005935,CMP0063,2025-03-23,125446,906,815.40
DSP0005936,CMP0063,2025-03-24,108450,738,704.93
DSP0005937,CMP0063,2025-03-25,95043,449,617.78
DSP0005938,CMP0063,2025-03-26,148743,771,966.83
DSP0005939,CMP0063,2025-03-27,97760,629,635.44
DSP0005940,CMP0063,2025-03-28,138463,1077,900.01
DSP0005941,CMP0063,2025-03-29,130621,778,849.04
DSP0005942,CMP0063,2025-03-30,102952,570,669.19
DSP0005943,CMP0063,2025-03-31,128660,676,836.29
DSP0005944,CMP0063,2025-04-01,131916,720,857.46
DSP0005945,CMP0063,2025-04-02,84620,583,550.03
DSP0005946,CMP0063,2025-04-03,138996,882,903.48
DSP0005947,CMP0063,2025-04-04,141960,882,922.74
DSP0005948,CMP0063,2025-04-05,142673,1058,927.38
DSP0005949,CMP0063,2025-04-06,119956,871,779.72
DSP0005950,CMP0063,2025-04-07,104670,635,680.36
DSP0005951,CMP0063,2025-04-08,129418,652,841.22
DSP0005952,CMP0063,2025-04-09,110453,525,717.95
DSP0005953,CMP0063,2025-04-10,148915,1006,967.95
DSP0005954,CMP0063,2025-04-11,146323,797,951.10
DSP0005955,CMP0063,2025-04-12,127572,733,829.22
DSP0005956,CMP0063,2025-04-13,105981,745,688.88
DSP0005957,CMP0063,2025-04-14,143815,692,934.80
DSP0005958,CMP0063,2025-04-15,128472,908,835.07
DSP0005959,CMP0063,2025-04-16,122316,857,795.06
DSP0005960,CMP0063,2025-04-17,102721,479,667.69
DSP0005961,CMP0063,2025-04-18,151256,880,983.17
DSP0005962,CMP0063,2025-04-19,87192,617,566.75
DSP0005963,CMP0063,2025-04-20,123220,946,800.93
DSP0005964,CMP0063,2025-04-21,145293,699,944.41
DSP0005965,CMP0063,2025-04-22,110638,722,719.15
DSP0005966,CMP0063,2025-04-23,116367,608,756.39
DSP0005967,CMP0063,2025-04-24,111312,729,723.53
DSP0005968,CMP0063,2025-04-25,144033,964,936.22
DSP0005969,CMP0063,2025-04-26,133313,927,866.54
DSP0005970,CMP0063,2025-04-27,83303,638,541.47
DSP0005971,CMP0063,2025-04-28,127941,986,831.62
DSP0005972,CMP0063,2025-04-29,91376,645,593.95
DSP0005973,CMP0063,2025-04-30,135575,796,881.24
DSP0005974,CMP0063,2025-05-01,125540,645,816.01
DSP0005975,CMP0063,2025-05-02,96921,597,629.99
DSP0005976,CMP0063,2025-05-03,149493,1159,971.71
DSP0005977,CMP0063,2025-05-04,91560,708,595.14
DSP0005978,CMP0063,2025-05-05,135701,789,882.06
DSP0005979,CMP0063,2025-05-06,141826,809,921.87
DSP0005980,CMP0063,2025-05-07,123801,805,804.71
DSP0005981,CMP0063,2025-05-08,94367,519,613.39
DSP0005982,CMP0063,2025-05-09,106284,788,690.85
DSP0005983,CMP0063,2025-05-10,151203,850,982.82
DSP0005984,CMP0063,2025-05-11,126676,609,823.40
DSP0005985,CMP0063,2025-05-12,118527,821,770.43
DSP0005986,CMP0063,2025-05-13,99946,468,649.65
DSP0005987,CMP0063,2025-05-14,140789,1014,915.13
DSP0005988,CMP0063,2025-05-15,96318,407,626.07
DSP0005989,CMP0063,2025-05-16,110969,590,721.30
DSP0005990,CMP0063,2025-05-17,104209,483,677.36
DSP0005991,CMP0064,2024-09-21,55566,440,833.49
DSP0005992,CMP0064,2024-09-22,52930,406,793.95
DSP0005993,CMP0064,2024-09-23,44972,377,674.59
DSP0005994,CMP0064,2024-09-24,64931,409,973.97
DSP0005995,CMP0064,2024-09-25,66260,709,993.91
DSP0005996,CMP0064,2024-09-26,48259,405,723.89
DSP0005997,CMP0064,2024-09-27,45363,379,680.45
DSP0005998,CMP0064,2024-09-28,49130,553,736.95
DSP0005999,CMP0064,2024-09-29,52768,338,791.52
DSP0006000,CMP0064,2024-09-30,47696,301,715.45
DSP0006001,CMP0064,2024-10-01,69496,541,1042.45
DSP0006002,CMP0064,2024-10-02,70852,450,1062.78
DSP0006003,CMP0064,2024-10-03,77260,749,1158.90
DSP0006004,CMP0064,2024-10-04,79083,658,1186.25
DSP0006005,CMP0064,2024-10-05,50103,435,751.55
DSP0006006,CMP0064,2024-10-06,44490,413,667.35
DSP0006007,CMP0064,2024-10-07,54070,584,811.05
DSP0006008,CMP0064,2024-10-08,78032,745,1170.48
DSP0006009,CMP0064,2024-10-09,70706,511,1060.59
DSP0006010,CMP0064,2024-10-10,46310,442,694.65
DSP0006011,CMP0064,2024-10-11,63380,620,950.71
DSP0006012,CMP0064,2024-10-12,70915,519,1063.73
DSP0006013,CMP0064,2024-10-13,45318,443,679.78
DSP0006014,CMP0064,2024-10-14,56261,468,843.92
DSP0006015,CMP0064,2024-10-15,70941,747,1064.12
DSP0006016,CMP0064,2024-10-16,56330,391,844.96
DSP0006017,CMP0064,2024-10-17,47804,536,717.07
DSP0006018,CMP0064,2024-10-18,54530,407,817.96
DSP0006019,CMP0064,2024-10-19,43004,488,645.07
DSP0006020,CMP0064,2024-10-20,62562,533,938.43
DSP0006021,CMP0064,2024-10-21,44556,471,668.35
DSP0006022,CMP0064,2024-10-22,60186,641,902.80
DSP0006023,CMP0064,2024-10-23,62991,423,944.87
DSP0006024,CMP0064,2024-10-24,50060,413,750.90
DSP0006025,CMP0064,2024-10-25,49148,393,737.22
DSP0006026,CMP0064,2024-10-26,70347,818,1055.21
DSP0006027,CMP0064,2024-10-27,58801,487,882.02
DSP0006028,CMP0064,2024-10-28,51562,445,773.43
DSP0006029,CMP0064,2024-10-29,63780,574,956.70
DSP0006030,CMP0064,2024-10-30,60656,631,909.85
DSP0006031,CMP0064,2024-10-31,45512,477,682.68
DSP0006032,CMP0064,2024-11-01,74190,598,1112.86
DSP0006033,CMP0064,2024-11-02,44982,363,674.73
DSP0006034,CMP0064,2024-11-03,48605,352,729.08
DSP0006035,CMP0064,2024-11-04,59817,396,897.26
DSP0006036,CMP0064,2024-11-05,67140,531,1007.10
DSP0006037,CMP0064,2024-11-06,72537,735,1088.06
DSP0006038,CMP0064,2024-11-07,59170,432,887.56
DSP0006039,CMP0064,2024-11-08,60718,679,910.78
DSP0006040,CMP0064,2024-11-09,47730,453,715.96
DSP0006041,CMP0064,2024-11-10,68561,705,1028.42
DSP0006042,CMP0064,2024-11-11,48983,449,734.75
DSP0006043,CMP0064,2024-11-12,64258,570,963.87
DSP0006044,CMP0064,2024-11-13,59372,397,890.58
DSP0006045,CMP0064,2024-11-14,56336,427,845.04
DSP0006046,CMP0064,2024-11-15,74450,592,1116.75
DSP0006047,CMP0064,2024-11-16,55212,567,828.19
DSP0006048,CMP0064,2024-11-17,56144,646,842.17
DSP0006049,CMP0064,2024-11-18,57604,526,864.06
DSP0006050,CMP0064,2024-11-19,44032,348,660.49
DSP0006051,CMP0064,2024-11-20,74822,587,1122.34
DSP0006052,CMP0064,2024-11-21,49091,320,736.37
DSP0006053,CMP0064,2024-11-22,77903,697,1168.55
DSP0006054,CMP0065,2024-03-23,51085,1025,459.77
DSP0006055,CMP0065,2024-03-24,40020,704,360.18
DSP0006056,CMP0065,2024-03-25,58053,1359,522.48
DSP0006057,CMP0065,2024-03-26,36145,859,325.31
DSP0006058,CMP0065,2024-03-27,31530,951,283.77
DSP0006059,CMP0065,2024-03-28,40982,942,368.84
DSP0006060,CMP0065,2024-03-29,54405,1530,489.65
DSP0006061,CMP0065,2024-03-30,50073,1563,450.66
DSP0006062,CMP0065,2024-03-31,49714,1109,447.43
DSP0006063,CMP0065,2024-04-01,36677,990,330.10
DSP0006064,CMP0065,2024-04-02,35535,1121,319.82
DSP0006065,CMP0065,2024-04-03,49291,1411,443.62
DSP0006066,CMP0065,2024-04-04,40466,988,364.20
DSP0006067,CMP0065,2024-04-05,53468,1723,481.22
DSP0006068,CMP0065,2024-04-06,35921,762,323.29
DSP0006069,CMP0065,2024-04-07,51002,1243,459.02
DSP0006070,CMP0065,2024-04-08,55448,1091,499.04
DSP0006071,CMP0065,2024-04-09,52461,1529,472.15
DSP0006072,CMP0065,2024-04-10,39172,1187,352.55
DSP0006073,CMP0065,2024-04-11,55255,1089,497.30
DSP0006074,CMP0065,2024-04-12,39866,878,358.80
DSP0006075,CMP0065,2024-04-13,57967,1026,521.71
DSP0006076,CMP0065,2024-04-14,45728,1239,411.56
DSP0006077,CMP0065,2024-04-15,31583,572,284.25
DSP0006078,CMP0065,2024-04-16,48858,932,439.73
DSP0006079,CMP0065,2024-04-17,56091,1694,504.82
DSP0006080,CMP0065,2024-04-18,35508,1153,319.58
DSP0006081,CMP0065,2024-04-19,50221,1321,451.99
DSP0006082,CMP0065,2024-04-20,32006,663,288.06
DSP0006083,CMP0065,2024-04-21,47727,1527,429.55
DSP0006084,CMP0065,2024-04-22,31961,795,287.65
DSP0006085,CMP0065,2024-04-23,39956,744,359.61
DSP0006086,CMP0065,2024-04-24,57635,1245,518.72
DSP0006087,CMP0065,2024-04-25,31513,766,283.62
DSP0006088,CMP0065,2024-04-26,34125,714,307.13
DSP0006089,CMP0065,2024-04-27,38497,1247,346.48
DSP0006090,CMP0065,2024-04-28,52252,1273,470.27
DSP0006091,CMP0065,2024-04-29,54926,1485,494.34
DSP0006092,CMP0065,2024-04-30,44992,1046,404.93
DSP0006093,CMP0065,2024-05-01,38127,1095,343.15
DSP0006094,CMP0065,2024-05-02,35582,1106,320.24
DSP0006095,CMP0065,2024-05-03,31791,871,286.12
DSP0006096,CMP0065,2024-05-04,47703,1212,429.33
DSP0006097,CMP0065,2024-05-05,37495,825,337.46
DSP0006098,CMP0065,2024-05-06,50767,1218,456.91
DSP0006099,CMP0065,2024-05-07,46877,1101,421.90
DSP0006100,CMP0066,2023-01-25,15579,686,280.43
DSP0006101,CMP0066,2023-01-26,15746,503,283.43
DSP0006102,CMP0066,2023-01-27,19357,804,348.44
DSP0006103,CMP0066,2023-01-28,15207,535,273.73
DSP0006104,CMP0066,2023-01-29,15087,545,271.57
DSP0006105,CMP0066,2023-01-30,18888,849,340.00
DSP0006106,CMP0066,2023-01-31,12901,492,232.22
DSP0006107,CMP0066,2023-02-01,21724,628,391.04
DSP0006108,CMP0066,2023-02-02,16055,600,289.00
DSP0006109,CMP0066,2023-02-03,20225,658,364.05
DSP0006110,CMP0066,2023-02-04,14867,381,267.61
DSP0006111,CMP0066,2023-02-05,19222,749,346.00
DSP0006112,CMP0066,2023-02-06,19198,481,345.57
DSP0006113,CMP0066,2023-02-07,19393,867,349.08
DSP0006114,CMP0066,2023-02-08,15347,468,276.25
DSP0006115,CMP0066,2023-02-09,18947,762,341.05
DSP0006116,CMP0066,2023-02-10,21036,567,378.65
DSP0006117,CMP0066,2023-02-11,13900,344,250.21
DSP0006118,CMP0066,2023-02-12,14506,581,261.12
DSP0006119,CMP0066,2023-02-13,19240,812,346.33
DSP0006120,CMP0066,2023-02-14,21531,790,387.57
DSP0006121,CMP0066,2023-02-15,13380,516,240.84
DSP0006122,CMP0066,2023-02-16,20044,647,360.80
DSP0006123,CMP0066,2023-02-17,15605,522,280.89
DSP0006124,CMP0066,2023-02-18,22124,602,398.24
DSP0006125,CMP0066,2023-02-19,16215,734,291.88
DSP0006126,CMP0066,2023-02-20,14636,559,263.46
DSP0006127,CMP0066,2023-02-21,21491,825,386.84
DSP0006128,CMP0066,2023-02-22,13689,409,246.41
DSP0006129,CMP0066,2023-02-23,13189,345,237.41
DSP0006130,CMP0066,2023-02-24,13856,597,249.42
DSP0006131,CMP0066,2023-02-25,13182,591,237.28
DSP0006132,CMP0066,2023-02-26,16744,686,301.40
DSP0006133,CMP0066,2023-02-27,17201,432,309.62
DSP0006134,CMP0066,2023-02-28,22766,699,409.80
DSP0006135,CMP0066,2023-03-01,19057,544,343.03
DSP0006136,CMP0066,2023-03-02,20533,810,369.61
DSP0006137,CMP0066,2023-03-03,22592,672,406.67
DSP0006138,CMP0066,2023-03-04,18542,603,333.77
DSP0006139,CMP0066,2023-03-05,15545,442,279.82
DSP0006140,CMP0066,2023-03-06,12702,541,228.64
DSP0006141,CMP0066,2023-03-07,21139,645,380.51
DSP0006142,CMP0066,2023-03-08,14400,481,259.20
DSP0006143,CMP0066,2023-03-09,18726,541,337.07
DSP0006144,CMP0066,2023-03-10,18771,495,337.88
DSP0006145,CMP0066,2023-03-11,20458,785,368.25
DSP0006146,CMP0066,2023-03-12,15573,620,280.32
DSP0006147,CMP0066,2023-03-13,12995,583,233.92
DSP0006148,CMP0066,2023-03-14,15556,525,280.02
DSP0006149,CMP0066,2023-03-15,16631,637,299.37
DSP0006150,CMP0066,2023-03-16,14279,535,257.03
DSP0006151,CMP0066,2023-03-17,22945,644,413.02
DSP0006152,CMP0066,2023-03-18,12934,431,232.82
DSP0006153,CMP0066,2023-03-19,18770,809,337.86
DSP0006154,CMP0066,2023-03-20,17656,432,317.82
DSP0006155,CMP0066,2023-03-21,17338,656,312.10
DSP0006156,CMP0066,2023-03-22,14680,624,264.25
DSP0006157,CMP0066,2023-03-23,18085,718,325.54
DSP0006158,CMP0066,2023-03-24,15314,560,275.66
DSP0006159,CMP0066,2023-03-25,15272,488,274.90
DSP0006160,CMP0066,2023-03-26,13140,485,236.52
DSP0006161,CMP0066,2023-03-27,19336,678,348.06
DSP0006162,CMP0066,2023-03-28,15917,560,286.51
DSP0006163,CMP0066,2023-03-29,19131,837,344.37
DSP0006164,CMP0067,2024-12-18,126376,2173,1390.14
DSP0006165,CMP0067,2024-12-19,127423,2052,1401.66
DSP0006166,CMP0067,2024-12-20,108033,1547,1188.37
DSP0006167,CMP0067,2024-12-21,100719,2007,1107.91
DSP0006168,CMP0067,2024-12-22,108644,1964,1195.09
DSP0006169,CMP0067,2024-12-23,132720,2864,1459.92
DSP0006170,CMP0067,2024-12-24,110848,1406,1219.33
DSP0006171,CMP0067,2024-12-25,112351,2502,1235.87
DSP0006172,CMP0067,2024-12-26,75542,957,830.97
DSP0006173,CMP0067,2024-12-27,99626,2149,1095.89
DSP0006174,CMP0067,2024-12-28,77940,1210,857.34
DSP0006175,CMP0067,2024-12-29,103094,2273,1134.04
DSP0006176,CMP0067,2024-12-30,87400,1695,961.40
DSP0006177,CMP0067,2024-12-31,87060,1563,957.66
DSP0006178,CMP0067,2025-01-01,79340,1422,872.75
DSP0006179,CMP0067,2025-01-02,109802,1993,1207.83
DSP0006180,CMP0067,2025-01-03,104898,1996,1153.88
DSP0006181,CMP0067,2025-01-04,110940,2121,1220.34
DSP0006182,CMP0067,2025-01-05,121231,2090,1333.55
DSP0006183,CMP0067,2025-01-06,102957,2133,1132.53
DSP0006184,CMP0067,2025-01-07,119922,2477,1319.15
DSP0006185,CMP0067,2025-01-08,88151,1448,969.67
DSP0006186,CMP0067,2025-01-09,107018,1643,1177.20
DSP0006187,CMP0067,2025-01-10,89586,1518,985.45
DSP0006188,CMP0067,2025-01-11,100407,1742,1104.48
DSP0006189,CMP0067,2025-01-12,95312,2184,1048.44
DSP0006190,CMP0067,2025-01-13,127989,1789,1407.88
DSP0006191,CMP0067,2025-01-14,96515,1870,1061.67
DSP0006192,CMP0067,2025-01-15,93455,1928,1028.01
DSP0006193,CMP0067,2025-01-16,130746,1822,1438.21
DSP0006194,CMP0067,2025-01-17,100142,1880,1101.57
DSP0006195,CMP0067,2025-01-18,119660,1616,1316.26
DSP0006196,CMP0067,2025-01-19,119956,1851,1319.52
DSP0006197,CMP0067,2025-01-20,95148,1623,1046.63
DSP0006198,CMP0067,2025-01-21,83240,1760,915.64
DSP0006199,CMP0067,2025-01-22,132494,3098,1457.44
DSP0006200,CMP0067,2025-01-23,125012,2267,1375.14
DSP0006201,CMP0067,2025-01-24,123860,2742,1362.47
DSP0006202,CMP0067,2025-01-25,118653,2669,1305.19
DSP0006203,CMP0067,2025-01-26,76234,1215,838.58
DSP0006204,CMP0067,2025-01-27,79637,1646,876.01
DSP0006205,CMP0067,2025-01-28,81592,1460,897.52
DSP0006206,CMP0067,2025-01-29,87088,1852,957.97
DSP0006207,CMP0067,2025-01-30,127879,2073,1406.67
DSP0006208,CMP0067,2025-01-31,109706,1626,1206.77
DSP0006209,CMP0067,2025-02-01,98247,2028,1080.72
DSP0006210,CMP0067,2025-02-02,84771,1328,932.49
DSP0006211,CMP0067,2025-02-03,128485,2694,1413.34
DSP0006212,CMP0067,2025-02-04,113873,2359,1252.61
DSP0006213,CMP0067,2025-02-05,97784,1989,1075.63
DSP0006214,CMP0067,2025-02-06,127932,1807,1407.26
DSP0006215,CMP0068,2025-03-06,57096,368,371.13
DSP0006216,CMP0068,2025-03-07,82569,595,536.70
DSP0006217,CMP0068,2025-03-08,75295,381,489.42
DSP0006218,CMP0068,2025-03-09,94403,580,613.62
DSP0006219,CMP0068,2025-03-10,60670,306,394.36
DSP0006220,CMP0068,2025-03-11,60378,452,392.46
DSP0006221,CMP0068,2025-03-12,88969,386,578.30
DSP0006222,CMP0068,2025-03-13,63389,336,412.03
DSP0006223,CMP0068,2025-03-14,72536,516,471.49
DSP0006224,CMP0068,2025-03-15,73753,448,479.40
DSP0006225,CMP0068,2025-03-16,55840,339,362.96
DSP0006226,CMP0068,2025-03-17,92232,422,599.51
DSP0006227,CMP0068,2025-03-18,51681,288,335.93
DSP0006228,CMP0068,2025-03-19,54815,404,356.30
DSP0006229,CMP0068,2025-03-20,58330,335,379.15
DSP0006230,CMP0068,2025-03-21,88675,444,576.39
DSP0006231,CMP0068,2025-03-22,78169,523,508.10
DSP0006232,CMP0068,2025-03-23,63586,451,413.31
DSP0006233,CMP0068,2025-03-24,78883,413,512.74
DSP0006234,CMP0068,2025-03-25,70780,453,460.07
DSP0006235,CMP0068,2025-03-26,55344,235,359.74
DSP0006236,CMP0068,2025-03-27,61967,441,402.79
DSP0006237,CMP0068,2025-03-28,55870,398,363.16
DSP0006238,CMP0068,2025-03-29,62578,420,406.76
DSP0006239,CMP0068,2025-03-30,78633,474,511.12
DSP0006240,CMP0068,2025-03-31,56133,249,364.87
DSP0006241,CMP0068,2025-04-01,79180,371,514.67
DSP0006242,CMP0068,2025-04-02,60306,305,391.99
DSP0006243,CMP0068,2025-04-03,66089,280,429.58
DSP0006244,CMP0068,2025-04-04,55015,403,357.60
DSP0006245,CMP0068,2025-04-05,55507,333,360.80
DSP0006246,CMP0068,2025-04-06,87630,445,569.60
DSP0006247,CMP0068,2025-04-07,73173,386,475.63
DSP0006248,CMP0068,2025-04-08,63675,428,413.89
DSP0006249,CMP0068,2025-04-09,61267,313,398.24
DSP0006250,CMP0068,2025-04-10,74041,345,481.27
DSP0006251,CMP0068,2025-04-11,54047,273,351.31
DSP0006252,CMP0068,2025-04-12,85916,430,558.46
DSP0006253,CMP0068,2025-04-13,65004,351,422.53
DSP0006254,CMP0068,2025-04-14,62800,390,408.20
DSP0006255,CMP0068,2025-04-15,79313,421,515.54
DSP0006256,CMP0068,2025-04-16,75533,343,490.97
DSP0006257,CMP0068,2025-04-17,89006,569,578.54
DSP0006258,CMP0068,2025-04-18,57483,269,373.64
DSP0006259,CMP0068,2025-04-19,64767,372,420.99
DSP0006260,CMP0068,2025-04-20,83112,560,540.23
DSP0006261,CMP0068,2025-04-21,63023,485,409.65
DSP0006262,CMP0068,2025-04-22,71444,350,464.39
DSP0006263,CMP0068,2025-04-23,53955,383,350.71
DSP0006264,CMP0068,2025-04-24,81121,448,527.29
DSP0006265,CMP0068,2025-04-25,65689,478,426.98
DSP0006266,CMP0068,2025-04-26,75415,336,490.20
DSP0006267,CMP0068,2025-04-27,68301,304,443.96
DSP0006268,CMP0068,2025-04-28,62052,421,403.34
DSP0006269,CMP0068,2025-04-29,81047,499,526.81
DSP0006270,CMP0068,2025-04-30,88193,645,573.26
DSP0006271,CMP0068,2025-05-01,85403,621,555.12
DSP0006272,CMP0068,2025-05-02,84089,636,546.58
DSP0006273,CMP0068,2025-05-03,84684,591,550.45
DSP0006274,CMP0068,2025-05-04,68210,328,443.37
DSP0006275,CMP0068,2025-05-05,52227,259,339.48
DSP0006276,CMP0068,2025-05-06,88101,491,572.66
DSP0006277,CMP0068,2025-05-07,68106,427,442.69
DSP0006278,CMP0068,2025-05-08,89752,677,583.39
DSP0006279,CMP0068,2025-05-09,86792,627,564.15
DSP0006280,CMP0068,2025-05-10,90273,584,586.78
DSP0006281,CMP0068,2025-05-11,79158,413,514.53
DSP0006282,CMP0068,2025-05-12,85581,636,556.28
DSP0006283,CMP0068,2025-05-13,70623,319,459.05
DSP0006284,CMP0068,2025-05-14,57207,307,371.85
DSP0006285,CMP0068,2025-05-15,76278,561,495.81
DSP0006286,CMP0068,2025-05-16,56344,367,366.24
DSP0006287,CMP0068,2025-05-17,94423,621,613.75
DSP0006288,CMP0068,2025-05-18,68836,489,447.44
DSP0006289,CMP0068,2025-05-19,70152,506,455.99
DSP0006290,CMP0068,2025-05-20,87584,657,569.30
DSP0006291,CMP0068,2025-05-21,86956,584,565.22
DSP0006292,CMP0068,2025-05-22,83012,369,539.58
DSP0006293,CMP0068,2025-05-23,53403,273,347.12
DSP0006294,CMP0068,2025-05-24,70686,417,459.46
DSP0006295,CMP0068,2025-05-25,84815,371,551.30
DSP0006296,CMP0068,2025-05-26,64940,321,422.11
DSP0006297,CMP0068,2025-05-27,53681,256,348.93
DSP0006298,CMP0068,2025-05-28,63087,313,410.07
DSP0006299,CMP0068,2025-05-29,93424,596,607.26
DSP0006300,CMP0068,2025-05-30,52946,404,344.15
DSP0006301,CMP0068,2025-05-31,78181,470,508.18
DSP0006302,CMP0068,2025-06-01,71364,430,463.87
DSP0006303,CMP0068,2025-06-02,72180,444,469.17
DSP0006304,CMP0068,2025-06-03,88495,414,575.22
DSP0006305,CMP0068,2025-06-04,64101,306,416.66
DSP0006306,CMP0068,2025-06-05,65280,359,424.32
DSP0006307,CMP0068,2025-06-06,68040,396,442.26
DSP0006308,CMP0068,2025-06-07,85878,395,558.21
DSP0006309,CMP0068,2025-06-08,73321,438,476.59
DSP0006310,CMP0068,2025-06-09,78307,449,509.00
DSP0006311,CMP0068,2025-06-10,76009,342,494.06
DSP0006312,CMP0068,2025-06-11,55921,247,363.49
DSP0006313,CMP0068,2025-06-12,54270,233,352.76
DSP0006314,CMP0068,2025-06-13,66466,516,432.03
DSP0006315,CMP0068,2025-06-14,76710,417,498.62
DSP0006316,CMP0068,2025-06-15,93935,690,610.58
DSP0006317,CMP0068,2025-06-16,90556,511,588.62
DSP0006318,CMP0068,2025-06-17,51229,294,332.99
DSP0006319,CMP0068,2025-06-18,78484,454,510.15
DSP0006320,CMP0068,2025-06-19,78613,376,510.99
DSP0006321,CMP0068,2025-06-20,89310,473,580.52
DSP0006322,CMP0068,2025-06-21,81358,527,528.83
DSP0006323,CMP0068,2025-06-22,64867,326,421.64
DSP0006324,CMP0068,2025-06-23,90690,560,589.49
DSP0006325,CMP0068,2025-06-24,72004,326,468.03
DSP0006326,CMP0068,2025-06-25,74589,337,484.83
DSP0006327,CMP0068,2025-06-26,81780,563,531.57
DSP0006328,CMP0068,2025-06-27,69044,398,448.79
DSP0006329,CMP0068,2025-06-28,92460,695,600.99
DSP0006330,CMP0068,2025-06-29,64801,473,421.21
DSP0006331,CMP0068,2025-06-30,80230,621,521.50
DSP0006332,CMP0068,2025-07-01,66936,419,435.09
DSP0006333,CMP0068,2025-07-02,70187,389,456.22
DSP0006334,CMP0068,2025-07-03,77310,526,502.52
DSP0006335,CMP0068,2025-07-04,85627,613,556.58
DSP0006336,CMP0068,2025-07-05,73515,462,477.85
DSP0006337,CMP0069,2024-09-28,16887,106,253.31
DSP0006338,CMP0069,2024-09-29,14015,97,210.23
DSP0006339,CMP0069,2024-09-30,13601,125,204.02
DSP0006340,CMP0069,2024-10-01,15433,155,231.50
DSP0006341,CMP0069,2024-10-02,14137,90,212.06
DSP0006342,CMP0069,2024-10-03,11985,119,179.78
DSP0006343,CMP0069,2024-10-04,9826,96,147.40
DSP0006344,CMP0069,2024-10-05,15586,158,233.79
DSP0006345,CMP0069,2024-10-06,17199,113,257.99
DSP0006346,CMP0069,2024-10-07,14712,117,220.68
DSP0006347,CMP0069,2024-10-08,17136,187,257.04
DSP0006348,CMP0069,2024-10-09,10757,119,161.36
DSP0006349,CMP0069,2024-10-10,14778,134,221.68
DSP0006350,CMP0069,2024-10-11,15764,116,236.47
DSP0006351,CMP0069,2024-10-12,13503,137,202.55
DSP0006352,CMP0069,2024-10-13,14423,90,216.35
DSP0006353,CMP0069,2024-10-14,15830,158,237.45
DSP0006354,CMP0069,2024-10-15,14383,163,215.75
DSP0006355,CMP0069,2024-10-16,15528,153,232.93
DSP0006356,CMP0069,2024-10-17,15894,160,238.41
DSP0006357,CMP0069,2024-10-18,12855,134,192.83
DSP0006358,CMP0069,2024-10-19,14952,161,224.29
DSP0006359,CMP0069,2024-10-20,12698,88,190.48
DSP0006360,CMP0069,2024-10-21,16820,121,252.30
DSP0006361,CMP0069,2024-10-22,14493,145,217.40
DSP0006362,CMP0069,2024-10-23,13738,132,206.08
DSP0006363,CMP0069,2024-10-24,11178,87,167.68
DSP0006364,CMP0069,2024-10-25,10466,78,157.00
DSP0006365,CMP0069,2024-10-26,11794,90,176.91
DSP0006366,CMP0069,2024-10-27,15154,110,227.31
DSP0006367,CMP0069,2024-10-28,16064,110,240.97
DSP0006368,CMP0069,2024-10-29,14352,162,215.28
DSP0006369,CMP0069,2024-10-30,10857,121,162.86
DSP0006370,CMP0069,2024-10-31,11698,112,175.47
DSP0006371,CMP0069,2024-11-01,16512,136,247.68
DSP0006372,CMP0069,2024-11-02,13979,119,209.69
DSP0006373,CMP0069,2024-11-03,16548,173,248.23
DSP0006374,CMP0069,2024-11-04,13118,127,196.78
DSP0006375,CMP0069,2024-11-05,14467,120,217.01
DSP0006376,CMP0069,2024-11-06,11762,94,176.44
DSP0006377,CMP0069,2024-11-07,13552,99,203.28
DSP0006378,CMP0069,2024-11-08,15354,173,230.32
DSP0006379,CMP0069,2024-11-09,11752,122,176.28
DSP0006380,CMP0069,2024-11-10,10206,64,153.09
DSP0006381,CMP0069,2024-11-11,15331,106,229.97
DSP0006382,CMP0069,2024-11-12,11898,118,178.47
DSP0006383,CMP0069,2024-11-13,10182,74,152.73
DSP0006384,CMP0069,2024-11-14,11668,106,175.02
DSP0006385,CMP0069,2024-11-15,11942,86,179.13
DSP0006386,CMP0069,2024-11-16,14731,148,220.97
DSP0006387,CMP0069,2024-11-17,15916,133,238.74
DSP0006388,CMP0069,2024-11-18,13816,121,207.24
DSP0006389,CMP0069,2024-11-19,11460,72,171.90
DSP0006390,CMP0069,2024-11-20,15733,165,236.00
DSP0006391,CMP0069,2024-11-21,17026,122,255.40
DSP0006392,CMP0069,2024-11-22,15272,102,229.08
DSP0006393,CMP0069,2024-11-23,12316,130,184.75
DSP0006394,CMP0069,2024-11-24,9559,103,143.39
DSP0006395,CMP0069,2024-11-25,12520,110,187.81
DSP0006396,CMP0069,2024-11-26,13242,122,198.63
DSP0006397,CMP0069,2024-11-27,12270,82,184.05
DSP0006398,CMP0069,2024-11-28,14606,110,219.10
DSP0006399,CMP0069,2024-11-29,10796,122,161.94
DSP0006400,CMP0069,2024-11-30,17160,158,257.41
DSP0006401,CMP0069,2024-12-01,13296,126,199.44
DSP0006402,CMP0069,2024-12-02,9868,103,148.02
DSP0006403,CMP0069,2024-12-03,12746,101,191.19
DSP0006404,CMP0069,2024-12-04,10490,70,157.35
DSP0006405,CMP0069,2024-12-05,15258,155,228.87
DSP0006406,CMP0069,2024-12-06,11788,113,176.82
DSP0006407,CMP0069,2024-12-07,14692,148,220.39
DSP0006408,CMP0069,2024-12-08,10552,96,158.28
DSP0006409,CMP0069,2024-12-09,10672,107,160.09
DSP0006410,CMP0069,2024-12-10,13843,103,207.65
DSP0006411,CMP0069,2024-12-11,16772,139,251.59
DSP0006412,CMP0069,2024-12-12,12923,122,193.85
DSP0006413,CMP0069,2024-12-13,16954,129,254.31
DSP0006414,CMP0069,2024-12-14,11258,85,168.88
DSP0006415,CMP0069,2024-12-15,13486,127,202.30
DSP0006416,CMP0069,2024-12-16,14121,110,211.82
DSP0006417,CMP0069,2024-12-17,10560,92,158.40
DSP0006418,CMP0069,2024-12-18,11663,104,174.95
DSP0006419,CMP0069,2024-12-19,11206,76,168.09
DSP0006420,CMP0069,2024-12-20,14528,142,217.92
DSP0006421,CMP0069,2024-12-21,12980,113,194.71
DSP0006422,CMP0069,2024-12-22,13544,91,203.16
DSP0006423,CMP0069,2024-12-23,9369,75,140.54
DSP0006424,CMP0069,2024-12-24,14108,135,211.62
DSP0006425,CMP0069,2024-12-25,10548,109,158.23
DSP0006426,CMP0069,2024-12-26,14502,118,217.53
DSP0006427,CMP0069,2024-12-27,13111,118,196.67
DSP0006428,CMP0069,2024-12-28,15328,102,229.93
DSP0006429,CMP0069,2024-12-29,15537,104,233.06
DSP0006430,CMP0069,2024-12-30,16017,185,240.26
DSP0006431,CMP0069,2024-12-31,12282,91,184.24
DSP0006432,CMP0069,2025-01-01,10977,115,164.66
DSP0006433,CMP0069,2025-01-02,15938,104,239.07
DSP0006434,CMP0069,2025-01-03,11182,78,167.73
DSP0006435,CMP0069,2025-01-04,14167,148,212.51
DSP0006436,CMP0069,2025-01-05,10556,69,158.34
DSP0006437,CMP0069,2025-01-06,16132,142,241.99
DSP0006438,CMP0069,2025-01-07,11278,108,169.18
DSP0006439,CMP0069,2025-01-08,16453,173,246.80
DSP0006440,CMP0069,2025-01-09,11686,81,175.30
DSP0006441,CMP0069,2025-01-10,15961,157,239.42
DSP0006442,CMP0069,2025-01-11,16396,133,245.95
DSP0006443,CMP0069,2025-01-12,13385,122,200.78
DSP0006444,CMP0069,2025-01-13,16467,115,247.01
DSP0006445,CMP0069,2025-01-14,14374,128,215.62
DSP0006446,CMP0069,2025-01-15,13465,116,201.98
DSP0006447,CMP0069,2025-01-16,11891,137,178.37
DSP0006448,CMP0069,2025-01-17,11167,70,167.51
DSP0006449,CMP0069,2025-01-18,9375,103,140.63
DSP0006450,CMP0069,2025-01-19,14994,98,224.92
DSP0006451,CMP0070,2024-02-18,17201,446,154.81
DSP0006452,CMP0070,2024-02-19,17716,462,159.45
DSP0006453,CMP0070,2024-02-20,21332,441,191.99
DSP0006454,CMP0070,2024-02-21,25267,507,227.41
DSP0006455,CMP0070,2024-02-22,22471,540,202.24
DSP0006456,CMP0070,2024-02-23,20258,597,182.33
DSP0006457,CMP0070,2024-02-24,19160,614,172.44
DSP0006458,CMP0070,2024-02-25,23121,630,208.09
DSP0006459,CMP0070,2024-02-26,15548,420,139.94
DSP0006460,CMP0070,2024-02-27,17997,535,161.98
DSP0006461,CMP0070,2024-02-28,17321,474,155.89
DSP0006462,CMP0070,2024-02-29,17844,530,160.60
DSP0006463,CMP0070,2024-03-01,24058,755,216.53
DSP0006464,CMP0070,2024-03-02,18794,375,169.15
DSP0006465,CMP0070,2024-03-03,15684,288,141.16
DSP0006466,CMP0070,2024-03-04,18985,517,170.87
DSP0006467,CMP0070,2024-03-05,15596,326,140.37
DSP0006468,CMP0070,2024-03-06,21606,458,194.46
DSP0006469,CMP0070,2024-03-07,22910,411,206.19
DSP0006470,CMP0070,2024-03-08,20064,374,180.58
DSP0006471,CMP0070,2024-03-09,15442,331,138.98
DSP0006472,CMP0070,2024-03-10,24661,779,221.95
DSP0006473,CMP0070,2024-03-11,15972,305,143.75
DSP0006474,CMP0070,2024-03-12,13934,287,125.41
DSP0006475,CMP0070,2024-03-13,17552,341,157.97
DSP0006476,CMP0070,2024-03-14,15968,491,143.72
DSP0006477,CMP0070,2024-03-15,14382,391,129.44
DSP0006478,CMP0070,2024-03-16,21352,431,192.17
DSP0006479,CMP0070,2024-03-17,16815,336,151.34
DSP0006480,CMP0070,2024-03-18,19410,468,174.69
DSP0006481,CMP0070,2024-03-19,22613,674,203.52
DSP0006482,CMP0070,2024-03-20,16610,419,149.49
DSP0006483,CMP0070,2024-03-21,22823,733,205.41
DSP0006484,CMP0070,2024-03-22,23815,723,214.34
DSP0006485,CMP0070,2024-03-23,18435,552,165.92
DSP0006486,CMP0070,2024-03-24,24623,491,221.61
DSP0006487,CMP0070,2024-03-25,23508,740,211.58
DSP0006488,CMP0070,2024-03-26,17914,507,161.23
DSP0006489,CMP0070,2024-03-27,15406,497,138.66
DSP0006490,CMP0070,2024-03-28,22307,453,200.77
DSP0006491,CMP0070,2024-03-29,24501,597,220.51
DSP0006492,CMP0070,2024-03-30,16090,447,144.81
DSP0006493,CMP0070,2024-03-31,15024,273,135.22
DSP0006494,CMP0070,2024-04-01,15795,383,142.16
DSP0006495,CMP0070,2024-04-02,19444,389,175.00
DSP0006496,CMP0070,2024-04-03,21620,568,194.58
DSP0006497,CMP0070,2024-04-04,17548,514,157.94
DSP0006498,CMP0070,2024-04-05,14791,413,133.12
DSP0006499,CMP0070,2024-04-06,20468,579,184.22
DSP0006500,CMP0070,2024-04-07,24400,742,219.60
DSP0006501,CMP0070,2024-04-08,17927,398,161.35
DSP0006502,CMP0070,2024-04-09,16235,452,146.12
DSP0006503,CMP0070,2024-04-10,25131,534,226.18
DSP0006504,CMP0070,2024-04-11,20096,416,180.87
DSP0006505,CMP0070,2024-04-12,15788,472,142.10
DSP0006506,CMP0070,2024-04-13,25137,714,226.24
DSP0006507,CMP0070,2024-04-14,19580,525,176.22
DSP0006508,CMP0070,2024-04-15,14367,278,129.31
DSP0006509,CMP0070,2024-04-16,14397,269,129.58
DSP0006510,CMP0070,2024-04-17,15665,499,140.99
DSP0006511,CMP0070,2024-04-18,21802,422,196.22
DSP0006512,CMP0070,2024-04-19,22095,574,198.86
DSP0006513,CMP0070,2024-04-20,15076,450,135.69
DSP0006514,CMP0070,2024-04-21,20260,512,182.34
DSP0006515,CMP0070,2024-04-22,18032,403,162.29
DSP0006516,CMP0070,2024-04-23,20065,507,180.59
DSP0006517,CMP0070,2024-04-24,24762,709,222.86
DSP0006518,CMP0070,2024-04-25,16515,499,148.64
DSP0006519,CMP0070,2024-04-26,19706,475,177.36
DSP0006520,CMP0070,2024-04-27,21981,511,197.83
DSP0006521,CMP0070,2024-04-28,14121,458,127.09
DSP0006522,CMP0070,2024-04-29,20352,461,183.17
DSP0006523,CMP0070,2024-04-30,22883,649,205.95
DSP0006524,CMP0070,2024-05-01,25016,556,225.15
DSP0006525,CMP0070,2024-05-02,25508,713,229.58
DSP0006526,CMP0070,2024-05-03,21824,412,196.42
DSP0006527,CMP0070,2024-05-04,18458,395,166.13
DSP0006528,CMP0070,2024-05-05,14713,430,132.42
DSP0006529,CMP0070,2024-05-06,23288,679,209.60
DSP0006530,CMP0070,2024-05-07,17088,476,153.80
DSP0006531,CMP0070,2024-05-08,25375,704,228.38
DSP0006532,CMP0070,2024-05-09,14900,468,134.10
DSP0006533,CMP0070,2024-05-10,25544,568,229.90
DSP0006534,CMP0070,2024-05-11,20874,616,187.87
DSP0006535,CMP0070,2024-05-12,20540,454,184.86
DSP0006536,CMP0070,2024-05-13,21520,414,193.68
DSP0006537,CMP0070,2024-05-14,17765,330,159.89
DSP0006538,CMP0070,2024-05-15,19735,470,177.62
DSP0006539,CMP0070,2024-05-16,16118,469,145.07
DSP0006540,CMP0070,2024-05-17,25320,696,227.88
DSP0006541,CMP0070,2024-05-18,23937,709,215.44
DSP0006542,CMP0070,2024-05-19,15354,480,138.19
DSP0006543,CMP0070,2024-05-20,23622,585,212.60
DSP0006544,CMP0070,2024-05-21,17362,563,156.26
DSP0006545,CMP0070,2024-05-22,20462,480,184.16
DSP0006546,CMP0070,2024-05-23,19431,574,174.88
DSP0006547,CMP0070,2024-05-24,21501,690,193.51
DSP0006548,CMP0070,2024-05-25,20852,537,187.67
DSP0006549,CMP0071,2023-02-11,51736,2163,931.26
DSP0006550,CMP0071,2023-02-12,40790,1091,734.22
DSP0006551,CMP0071,2023-02-13,34111,1409,614.00
DSP0006552,CMP0071,2023-02-14,47082,2043,847.49
DSP0006553,CMP0071,2023-02-15,50866,1557,915.60
DSP0006554,CMP0071,2023-02-16,34828,1419,626.91
DSP0006555,CMP0071,2023-02-17,36446,1231,656.03
DSP0006556,CMP0071,2023-02-18,31788,1046,572.20
DSP0006557,CMP0071,2023-02-19,35686,1183,642.35
DSP0006558,CMP0071,2023-02-20,40502,1662,729.05
DSP0006559,CMP0071,2023-02-21,31557,1141,568.03
DSP0006560,CMP0071,2023-02-22,51198,1872,921.58
DSP0006561,CMP0071,2023-02-23,33667,1103,606.02
DSP0006562,CMP0071,2023-02-24,42249,1081,760.49
DSP0006563,CMP0071,2023-02-25,47296,1492,851.33
DSP0006564,CMP0071,2023-02-26,34005,1004,612.09
DSP0006565,CMP0071,2023-02-27,33022,893,594.40
DSP0006566,CMP0071,2023-02-28,30607,1101,550.94
DSP0006567,CMP0071,2023-03-01,30587,1210,550.58
DSP0006568,CMP0071,2023-03-02,38631,1619,695.37
DSP0006569,CMP0071,2023-03-03,39912,1621,718.42
DSP0006570,CMP0071,2023-03-04,36437,1491,655.88
DSP0006571,CMP0071,2023-03-05,32428,1366,583.72
DSP0006572,CMP0071,2023-03-06,38686,1727,696.35
DSP0006573,CMP0071,2023-03-07,36797,1374,662.35
DSP0006574,CMP0071,2023-03-08,39234,1513,706.22
DSP0006575,CMP0071,2023-03-09,29980,997,539.65
DSP0006576,CMP0071,2023-03-10,49755,2236,895.59
DSP0006577,CMP0071,2023-03-11,48800,1381,878.41
DSP0006578,CMP0071,2023-03-12,42902,1100,772.25
DSP0006579,CMP0071,2023-03-13,32082,1177,577.49
DSP0006580,CMP0071,2023-03-14,45266,1974,814.80
DSP0006581,CMP0071,2023-03-15,45851,1139,825.33
DSP0006582,CMP0071,2023-03-16,38376,1179,690.77
DSP0006583,CMP0071,2023-03-17,47388,1187,852.99
DSP0006584,CMP0071,2023-03-18,38524,1031,693.44
DSP0006585,CMP0071,2023-03-19,29337,1150,528.07
DSP0006586,CMP0071,2023-03-20,41221,1252,741.98
DSP0006587,CMP0071,2023-03-21,41702,1474,750.64
DSP0006588,CMP0071,2023-03-22,29900,1197,538.20
DSP0006589,CMP0071,2023-03-23,42547,1176,765.85
DSP0006590,CMP0071,2023-03-24,46500,1525,837.00
DSP0006591,CMP0071,2023-03-25,32807,1457,590.53
DSP0006592,CMP0071,2023-03-26,33595,1016,604.71
DSP0006593,CMP0071,2023-03-27,34765,1464,625.77
DSP0006594,CMP0071,2023-03-28,39349,1365,708.29
DSP0006595,CMP0071,2023-03-29,49450,1934,890.11
DSP0006596,CMP0071,2023-03-30,42253,1733,760.56
DSP0006597,CMP0071,2023-03-31,29037,1131,522.67
DSP0006598,CMP0071,2023-04-01,48828,2096,878.92
DSP0006599,CMP0071,2023-04-02,34587,969,622.58
DSP0006600,CMP0071,2023-04-03,29531,960,531.57
DSP0006601,CMP0071,2023-04-04,45712,1472,822.82
DSP0006602,CMP0071,2023-04-05,39992,1386,719.87
DSP0006603,CMP0071,2023-04-06,52487,2111,944.77
DSP0006604,CMP0071,2023-04-07,33638,1381,605.49
DSP0006605,CMP0071,2023-04-08,47412,1807,853.42
DSP0006606,CMP0071,2023-04-09,48849,1437,879.29
DSP0006607,CMP0071,2023-04-10,41295,1368,743.31
DSP0006608,CMP0071,2023-04-11,48890,1406,880.02
DSP0006609,CMP0071,2023-04-12,35054,1382,630.98
DSP0006610,CMP0071,2023-04-13,31558,1339,568.06
DSP0006611,CMP0071,2023-04-14,46271,1921,832.89
DSP0006612,CMP0071,2023-04-15,36173,1465,651.13
DSP0006613,CMP0071,2023-04-16,42146,1245,758.64
DSP0006614,CMP0071,2023-04-17,43843,1624,789.19
DSP0006615,CMP0071,2023-04-18,50641,1869,911.55
DSP0006616,CMP0071,2023-04-19,29402,881,529.24
DSP0006617,CMP0071,2023-04-20,53311,1893,959.61
DSP0006618,CMP0071,2023-04-21,43166,1548,776.99
DSP0006619,CMP0071,2023-04-22,30461,1027,548.31
DSP0006620,CMP0071,2023-04-23,30070,1181,541.27
DSP0006621,CMP0071,2023-04-24,40558,1173,730.05
DSP0006622,CMP0071,2023-04-25,49588,1848,892.59
DSP0006623,CMP0071,2023-04-26,52934,1433,952.82
DSP0006624,CMP0071,2023-04-27,30588,971,550.59
DSP0006625,CMP0071,2023-04-28,30212,1049,543.82
DSP0006626,CMP0071,2023-04-29,49028,1278,882.52
DSP0006627,CMP0071,2023-04-30,44849,1976,807.29
DSP0006628,CMP0071,2023-05-01,43733,1558,787.20
DSP0006629,CMP0071,2023-05-02,34628,1565,623.32
DSP0006630,CMP0071,2023-05-03,42587,1685,766.57
DSP0006631,CMP0071,2023-05-04,39883,1336,717.90
DSP0006632,CMP0071,2023-05-05,29727,973,535.09
DSP0006633,CMP0071,2023-05-06,31044,1301,558.80
DSP0006634,CMP0071,2023-05-07,50611,1859,911.01
DSP0006635,CMP0071,2023-05-08,30841,1292,555.14
DSP0006636,CMP0072,2024-10-24,75744,1018,833.19
DSP0006637,CMP0072,2024-10-25,59319,1304,652.51
DSP0006638,CMP0072,2024-10-26,62410,964,686.51
DSP0006639,CMP0072,2024-10-27,65877,1395,724.65
DSP0006640,CMP0072,2024-10-28,44970,654,494.68
DSP0006641,CMP0072,2024-10-29,71775,1380,789.53
DSP0006642,CMP0072,2024-10-30,48215,722,530.37
DSP0006643,CMP0072,2024-10-31,73162,1611,804.79
DSP0006644,CMP0072,2024-11-01,50118,1064,551.30
DSP0006645,CMP0072,2024-11-02,72411,1211,796.53
DSP0006646,CMP0072,2024-11-03,71438,1326,785.82
DSP0006647,CMP0072,2024-11-04,53800,1250,591.80
DSP0006648,CMP0072,2024-11-05,51667,1048,568.34
DSP0006649,CMP0072,2024-11-06,54409,875,598.50
DSP0006650,CMP0072,2024-11-07,54233,1096,596.57
DSP0006651,CMP0072,2024-11-08,78692,1583,865.62
DSP0006652,CMP0072,2024-11-09,67969,914,747.66
DSP0006653,CMP0072,2024-11-10,62746,1063,690.21
DSP0006654,CMP0072,2024-11-11,57403,814,631.44
DSP0006655,CMP0072,2024-11-12,45498,795,500.48
DSP0006656,CMP0072,2024-11-13,58225,1355,640.48
DSP0006657,CMP0072,2024-11-14,49504,711,544.55
DSP0006658,CMP0072,2024-11-15,72079,1017,792.87
DSP0006659,CMP0072,2024-11-16,52857,831,581.43
DSP0006660,CMP0072,2024-11-17,51149,791,562.64
DSP0006661,CMP0072,2024-11-18,46388,720,510.27
DSP0006662,CMP0072,2024-11-19,60073,994,660.81
DSP0006663,CMP0072,2024-11-20,74331,1368,817.65
DSP0006664,CMP0072,2024-11-21,47870,672,526.57
DSP0006665,CMP0072,2024-11-22,47719,649,524.91
DSP0006666,CMP0072,2024-11-23,53460,698,588.06
DSP0006667,CMP0072,2024-11-24,56839,1228,625.23
DSP0006668,CMP0072,2024-11-25,50248,921,552.73
DSP0006669,CMP0072,2024-11-26,73710,1237,810.82
DSP0006670,CMP0072,2024-11-27,76219,1295,838.41
DSP0006671,CMP0072,2024-11-28,54949,1264,604.44
DSP0006672,CMP0072,2024-11-29,62091,788,683.01
DSP0006673,CMP0072,2024-11-30,52511,804,577.63
DSP0006674,CMP0072,2024-12-01,70952,1122,780.48
DSP0006675,CMP0072,2024-12-02,50926,1066,560.19
DSP0006676,CMP0072,2024-12-03,74340,1208,817.75
DSP0006677,CMP0072,2024-12-04,49650,1063,546.16
DSP0006678,CMP0072,2024-12-05,53084,1046,583.93
DSP0006679,CMP0072,2024-12-06,77648,1052,854.13
DSP0006680,CMP0072,2024-12-07,77476,1711,852.24
DSP0006681,CMP0072,2024-12-08,50733,924,558.07
DSP0006682,CMP0072,2024-12-09,59974,1096,659.72
DSP0006683,CMP0072,2024-12-10,51356,699,564.92
DSP0006684,CMP0072,2024-12-11,78281,1381,861.10
DSP0006685,CMP0072,2024-12-12,69363,1176,763.00
DSP0006686,CMP0072,2024-12-13,52873,923,581.61
DSP0006687,CMP0072,2024-12-14,59606,943,655.67
DSP0006688,CMP0072,2024-12-15,62741,1093,690.16
DSP0006689,CMP0072,2024-12-16,44900,622,493.90
DSP0006690,CMP0072,2024-12-17,63724,1427,700.97
DSP0006691,CMP0072,2024-12-18,62803,1315,690.84
DSP0006692,CMP0073,2023-03-09,99109,612,644.21
DSP0006693,CMP0073,2023-03-10,101736,532,661.29
DSP0006694,CMP0073,2023-03-11,92786,465,603.11
DSP0006695,CMP0073,2023-03-12,111186,528,722.71
DSP0006696,CMP0073,2023-03-13,70603,374,458.92
DSP0006697,CMP0073,2023-03-14,99069,625,643.95
DSP0006698,CMP0073,2023-03-15,93850,678,610.03
DSP0006699,CMP0073,2023-03-16,65666,500,426.83
DSP0006700,CMP0073,2023-03-17,74256,484,482.67
DSP0006701,CMP0073,2023-03-18,107846,829,701.00
DSP0006702,CMP0073,2023-03-19,90149,430,585.97
DSP0006703,CMP0073,2023-03-20,73201,445,475.81
DSP0006704,CMP0073,2023-03-21,97855,691,636.06
DSP0006705,CMP0073,2023-03-22,62623,308,407.05
DSP0006706,CMP0073,2023-03-23,61989,309,402.93
DSP0006707,CMP0073,2023-03-24,101400,574,659.10
DSP0006708,CMP0073,2023-03-25,94240,508,612.56
DSP0006709,CMP0073,2023-03-26,79335,595,515.68
DSP0006710,CMP0073,2023-03-27,101144,687,657.44
DSP0006711,CMP0073,2023-03-28,82972,563,539.32
DSP0006712,CMP0073,2023-03-29,67116,301,436.26
DSP0006713,CMP0073,2023-03-30,106413,750,691.69
DSP0006714,CMP0073,2023-03-31,97483,417,633.64
DSP0006715,CMP0073,2023-04-01,84456,611,548.97
DSP0006716,CMP0073,2023-04-02,104636,692,680.14
DSP0006717,CMP0073,2023-04-03,108449,578,704.92
DSP0006718,CMP0073,2023-04-04,106926,586,695.02
DSP0006719,CMP0073,2023-04-05,79738,435,518.30
DSP0006720,CMP0073,2023-04-06,88586,646,575.81
DSP0006721,CMP0073,2023-04-07,90858,659,590.58
DSP0006722,CMP0073,2023-04-08,76256,508,495.67
DSP0006723,CMP0073,2023-04-09,60884,290,395.75
DSP0006724,CMP0073,2023-04-10,64761,460,420.95
DSP0006725,CMP0073,2023-04-11,99221,688,644.94
DSP0006726,CMP0073,2023-04-12,93623,402,608.55
DSP0006727,CMP0073,2023-04-13,110638,469,719.15
DSP0006728,CMP0073,2023-04-14,71333,554,463.67
DSP0006729,CMP0073,2023-04-15,74267,495,482.74
DSP0006730,CMP0073,2023-04-16,62609,484,406.96
DSP0006731,CMP0073,2023-04-17,67101,344,436.16
DSP0006732,CMP0073,2023-04-18,92890,424,603.79
DSP0006733,CMP0073,2023-04-19,66226,352,430.47
DSP0006734,CMP0073,2023-04-20,81735,402,531.28
DSP0006735,CMP0073,2023-04-21,68121,482,442.79
DSP0006736,CMP0073,2023-04-22,108553,677,705.60
DSP0006737,CMP0073,2023-04-23,85861,389,558.10
DSP0006738,CMP0073,2023-04-24,98806,563,642.24
DSP0006739,CMP0073,2023-04-25,67193,433,436.76
DSP0006740,CMP0073,2023-04-26,70318,415,457.07
DSP0006741,CMP0073,2023-04-27,100518,697,653.37
DSP0006742,CMP0073,2023-04-28,77246,391,502.10
DSP0006743,CMP0073,2023-04-29,86635,378,563.13
DSP0006744,CMP0073,2023-04-30,66027,490,429.18
DSP0006745,CMP0073,2023-05-01,69644,530,452.69
DSP0006746,CMP0073,2023-05-02,62207,325,404.35
DSP0006747,CMP0073,2023-05-03,69349,352,450.77
DSP0006748,CMP0073,2023-05-04,91229,696,592.99
DSP0006749,CMP0073,2023-05-05,60396,366,392.58
DSP0006750,CMP0073,2023-05-06,105712,697,687.13
DSP0006751,CMP0073,2023-05-07,81483,558,529.64
DSP0006752,CMP0073,2023-05-08,99806,694,648.74
DSP0006753,CMP0073,2023-05-09,110186,538,716.21
DSP0006754,CMP0073,2023-05-10,81526,351,529.92
DSP0006755,CMP0073,2023-05-11,78820,364,512.33
DSP0006756,CMP0073,2023-05-12,66810,402,434.27
DSP0006757,CMP0073,2023-05-13,94464,726,614.02
DSP0006758,CMP0073,2023-05-14,67910,369,441.42
DSP0006759,CMP0073,2023-05-15,105821,801,687.84
DSP0006760,CMP0073,2023-05-16,111063,654,721.91
DSP0006761,CMP0073,2023-05-17,85692,645,557.00
DSP0006762,CMP0073,2023-05-18,108726,578,706.72
DSP0006763,CMP0073,2023-05-19,71163,406,462.56
DSP0006764,CMP0073,2023-05-20,81606,444,530.44
DSP0006765,CMP0073,2023-05-21,89183,440,579.69
DSP0006766,CMP0073,2023-05-22,60910,379,395.92
DSP0006767,CMP0073,2023-05-23,76212,395,495.38
DSP0006768,CMP0073,2023-05-24,86529,403,562.44
DSP0006769,CMP0073,2023-05-25,63893,282,415.31
DSP0006770,CMP0073,2023-05-26,66944,418,435.14
DSP0006771,CMP0073,2023-05-27,79861,492,519.10
DSP0006772,CMP0073,2023-05-28,104869,447,681.65
DSP0006773,CMP0073,2023-05-29,74855,396,486.56
DSP0006774,CMP0073,2023-05-30,102533,492,666.47
DSP0006775,CMP0073,2023-05-31,108046,751,702.30
DSP0006776,CMP0073,2023-06-01,80936,584,526.09
DSP0006777,CMP0073,2023-06-02,83013,394,539.59
DSP0006778,CMP0073,2023-06-03,98161,516,638.05
DSP0006779,CMP0073,2023-06-04,73729,450,479.24
DSP0006780,CMP0073,2023-06-05,88740,668,576.81
DSP0006781,CMP0073,2023-06-06,87627,393,569.58
DSP0006782,CMP0073,2023-06-07,69578,304,452.26
DSP0006783,CMP0073,2023-06-08,106546,453,692.55
DSP0006784,CMP0073,2023-06-09,108380,733,704.47
DSP0006785,CMP0073,2023-06-10,85080,392,553.02
DSP0006786,CMP0073,2023-06-11,89129,526,579.34
DSP0006787,CMP0073,2023-06-12,68486,332,445.16
DSP0006788,CMP0073,2023-06-13,106284,723,690.85
DSP0006789,CMP0073,2023-06-14,104775,503,681.04
DSP0006790,CMP0073,2023-06-15,94775,494,616.04
DSP0006791,CMP0073,2023-06-16,73401,337,477.11
DSP0006792,CMP0073,2023-06-17,93260,634,606.19
DSP0006793,CMP0073,2023-06-18,104012,559,676.08
DSP0006794,CMP0073,2023-06-19,98086,637,637.56
DSP0006795,CMP0073,2023-06-20,102360,607,665.34
DSP0006796,CMP0073,2023-06-21,61255,330,398.16
DSP0006797,CMP0073,2023-06-22,62258,374,404.68
DSP0006798,CMP0073,2023-06-23,102372,547,665.42
DSP0006799,CMP0073,2023-06-24,83816,620,544.81
DSP0006800,CMP0073,2023-06-25,84481,567,549.13
DSP0006801,CMP0073,2023-06-26,97240,706,632.06
DSP0006802,CMP0073,2023-06-27,81130,488,527.35
DSP0006803,CMP0073,2023-06-28,104455,483,678.96
DSP0006804,CMP0073,2023-06-29,104900,785,681.85
DSP0006805,CMP0073,2023-06-30,65818,436,427.82
DSP0006806,CMP0073,2023-07-01,69121,401,449.29
DSP0006807,CMP0073,2023-07-02,75749,331,492.37
DSP0006808,CMP0074,2023-04-17,31053,362,465.80
DSP0006809,CMP0074,2023-04-18,35718,304,535.78
DSP0006810,CMP0074,2023-04-19,33447,300,501.71
DSP0006811,CMP0074,2023-04-20,38037,359,570.56
DSP0006812,CMP0074,2023-04-21,35658,408,534.87
DSP0006813,CMP0074,2023-04-22,37361,278,560.42
DSP0006814,CMP0074,2023-04-23,42059,316,630.89
DSP0006815,CMP0074,2023-04-24,41612,288,624.18
DSP0006816,CMP0074,2023-04-25,40106,417,601.59
DSP0006817,CMP0074,2023-04-26,40027,397,600.41
DSP0006818,CMP0074,2023-04-27,30653,323,459.80
DSP0006819,CMP0074,2023-04-28,26979,176,404.69
DSP0006820,CMP0074,2023-04-29,28501,274,427.52
DSP0006821,CMP0074,2023-04-30,40036,390,600.54
DSP0006822,CMP0074,2023-05-01,43578,489,653.68
DSP0006823,CMP0074,2023-05-02,37516,413,562.74
DSP0006824,CMP0074,2023-05-03,27816,319,417.25
DSP0006825,CMP0074,2023-05-04,42237,339,633.56
DSP0006826,CMP0074,2023-05-05,41404,452,621.07
DSP0006827,CMP0074,2023-05-06,26252,284,393.78
DSP0006828,CMP0074,2023-05-07,28415,305,426.23
DSP0006829,CMP0074,2023-05-08,35186,311,527.80
DSP0006830,CMP0074,2023-05-09,38986,317,584.79
DSP0006831,CMP0074,2023-05-10,31711,245,475.67
DSP0006832,CMP0074,2023-05-11,39124,421,586.86
DSP0006833,CMP0074,2023-05-12,28027,208,420.41
DSP0006834,CMP0074,2023-05-13,30016,292,450.25
DSP0006835,CMP0074,2023-05-14,29437,221,441.56
DSP0006836,CMP0074,2023-05-15,42654,491,639.82
DSP0006837,CMP0074,2023-05-16,28270,289,424.06
DSP0006838,CMP0074,2023-05-17,34645,255,519.68
DSP0006839,CMP0074,2023-05-18,43878,444,658.17
DSP0006840,CMP0074,2023-05-19,43610,352,654.16
DSP0006841,CMP0074,2023-05-20,39604,421,594.06
DSP0006842,CMP0074,2023-05-21,33158,386,497.38
DSP0006843,CMP0074,2023-05-22,40948,408,614.23
DSP0006844,CMP0074,2023-05-23,36775,400,551.63
DSP0006845,CMP0074,2023-05-24,35948,413,539.22
DSP0006846,CMP0074,2023-05-25,37080,380,556.21
DSP0006847,CMP0074,2023-05-26,31963,317,479.45
DSP0006848,CMP0074,2023-05-27,32420,216,486.30
DSP0006849,CMP0074,2023-05-28,24163,158,362.45
DSP0006850,CMP0074,2023-05-29,31666,249,475.00
DSP0006851,CMP0074,2023-05-30,39700,373,595.51
DSP0006852,CMP0074,2023-05-31,29544,194,443.16
DSP0006853,CMP0074,2023-06-01,39978,448,599.67
DSP0006854,CMP0074,2023-06-02,27202,298,408.04
DSP0006855,CMP0074,2023-06-03,37667,383,565.01
DSP0006856,CMP0074,2023-06-04,24298,274,364.48
DSP0006857,CMP0074,2023-06-05,24514,158,367.71
DSP0006858,CMP0075,2023-03-07,39616,1078,356.55
DSP0006859,CMP0075,2023-03-08,32051,1010,288.46
DSP0006860,CMP0075,2023-03-09,34717,864,312.46
DSP0006861,CMP0075,2023-03-10,43525,1381,391.73
DSP0006862,CMP0075,2023-03-11,28136,693,253.23
DSP0006863,CMP0075,2023-03-12,31803,996,286.23
DSP0006864,CMP0075,2023-03-13,42068,924,378.62
DSP0006865,CMP0075,2023-03-14,38837,1205,349.54
DSP0006866,CMP0075,2023-03-15,28516,694,256.65
DSP0006867,CMP0075,2023-03-16,44127,1382,397.15
DSP0006868,CMP0075,2023-03-17,44357,990,399.22
DSP0006869,CMP0075,2023-03-18,35070,793,315.63
DSP0006870,CMP0075,2023-03-19,37794,700,340.15
DSP0006871,CMP0075,2023-03-20,45726,1044,411.54
DSP0006872,CMP0075,2023-03-21,41865,822,376.79
DSP0006873,CMP0075,2023-03-22,30515,793,274.64
DSP0006874,CMP0075,2023-03-23,40930,1132,368.37
DSP0006875,CMP0075,2023-03-24,39703,845,357.33
DSP0006876,CMP0075,2023-03-25,36488,1111,328.40
DSP0006877,CMP0075,2023-03-26,35827,886,322.45
DSP0006878,CMP0075,2023-03-27,28871,874,259.84
DSP0006879,CMP0075,2023-03-28,39892,1159,359.03
DSP0006880,CMP0075,2023-03-29,41682,1014,375.14
DSP0006881,CMP0075,2023-03-30,42543,1132,382.89
DSP0006882,CMP0075,2023-03-31,30476,757,274.29
DSP0006883,CMP0075,2023-04-01,36298,722,326.69
DSP0006884,CMP0075,2023-04-02,26637,598,239.74
DSP0006885,CMP0075,2023-04-03,42764,919,384.88
DSP0006886,CMP0075,2023-04-04,37333,685,336.00
DSP0006887,CMP0075,2023-04-05,37311,1160,335.80
DSP0006888,CMP0075,2023-04-06,36007,959,324.07
DSP0006889,CMP0075,2023-04-07,33074,700,297.67
DSP0006890,CMP0075,2023-04-08,28752,572,258.77
DSP0006891,CMP0075,2023-04-09,28045,575,252.41
DSP0006892,CMP0075,2023-04-10,34045,952,306.41
DSP0006893,CMP0075,2023-04-11,28430,667,255.87
DSP0006894,CMP0075,2023-04-12,32105,1006,288.95
DSP0006895,CMP0075,2023-04-13,32413,640,291.72
DSP0006896,CMP0075,2023-04-14,40738,1069,366.65
DSP0006897,CMP0075,2023-04-15,36885,1140,331.97
DSP0006898,CMP0075,2023-04-16,46664,949,419.98
DSP0006899,CMP0075,2023-04-17,30646,566,275.82
DSP0006900,CMP0075,2023-04-18,33214,675,298.93
DSP0006901,CMP0075,2023-04-19,34271,841,308.44
DSP0006902,CMP0075,2023-04-20,32787,742,295.09
DSP0006903,CMP0075,2023-04-21,29934,834,269.41
DSP0006904,CMP0075,2023-04-22,30480,866,274.32
DSP0006905,CMP0075,2023-04-23,46357,1003,417.22
DSP0006906,CMP0075,2023-04-24,42215,1022,379.94
DSP0006907,CMP0075,2023-04-25,46074,867,414.67
DSP0006908,CMP0075,2023-04-26,31002,908,279.02
DSP0006909,CMP0075,2023-04-27,25803,485,232.23
DSP0006910,CMP0075,2023-04-28,32895,809,296.06
DSP0006911,CMP0075,2023-04-29,26123,694,235.11
DSP0006912,CMP0075,2023-04-30,41628,868,374.66
DSP0006913,CMP0075,2023-05-01,34595,875,311.36
DSP0006914,CMP0075,2023-05-02,46812,945,421.31
DSP0006915,CMP0075,2023-05-03,32586,1005,293.28
DSP0006916,CMP0075,2023-05-04,46076,1440,414.69
DSP0006917,CMP0075,2023-05-05,46812,1142,421.31
DSP0006918,CMP0075,2023-05-06,34678,694,312.11
DSP0006919,CMP0075,2023-05-07,36147,990,325.33
DSP0006920,CMP0075,2023-05-08,46968,1127,422.72
DSP0006921,CMP0075,2023-05-09,27137,769,244.24
DSP0006922,CMP0075,2023-05-10,35183,1093,316.65
DSP0006923,CMP0075,2023-05-11,37340,1098,336.06
DSP0006924,CMP0075,2023-05-12,38083,1104,342.75
DSP0006925,CMP0075,2023-05-13,31960,685,287.64
DSP0006926,CMP0075,2023-05-14,44852,1057,403.67
DSP0006927,CMP0075,2023-05-15,27710,808,249.39
DSP0006928,CMP0075,2023-05-16,40285,990,362.57
DSP0006929,CMP0076,2024-04-09,28376,719,510.77
DSP0006930,CMP0076,2024-04-10,29976,1304,539.58
DSP0006931,CMP0076,2024-04-11,41107,1574,739.93
DSP0006932,CMP0076,2024-04-12,26856,691,483.41
DSP0006933,CMP0076,2024-04-13,30426,1263,547.68
DSP0006934,CMP0076,2024-04-14,35213,1453,633.84
DSP0006935,CMP0076,2024-04-15,42675,1476,768.15
DSP0006936,CMP0076,2024-04-16,40795,1420,734.32
DSP0006937,CMP0076,2024-04-17,28023,958,504.43
DSP0006938,CMP0076,2024-04-18,42744,1820,769.40
DSP0006939,CMP0076,2024-04-19,31723,865,571.03
DSP0006940,CMP0076,2024-04-20,31120,763,560.17
DSP0006941,CMP0076,2024-04-21,24787,894,446.17
DSP0006942,CMP0076,2024-04-22,25932,734,466.79
DSP0006943,CMP0076,2024-04-23,30855,1072,555.40
DSP0006944,CMP0076,2024-04-24,27940,1240,502.93
DSP0006945,CMP0076,2024-04-25,28980,722,521.65
DSP0006946,CMP0076,2024-04-26,34573,974,622.32
DSP0006947,CMP0076,2024-04-27,42989,1444,773.81
DSP0006948,CMP0076,2024-04-28,42828,1850,770.92
DSP0006949,CMP0076,2024-04-29,30415,824,547.48
DSP0006950,CMP0076,2024-04-30,44440,1253,799.92
DSP0006951,CMP0076,2024-05-01,24732,1005,445.19
DSP0006952,CMP0076,2024-05-02,26291,1079,473.24
DSP0006953,CMP0076,2024-05-03,39756,1727,715.61
DSP0006954,CMP0076,2024-05-04,35738,1056,643.30
DSP0006955,CMP0076,2024-05-05,29425,986,529.66
DSP0006956,CMP0076,2024-05-06,27894,973,502.10
DSP0006957,CMP0076,2024-05-07,24708,1103,444.76
DSP0006958,CMP0076,2024-05-08,42727,1083,769.09
DSP0006959,CMP0076,2024-05-09,26926,1134,484.68
DSP0006960,CMP0076,2024-05-10,38213,951,687.85
DSP0006961,CMP0076,2024-05-11,40460,1179,728.29
DSP0006962,CMP0076,2024-05-12,26905,973,484.30
DSP0006963,CMP0076,2024-05-13,26471,854,476.49
DSP0006964,CMP0076,2024-05-14,30833,979,555.00
DSP0006965,CMP0076,2024-05-15,39478,1563,710.61
DSP0006966,CMP0076,2024-05-16,42848,1770,771.27
DSP0006967,CMP0076,2024-05-17,42352,1880,762.34
DSP0006968,CMP0076,2024-05-18,36187,1448,651.37
DSP0006969,CMP0076,2024-05-19,27845,735,501.22
DSP0006970,CMP0076,2024-05-20,36878,1074,663.81
DSP0006971,CMP0076,2024-05-21,28320,1000,509.76
DSP0006972,CMP0076,2024-05-22,43131,1082,776.36
DSP0006973,CMP0076,2024-05-23,27946,840,503.04
DSP0006974,CMP0076,2024-05-24,44110,1676,793.99
DSP0006975,CMP0076,2024-05-25,30030,1280,540.55
DSP0006976,CMP0076,2024-05-26,44749,1451,805.49
DSP0006977,CMP0076,2024-05-27,35038,906,630.69
DSP0006978,CMP0076,2024-05-28,44146,1685,794.64
DSP0006979,CMP0076,2024-05-29,43983,1582,791.71
DSP0006980,CMP0076,2024-05-30,34365,1268,618.58
DSP0006981,CMP0076,2024-05-31,28735,783,517.23
DSP0006982,CMP0076,2024-06-01,34028,1495,612.52
DSP0006983,CMP0076,2024-06-02,44366,1955,798.60
DSP0006984,CMP0076,2024-06-03,41321,1420,743.78
DSP0006985,CMP0076,2024-06-04,38573,1418,694.33
DSP0006986,CMP0076,2024-06-05,26957,690,485.23
DSP0006987,CMP0076,2024-06-06,25002,886,450.04
DSP0006988,CMP0076,2024-06-07,41302,1680,743.45
DSP0006989,CMP0076,2024-06-08,38977,1549,701.60
DSP0006990,CMP0076,2024-06-09,35737,1275,643.28
DSP0006991,CMP0076,2024-06-10,26941,1032,484.95
DSP0006992,CMP0076,2024-06-11,42878,1640,771.81
DSP0006993,CMP0076,2024-06-12,27550,847,495.91
DSP0006994,CMP0076,2024-06-13,31551,783,567.93
DSP0006995,CMP0077,2025-05-25,12377,234,136.15
DSP0006996,CMP0077,2025-05-26,8346,129,91.81
DSP0006997,CMP0077,2025-05-27,14282,256,157.11
DSP0006998,CMP0077,2025-05-28,11952,270,131.48
DSP0006999,CMP0077,2025-05-29,8984,144,98.83
DSP0007000,CMP0077,2025-05-30,10453,181,114.99
DSP0007001,CMP0077,2025-05-31,9835,164,108.19
DSP0007002,CMP0077,2025-06-01,13380,280,147.18
DSP0007003,CMP0077,2025-06-02,12357,198,135.93
DSP0007004,CMP0077,2025-06-03,11424,252,125.67
DSP0007005,CMP0077,2025-06-04,8266,183,90.93
DSP0007006,CMP0077,2025-06-05,11502,206,126.53
DSP0007007,CMP0077,2025-06-06,14543,269,159.98
DSP0007008,CMP0077,2025-06-07,13098,169,144.08
DSP0007009,CMP0077,2025-06-08,13531,180,148.85
DSP0007010,CMP0077,2025-06-09,9989,211,109.88
DSP0007011,CMP0077,2025-06-10,12066,161,132.73
DSP0007012,CMP0077,2025-06-11,11957,207,131.53
DSP0007013,CMP0077,2025-06-12,14724,290,161.97
DSP0007014,CMP0077,2025-06-13,14021,231,154.24
DSP0007015,CMP0077,2025-06-14,11414,150,125.56
DSP0007016,CMP0077,2025-06-15,11626,157,127.89
DSP0007017,CMP0077,2025-06-16,10640,203,117.05
DSP0007018,CMP0077,2025-06-17,9414,132,103.56
DSP0007019,CMP0077,2025-06-18,10480,163,115.29
DSP0007020,CMP0077,2025-06-19,10335,174,113.69
DSP0007021,CMP0077,2025-06-20,10949,210,120.44
DSP0007022,CMP0077,2025-06-21,9189,149,101.08
DSP0007023,CMP0077,2025-06-22,14096,225,155.06
DSP0007024,CMP0077,2025-06-23,12309,204,135.40
DSP0007025,CMP0077,2025-06-24,12070,251,132.78
DSP0007026,CMP0077,2025-06-25,9098,183,100.08
DSP0007027,CMP0077,2025-06-26,11811,187,129.93
DSP0007028,CMP0077,2025-06-27,9792,149,107.72
DSP0007029,CMP0077,2025-06-28,14540,279,159.95
DSP0007030,CMP0077,2025-06-29,12625,274,138.88
DSP0007031,CMP0077,2025-06-30,9130,185,100.44
DSP0007032,CMP0077,2025-07-01,10741,135,118.16
DSP0007033,CMP0077,2025-07-02,10250,231,112.75
DSP0007034,CMP0077,2025-07-03,10579,201,116.37
DSP0007035,CMP0077,2025-07-04,12190,251,134.09
DSP0007036,CMP0077,2025-07-05,11420,198,125.62
DSP0007037,CMP0077,2025-07-06,13472,181,148.20
DSP0007038,CMP0077,2025-07-07,8542,116,93.97
DSP0007039,CMP0077,2025-07-08,14099,240,155.09
DSP0007040,CMP0077,2025-07-09,13767,210,151.44
DSP0007041,CMP0077,2025-07-10,8853,163,97.39
DSP0007042,CMP0077,2025-07-11,8870,117,97.58
DSP0007043,CMP0077,2025-07-12,13680,258,150.48
DSP0007044,CMP0077,2025-07-13,14778,235,162.56
DSP0007045,CMP0077,2025-07-14,13770,317,151.48
DSP0007046,CMP0077,2025-07-15,13538,282,148.92
DSP0007047,CMP0077,2025-07-16,10391,186,114.31
DSP0007048,CMP0077,2025-07-17,12420,175,136.63
DSP0007049,CMP0077,2025-07-18,11735,238,129.09
DSP0007050,CMP0077,2025-07-19,11196,166,123.16
DSP0007051,CMP0077,2025-07-20,10320,149,113.52
DSP0007052,CMP0077,2025-07-21,13110,200,144.22
DSP0007053,CMP0077,2025-07-22,12466,167,137.13
DSP0007054,CMP0077,2025-07-23,8272,141,91.00
DSP0007055,CMP0077,2025-07-24,9519,208,104.71
DSP0007056,CMP0077,2025-07-25,9276,186,102.04
DSP0007057,CMP0077,2025-07-26,8758,175,96.34
DSP0007058,CMP0077,2025-07-27,12587,293,138.46
DSP0007059,CMP0077,2025-07-28,12567,284,138.24
DSP0007060,CMP0077,2025-07-29,8056,113,88.62
DSP0007061,CMP0077,2025-07-30,13933,244,153.27
DSP0007062,CMP0077,2025-07-31,10465,221,115.12
DSP0007063,CMP0077,2025-08-01,10209,186,112.30
DSP0007064,CMP0077,2025-08-02,12674,187,139.42
DSP0007065,CMP0077,2025-08-03,8590,136,94.50
DSP0007066,CMP0077,2025-08-04,12846,299,141.31
DSP0007067,CMP0077,2025-08-05,9610,216,105.71
DSP0007068,CMP0077,2025-08-06,9085,172,99.94
DSP0007069,CMP0077,2025-08-07,13421,258,147.64
DSP0007070,CMP0077,2025-08-08,11944,276,131.39
DSP0007071,CMP0077,2025-08-09,14387,334,158.26
DSP0007072,CMP0077,2025-08-10,11352,195,124.88
DSP0007073,CMP0077,2025-08-11,14702,283,161.73
DSP0007074,CMP0077,2025-08-12,9850,203,108.35
DSP0007075,CMP0077,2025-08-13,8171,107,89.89
DSP0007076,CMP0077,2025-08-14,12401,206,136.42
DSP0007077,CMP0077,2025-08-15,10987,168,120.86
DSP0007078,CMP0077,2025-08-16,12132,224,133.46
DSP0007079,CMP0077,2025-08-17,11227,243,123.50
DSP0007080,CMP0077,2025-08-18,9076,167,99.84
DSP0007081,CMP0077,2025-08-19,8576,125,94.34
DSP0007082,CMP0077,2025-08-20,10987,208,120.86
DSP0007083,CMP0077,2025-08-21,9796,228,107.76
DSP0007084,CMP0077,2025-08-22,12561,213,138.18
DSP0007085,CMP0077,2025-08-23,14409,255,158.50
DSP0007086,CMP0077,2025-08-24,14093,327,155.03
DSP0007087,CMP0077,2025-08-25,12916,215,142.08
DSP0007088,CMP0077,2025-08-26,11329,206,124.62
DSP0007089,CMP0077,2025-08-27,11763,195,129.40
DSP0007090,CMP0077,2025-08-28,13355,280,146.91
DSP0007091,CMP0077,2025-08-29,11268,191,123.95
DSP0007092,CMP0077,2025-08-30,9884,193,108.73
DSP0007093,CMP0077,2025-08-31,12300,269,135.31
DSP0007094,CMP0077,2025-09-01,8432,136,92.76
DSP0007095,CMP0077,2025-09-02,10682,136,117.51
DSP0007096,CMP0077,2025-09-03,13131,239,144.45
DSP0007097,CMP0077,2025-09-04,13785,317,151.64
DSP0007098,CMP0077,2025-09-05,8414,135,92.56
DSP0007099,CMP0077,2025-09-06,11574,259,127.32
DSP0007100,CMP0077,2025-09-07,11910,222,131.01
DSP0007101,CMP0077,2025-09-08,12296,261,135.26
DSP0007102,CMP0077,2025-09-09,12637,221,139.01
DSP0007103,CMP0077,2025-09-10,10595,219,116.55
DSP0007104,CMP0077,2025-09-11,14006,269,154.07
DSP0007105,CMP0077,2025-09-12,11513,204,126.65
DSP0007106,CMP0077,2025-09-13,9920,136,109.12
DSP0007107,CMP0077,2025-09-14,14380,220,158.19
DSP0007108,CMP0077,2025-09-15,11889,211,130.78
DSP0007109,CMP0077,2025-09-16,12840,230,141.24
DSP0007110,CMP0077,2025-09-17,13090,170,143.99
DSP0007111,CMP0077,2025-09-18,11564,146,127.21
DSP0007112,CMP0078,2023-08-23,91806,388,596.74
DSP0007113,CMP0078,2023-08-24,89330,655,580.65
DSP0007114,CMP0078,2023-08-25,56561,261,367.65
DSP0007115,CMP0078,2023-08-26,58880,256,382.72
DSP0007116,CMP0078,2023-08-27,57710,305,375.12
DSP0007117,CMP0078,2023-08-28,79516,373,516.86
DSP0007118,CMP0078,2023-08-29,71958,360,467.73
DSP0007119,CMP0078,2023-08-30,55964,346,363.77
DSP0007120,CMP0078,2023-08-31,75553,564,491.10
DSP0007121,CMP0078,2023-09-01,67706,508,440.09
DSP0007122,CMP0078,2023-09-02,97307,656,632.50
DSP0007123,CMP0078,2023-09-03,79072,424,513.97
DSP0007124,CMP0078,2023-09-04,82976,409,539.35
DSP0007125,CMP0078,2023-09-05,90521,429,588.39
DSP0007126,CMP0078,2023-09-06,83526,386,542.92
DSP0007127,CMP0078,2023-09-07,86660,625,563.29
DSP0007128,CMP0078,2023-09-08,66969,305,435.30
DSP0007129,CMP0078,2023-09-09,93200,433,605.80
DSP0007130,CMP0078,2023-09-10,54164,263,352.07
DSP0007131,CMP0078,2023-09-11,92129,593,598.84
DSP0007132,CMP0078,2023-09-12,86967,502,565.29
DSP0007133,CMP0078,2023-09-13,86775,478,564.04
DSP0007134,CMP0078,2023-09-14,85001,498,552.51
DSP0007135,CMP0078,2023-09-15,88589,411,575.83
DSP0007136,CMP0078,2023-09-16,77621,356,504.54
DSP0007137,CMP0078,2023-09-17,57292,438,372.40
DSP0007138,CMP0078,2023-09-18,94960,596,617.24
DSP0007139,CMP0078,2023-09-19,95546,667,621.05
DSP0007140,CMP0078,2023-09-20,58612,292,380.98
DSP0007141,CMP0078,2023-09-21,91523,460,594.90
DSP0007142,CMP0078,2023-09-22,56467,256,367.04
DSP0007143,CMP0078,2023-09-23,56667,251,368.34
DSP0007144,CMP0078,2023-09-24,88110,667,572.72
DSP0007145,CMP0078,2023-09-25,89283,552,580.34
DSP0007146,CMP0078,2023-09-26,86953,676,565.20
DSP0007147,CMP0078,2023-09-27,93307,433,606.50
DSP0007148,CMP0078,2023-09-28,91547,452,595.06
DSP0007149,CMP0078,2023-09-29,66261,297,430.70
DSP0007150,CMP0078,2023-09-30,65036,487,422.74
DSP0007151,CMP0078,2023-10-01,57143,266,371.43
DSP0007152,CMP0078,2023-10-02,74249,572,482.62
DSP0007153,CMP0078,2023-10-03,97487,652,633.67
DSP0007154,CMP0078,2023-10-04,86816,559,564.31
DSP0007155,CMP0078,2023-10-05,93695,628,609.02
DSP0007156,CMP0078,2023-10-06,68218,309,443.42
DSP0007157,CMP0078,2023-10-07,96184,736,625.20
DSP0007158,CMP0078,2023-10-08,85472,364,555.57
DSP0007159,CMP0078,2023-10-09,80504,451,523.28
DSP0007160,CMP0079,2024-04-09,51049,503,765.74
DSP0007161,CMP0079,2024-04-10,55890,439,838.36
DSP0007162,CMP0079,2024-04-11,57823,656,867.35
DSP0007163,CMP0079,2024-04-12,54751,472,821.27
DSP0007164,CMP0079,2024-04-13,41185,310,617.78
DSP0007165,CMP0079,2024-04-14,43523,403,652.85
DSP0007166,CMP0079,2024-04-15,48014,519,720.22
DSP0007167,CMP0079,2024-04-16,41610,435,624.16
DSP0007168,CMP0079,2024-04-17,35606,254,534.10
DSP0007169,CMP0079,2024-04-18,55792,630,836.88
DSP0007170,CMP0079,2024-04-19,48272,463,724.08
DSP0007171,CMP0079,2024-04-20,57396,563,860.95
DSP0007172,CMP0079,2024-04-21,33441,362,501.62
DSP0007173,CMP0079,2024-04-22,52332,580,784.98
DSP0007174,CMP0079,2024-04-23,45201,345,678.02
DSP0007175,CMP0079,2024-04-24,44590,477,668.85
DSP0007176,CMP0079,2024-04-25,48900,500,733.51
DSP0007177,CMP0079,2024-04-26,50398,370,755.97
DSP0007178,CMP0079,2024-04-27,45014,349,675.21
DSP0007179,CMP0079,2024-04-28,56084,586,841.26
DSP0007180,CMP0079,2024-04-29,56218,364,843.28
DSP0007181,CMP0079,2024-04-30,44731,353,670.97
DSP0007182,CMP0079,2024-05-01,44222,280,663.34
DSP0007183,CMP0079,2024-05-02,42294,494,634.41
DSP0007184,CMP0079,2024-05-03,42028,491,630.43
DSP0007185,CMP0079,2024-05-04,32666,360,490.00
DSP0007186,CMP0079,2024-05-05,49817,334,747.26
DSP0007187,CMP0079,2024-05-06,41517,462,622.76
DSP0007188,CMP0079,2024-05-07,43724,416,655.86
DSP0007189,CMP0079,2024-05-08,59106,528,886.60
DSP0007190,CMP0079,2024-05-09,57801,552,867.02
DSP0007191,CMP0079,2024-05-10,59919,496,898.79
DSP0007192,CMP0079,2024-05-11,56218,365,843.28
DSP0007193,CMP0079,2024-05-12,39168,377,587.53
DSP0007194,CMP0079,2024-05-13,50307,548,754.61
DSP0007195,CMP0079,2024-05-14,38866,367,583.00
DSP0007196,CMP0079,2024-05-15,45364,291,680.47
DSP0007197,CMP0079,2024-05-16,33345,349,500.18
DSP0007198,CMP0079,2024-05-17,33187,228,497.81
DSP0007199,CMP0079,2024-05-18,49493,567,742.40
DSP0007200,CMP0079,2024-05-19,58798,658,881.98
DSP0007201,CMP0079,2024-05-20,54010,544,810.16
DSP0007202,CMP0079,2024-05-21,40205,255,603.08
DSP0007203,CMP0079,2024-05-22,32484,251,487.27
DSP0007204,CMP0079,2024-05-23,41463,370,621.95
DSP0007205,CMP0079,2024-05-24,40368,383,605.53
DSP0007206,CMP0079,2024-05-25,36041,409,540.62
DSP0007207,CMP0079,2024-05-26,34186,240,512.80
DSP0007208,CMP0079,2024-05-27,42885,290,643.28
DSP0007209,CMP0079,2024-05-28,33756,239,506.35
DSP0007210,CMP0079,2024-05-29,49991,427,749.87
DSP0007211,CMP0079,2024-05-30,45498,403,682.47
DSP0007212,CMP0079,2024-05-31,45844,371,687.67
DSP0007213,CMP0079,2024-06-01,47528,418,712.93
DSP0007214,CMP0079,2024-06-02,54011,475,810.17
DSP0007215,CMP0079,2024-06-03,48290,364,724.35
DSP0007216,CMP0079,2024-06-04,35806,277,537.10
DSP0007217,CMP0079,2024-06-05,37506,244,562.60
DSP0007218,CMP0079,2024-06-06,47954,334,719.31
DSP0007219,CMP0079,2024-06-07,32909,214,493.64
DSP0007220,CMP0079,2024-06-08,32910,374,493.66
DSP0007221,CMP0079,2024-06-09,41040,343,615.60
DSP0007222,CMP0079,2024-06-10,45325,345,679.88
DSP0007223,CMP0079,2024-06-11,40264,374,603.97
DSP0007224,CMP0079,2024-06-12,52389,378,785.84
DSP0007225,CMP0079,2024-06-13,55706,570,835.59
DSP0007226,CMP0079,2024-06-14,57708,435,865.63
DSP0007227,CMP0079,2024-06-15,53812,356,807.19
DSP0007228,CMP0079,2024-06-16,39356,319,590.34
DSP0007229,CMP0079,2024-06-17,49624,358,744.36
DSP0007230,CMP0079,2024-06-18,37543,241,563.15
DSP0007231,CMP0079,2024-06-19,45748,344,686.23
DSP0007232,CMP0079,2024-06-20,50264,501,753.96
DSP0007233,CMP0079,2024-06-21,49834,369,747.52
DSP0007234,CMP0079,2024-06-22,59965,538,899.48
DSP0007235,CMP0079,2024-06-23,59328,607,889.92
DSP0007236,CMP0079,2024-06-24,47830,505,717.45
DSP0007237,CMP0079,2024-06-25,33050,229,495.75
DSP0007238,CMP0079,2024-06-26,48968,442,734.53
DSP0007239,CMP0079,2024-06-27,53693,544,805.40
DSP0007240,CMP0079,2024-06-28,34433,231,516.50
DSP0007241,CMP0079,2024-06-29,43617,391,654.26
DSP0007242,CMP0079,2024-06-30,56581,595,848.72
DSP0007243,CMP0079,2024-07-01,49818,473,747.27
DSP0007244,CMP0079,2024-07-02,38365,442,575.48
DSP0007245,CMP0079,2024-07-03,57101,401,856.52
DSP0007246,CMP0079,2024-07-04,41719,273,625.79
DSP0007247,CMP0079,2024-07-05,33764,259,506.46
DSP0007248,CMP0079,2024-07-06,57734,379,866.02
DSP0007249,CMP0079,2024-07-07,34811,264,522.17
DSP0007250,CMP0080,2024-04-25,16174,294,145.57
DSP0007251,CMP0080,2024-04-26,15876,358,142.89
DSP0007252,CMP0080,2024-04-27,12420,360,111.78
DSP0007253,CMP0080,2024-04-28,18214,362,163.93
DSP0007254,CMP0080,2024-04-29,11072,306,99.65
DSP0007255,CMP0080,2024-04-30,15278,451,137.51
DSP0007256,CMP0080,2024-05-01,13207,382,118.87
DSP0007257,CMP0080,2024-05-02,17437,309,156.94
DSP0007258,CMP0080,2024-05-03,17223,317,155.01
DSP0007259,CMP0080,2024-05-04,13371,399,120.34
DSP0007260,CMP0080,2024-05-05,11946,385,107.52
DSP0007261,CMP0080,2024-05-06,11427,334,102.85
DSP0007262,CMP0080,2024-05-07,10010,215,90.09
DSP0007263,CMP0080,2024-05-08,13481,307,121.33
DSP0007264,CMP0080,2024-05-09,10977,297,98.80
DSP0007265,CMP0080,2024-05-10,10433,185,93.90
DSP0007266,CMP0080,2024-05-11,9971,271,89.74
DSP0007267,CMP0080,2024-05-12,14431,303,129.88
DSP0007268,CMP0080,2024-05-13,17708,573,159.38
DSP0007269,CMP0080,2024-05-14,10707,270,96.37
DSP0007270,CMP0080,2024-05-15,17093,352,153.84
DSP0007271,CMP0080,2024-05-16,18151,577,163.36
DSP0007272,CMP0080,2024-05-17,18153,427,163.38
DSP0007273,CMP0080,2024-05-18,17080,360,153.72
DSP0007274,CMP0080,2024-05-19,16146,458,145.32
DSP0007275,CMP0080,2024-05-20,10230,290,92.07
DSP0007276,CMP0080,2024-05-21,12485,352,112.37
DSP0007277,CMP0080,2024-05-22,16993,390,152.94
DSP0007278,CMP0080,2024-05-23,10074,257,90.67
DSP0007279,CMP0080,2024-05-24,17774,483,159.97
DSP0007280,CMP0080,2024-05-25,17975,370,161.78
DSP0007281,CMP0080,2024-05-26,14190,398,127.71
DSP0007282,CMP0080,2024-05-27,14973,300,134.76
DSP0007283,CMP0080,2024-05-28,14947,385,134.53
DSP0007284,CMP0080,2024-05-29,13934,372,125.41
DSP0007285,CMP0080,2024-05-30,13984,380,125.86
DSP0007286,CMP0080,2024-05-31,11028,331,99.26
DSP0007287,CMP0080,2024-06-01,17610,441,158.49
DSP0007288,CMP0080,2024-06-02,16843,300,151.59
DSP0007289,CMP0080,2024-06-03,11548,368,103.94
DSP0007290,CMP0080,2024-06-04,10658,205,95.93
DSP0007291,CMP0080,2024-06-05,17106,487,153.96
DSP0007292,CMP0080,2024-06-06,10611,239,95.50
DSP0007293,CMP0080,2024-06-07,12672,294,114.05
DSP0007294,CMP0080,2024-06-08,17747,518,159.73
DSP0007295,CMP0080,2024-06-09,13287,249,119.59
DSP0007296,CMP0080,2024-06-10,10121,248,91.09
DSP0007297,CMP0080,2024-06-11,11953,216,107.58
DSP0007298,CMP0080,2024-06-12,10984,326,98.86
DSP0007299,CMP0080,2024-06-13,16616,304,149.55
DSP0007300,CMP0080,2024-06-14,11902,366,107.12
DSP0007301,CMP0080,2024-06-15,17376,519,156.39
DSP0007302,CMP0080,2024-06-16,16112,467,145.01
DSP0007303,CMP0080,2024-06-17,17216,404,154.95
DSP0007304,CMP0080,2024-06-18,10287,255,92.59
DSP0007305,CMP0080,2024-06-19,10006,322,90.06
DSP0007306,CMP0080,2024-06-20,13982,344,125.84
DSP0007307,CMP0080,2024-06-21,12187,313,109.69
DSP0007308,CMP0080,2024-06-22,16924,409,152.32
DSP0007309,CMP0080,2024-06-23,13682,370,123.14
DSP0007310,CMP0080,2024-06-24,18050,321,162.45
DSP0007311,CMP0080,2024-06-25,14814,347,133.33
DSP0007312,CMP0080,2024-06-26,11786,263,106.08
DSP0007313,CMP0080,2024-06-27,10641,272,95.77
DSP0007314,CMP0080,2024-06-28,13446,418,121.02
DSP0007315,CMP0080,2024-06-29,17128,375,154.16
DSP0007316,CMP0080,2024-06-30,11616,267,104.55
DSP0007317,CMP0080,2024-07-01,17853,498,160.68
DSP0007318,CMP0080,2024-07-02,13116,397,118.05
DSP0007319,CMP0080,2024-07-03,11495,302,103.46
DSP0007320,CMP0080,2024-07-04,15876,318,142.89
DSP0007321,CMP0080,2024-07-05,15863,312,142.77
DSP0007322,CMP0080,2024-07-06,14575,408,131.18
DSP0007323,CMP0080,2024-07-07,12126,286,109.14
DSP0007324,CMP0080,2024-07-08,15320,306,137.88
DSP0007325,CMP0080,2024-07-09,15962,303,143.66
DSP0007326,CMP0080,2024-07-10,14560,420,131.04
DSP0007327,CMP0080,2024-07-11,9906,276,89.16
DSP0007328,CMP0080,2024-07-12,13547,287,121.93
DSP0007329,CMP0080,2024-07-13,18074,486,162.67
DSP0007330,CMP0080,2024-07-14,16862,419,151.76
DSP0007331,CMP0080,2024-07-15,12015,242,108.14
DSP0007332,CMP0080,2024-07-16,15994,509,143.95
DSP0007333,CMP0080,2024-07-17,11128,294,100.16
DSP0007334,CMP0080,2024-07-18,12603,239,113.43
DSP0007335,CMP0080,2024-07-19,10566,266,95.10
DSP0007336,CMP0080,2024-07-20,12693,308,114.24
DSP0007337,CMP0080,2024-07-21,11476,329,103.29
DSP0007338,CMP0080,2024-07-22,16288,416,146.60
DSP0007339,CMP0080,2024-07-23,10780,269,97.02
DSP0007340,CMP0080,2024-07-24,13465,304,121.19
DSP0007341,CMP0080,2024-07-25,11588,283,104.30
DSP0007342,CMP0080,2024-07-26,15794,314,142.15
DSP0007343,CMP0080,2024-07-27,16936,389,152.43
DSP0007344,CMP0080,2024-07-28,13620,354,122.58
DSP0007345,CMP0080,2024-07-29,12863,229,115.77
DSP0007346,CMP0080,2024-07-30,12154,273,109.39
DSP0007347,CMP0080,2024-07-31,10830,233,97.47
DSP0007348,CMP0080,2024-08-01,18247,451,164.23
DSP0007349,CMP0080,2024-08-02,14248,331,128.24
DSP0007350,CMP0080,2024-08-03,15881,406,142.93
DSP0007351,CMP0080,2024-08-04,11140,350,100.26
DSP0007352,CMP0080,2024-08-05,16224,316,146.02
DSP0007353,CMP0080,2024-08-06,18224,395,164.02
DSP0007354,CMP0080,2024-08-07,13580,320,122.22
DSP0007355,CMP0080,2024-08-08,15442,369,138.98
DSP0007356,CMP0080,2024-08-09,15152,388,136.37
DSP0007357,CMP0080,2024-08-10,10631,249,95.68
DSP0007358,CMP0080,2024-08-11,10667,283,96.01
DSP0007359,CMP0080,2024-08-12,12210,305,109.89
DSP0007360,CMP0080,2024-08-13,16576,318,149.19
DSP0007361,CMP0080,2024-08-14,13384,275,120.46
DSP0007362,CMP0080,2024-08-15,12613,252,113.52
DSP0007363,CMP0080,2024-08-16,18068,408,162.62
DSP0007364,CMP0080,2024-08-17,14570,393,131.13
DSP0007365,CMP0080,2024-08-18,17504,395,157.54
DSP0007366,CMP0080,2024-08-19,11316,290,101.85
DSP0007367,CMP0080,2024-08-20,16716,337,150.45
DSP0007368,CMP0080,2024-08-21,12765,275,114.89
DSP0007369,CMP0080,2024-08-22,15565,297,140.09
DSP0007370,CMP0080,2024-08-23,18317,554,164.86
DSP0007371,CMP0080,2024-08-24,13011,262,117.10
DSP0007372,CMP0080,2024-08-25,15021,284,135.19
DSP0007373,CMP0080,2024-08-26,10915,275,98.24
DSP0007374,CMP0080,2024-08-27,15392,328,138.53
DSP0007375,CMP0080,2024-08-28,12106,241,108.96
DSP0007376,CMP0080,2024-08-29,15531,279,139.78
DSP0007377,CMP0080,2024-08-30,17772,347,159.95
DSP0007378,CMP0080,2024-08-31,15567,323,140.11
DSP0007379,CMP0080,2024-09-01,15964,291,143.68
DSP0007380,CMP0080,2024-09-02,12443,360,111.99
DSP0007381,CMP0080,2024-09-03,13800,299,124.20
DSP0007382,CMP0080,2024-09-04,15571,406,140.14
DSP0007383,CMP0080,2024-09-05,10877,207,97.90
DSP0007384,CMP0080,2024-09-06,16958,512,152.63
DSP0007385,CMP0080,2024-09-07,14296,314,128.67
DSP0007386,CMP0080,2024-09-08,14470,416,130.23
DSP0007387,CMP0080,2024-09-09,11983,287,107.85
DSP0007388,CMP0080,2024-09-10,13897,381,125.08
DSP0007389,CMP0080,2024-09-11,11166,269,100.50
DSP0007390,CMP0080,2024-09-12,16098,442,144.89
DSP0007391,CMP0081,2023-06-27,18170,649,327.07
DSP0007392,CMP0081,2023-06-28,13608,589,244.95
DSP0007393,CMP0081,2023-06-29,13702,578,246.65
DSP0007394,CMP0081,2023-06-30,18756,688,337.62
DSP0007395,CMP0081,2023-07-01,17698,716,318.58
DSP0007396,CMP0081,2023-07-02,19809,713,356.57
DSP0007397,CMP0081,2023-07-03,15087,425,271.57
DSP0007398,CMP0081,2023-07-04,18727,794,337.09
DSP0007399,CMP0081,2023-07-05,16736,660,301.26
DSP0007400,CMP0081,2023-07-06,13058,355,235.06
DSP0007401,CMP0081,2023-07-07,20566,872,370.19
DSP0007402,CMP0081,2023-07-08,12532,460,225.58
DSP0007403,CMP0081,2023-07-09,18557,774,334.03
DSP0007404,CMP0081,2023-07-10,15424,550,277.64
DSP0007405,CMP0081,2023-07-11,19596,658,352.73
DSP0007406,CMP0081,2023-07-12,13095,325,235.71
DSP0007407,CMP0081,2023-07-13,20276,524,364.97
DSP0007408,CMP0081,2023-07-14,16294,449,293.30
DSP0007409,CMP0081,2023-07-15,16223,521,292.03
DSP0007410,CMP0081,2023-07-16,15164,410,272.96
DSP0007411,CMP0081,2023-07-17,13803,418,248.47
DSP0007412,CMP0081,2023-07-18,17838,589,321.09
DSP0007413,CMP0081,2023-07-19,20796,583,374.34
DSP0007414,CMP0081,2023-07-20,11924,417,214.64
DSP0007415,CMP0081,2023-07-21,16260,490,292.68
DSP0007416,CMP0081,2023-07-22,12315,495,221.67
DSP0007417,CMP0081,2023-07-23,14263,413,256.75
DSP0007418,CMP0081,2023-07-24,14601,498,262.83
DSP0007419,CMP0081,2023-07-25,20420,562,367.57
DSP0007420,CMP0081,2023-07-26,13995,354,251.92
DSP0007421,CMP0081,2023-07-27,12405,508,223.30
DSP0007422,CMP0081,2023-07-28,20819,858,374.75
DSP0007423,CMP0081,2023-07-29,16116,676,290.10
DSP0007424,CMP0081,2023-07-30,19742,836,355.37
DSP0007425,CMP0081,2023-07-31,12706,367,228.72
DSP0007426,CMP0081,2023-08-01,13018,589,234.33
DSP0007427,CMP0081,2023-08-02,13673,411,246.12
DSP0007428,CMP0081,2023-08-03,15572,637,280.31
DSP0007429,CMP0081,2023-08-04,14238,472,256.30
DSP0007430,CMP0081,2023-08-05,16407,623,295.33
DSP0007431,CMP0081,2023-08-06,16016,697,288.30
DSP0007432,CMP0081,2023-08-07,17611,718,317.00
DSP0007433,CMP0081,2023-08-08,13027,358,234.50
DSP0007434,CMP0081,2023-08-09,15899,567,286.19
DSP0007435,CMP0081,2023-08-10,16262,625,292.72
DSP0007436,CMP0081,2023-08-11,16368,568,294.64
DSP0007437,CMP0081,2023-08-12,15837,682,285.07
DSP0007438,CMP0081,2023-08-13,14730,380,265.14
DSP0007439,CMP0081,2023-08-14,17427,746,313.70
DSP0007440,CMP0081,2023-08-15,14712,627,264.82
DSP0007441,CMP0081,2023-08-16,17807,723,320.53
DSP0007442,CMP0081,2023-08-17,14359,614,258.47
DSP0007443,CMP0081,2023-08-18,17364,686,312.56
DSP0007444,CMP0081,2023-08-19,13130,410,236.35
DSP0007445,CMP0081,2023-08-20,15200,518,273.61
DSP0007446,CMP0081,2023-08-21,21620,943,389.16
DSP0007447,CMP0081,2023-08-22,12665,476,227.98
DSP0007448,CMP0081,2023-08-23,18131,793,326.36
DSP0007449,CMP0081,2023-08-24,14213,408,255.84
DSP0007450,CMP0081,2023-08-25,17787,674,320.18
DSP0007451,CMP0081,2023-08-26,15833,393,285.00
DSP0007452,CMP0081,2023-08-27,13813,347,248.64
DSP0007453,CMP0081,2023-08-28,20670,791,372.07
DSP0007454,CMP0081,2023-08-29,16381,694,294.87
DSP0007455,CMP0081,2023-08-30,15938,635,286.89
DSP0007456,CMP0081,2023-08-31,15807,567,284.53
DSP0007457,CMP0081,2023-09-01,18209,660,327.77
DSP0007458,CMP0081,2023-09-02,14136,424,254.46
DSP0007459,CMP0081,2023-09-03,17432,738,313.79
DSP0007460,CMP0081,2023-09-04,19671,482,354.08
DSP0007461,CMP0081,2023-09-05,12815,453,230.68
DSP0007462,CMP0081,2023-09-06,16110,430,289.99
DSP0007463,CMP0081,2023-09-07,17777,724,319.99
DSP0007464,CMP0081,2023-09-08,21275,849,382.95
DSP0007465,CMP0081,2023-09-09,21343,703,384.18
DSP0007466,CMP0081,2023-09-10,15407,424,277.33
DSP0007467,CMP0081,2023-09-11,14010,581,252.18
DSP0007468,CMP0081,2023-09-12,21112,681,380.03
DSP0007469,CMP0081,2023-09-13,13132,574,236.38
DSP0007470,CMP0081,2023-09-14,21516,694,387.30
DSP0007471,CMP0081,2023-09-15,18991,491,341.84
DSP0007472,CMP0081,2023-09-16,14752,553,265.54
DSP0007473,CMP0081,2023-09-17,19181,608,345.26
DSP0007474,CMP0081,2023-09-18,13953,387,251.17
DSP0007475,CMP0081,2023-09-19,21231,879,382.17
DSP0007476,CMP0081,2023-09-20,21043,734,378.79
DSP0007477,CMP0081,2023-09-21,20555,606,370.00
DSP0007478,CMP0081,2023-09-22,14103,405,253.86
DSP0007479,CMP0081,2023-09-23,21102,681,379.85
DSP0007480,CMP0081,2023-09-24,14311,592,257.61
DSP0007481,CMP0081,2023-09-25,20881,539,375.86
DSP0007482,CMP0081,2023-09-26,17793,611,320.28
DSP0007483,CMP0081,2023-09-27,14165,437,254.98
DSP0007484,CMP0081,2023-09-28,19383,566,348.90
DSP0007485,CMP0081,2023-09-29,14275,638,256.96
DSP0007486,CMP0081,2023-09-30,20608,568,370.95
DSP0007487,CMP0081,2023-10-01,13180,524,237.25
DSP0007488,CMP0081,2023-10-02,14907,405,268.34
DSP0007489,CMP0081,2023-10-03,18816,828,338.70
DSP0007490,CMP0081,2023-10-04,17122,508,308.20
DSP0007491,CMP0081,2023-10-05,16890,759,304.03
DSP0007492,CMP0081,2023-10-06,18258,814,328.65
DSP0007493,CMP0081,2023-10-07,20867,560,375.61
DSP0007494,CMP0081,2023-10-08,15420,512,277.56
DSP0007495,CMP0081,2023-10-09,12475,471,224.56
DSP0007496,CMP0081,2023-10-10,21223,885,382.03
DSP0007497,CMP0081,2023-10-11,17485,557,314.74
DSP0007498,CMP0081,2023-10-12,12681,356,228.26
DSP0007499,CMP0081,2023-10-13,17762,512,319.72
DSP0007500,CMP0081,2023-10-14,11985,351,215.73
DSP0007501,CMP0081,2023-10-15,15518,549,279.34
DSP0007502,CMP0081,2023-10-16,17956,452,323.21
DSP0007503,CMP0081,2023-10-17,16193,527,291.48
DSP0007504,CMP0081,2023-10-18,11816,495,212.70
DSP0007505,CMP0081,2023-10-19,21245,800,382.42
DSP0007506,CMP0081,2023-10-20,16785,510,302.13
DSP0007507,CMP0081,2023-10-21,20190,553,363.43
DSP0007508,CMP0081,2023-10-22,21126,751,380.28
DSP0007509,CMP0081,2023-10-23,21295,592,383.31
DSP0007510,CMP0081,2023-10-24,20057,687,361.03
DSP0007511,CMP0081,2023-10-25,19101,784,343.83
DSP0007512,CMP0081,2023-10-26,18846,639,339.23
DSP0007513,CMP0081,2023-10-27,15765,586,283.78
DSP0007514,CMP0081,2023-10-28,12065,302,217.18
DSP0007515,CMP0081,2023-10-29,14996,411,269.93
DSP0007516,CMP0081,2023-10-30,20656,735,371.82
DSP0007517,CMP0081,2023-10-31,16532,444,297.58
DSP0007518,CMP0081,2023-11-01,15550,390,279.90
DSP0007519,CMP0081,2023-11-02,17184,603,309.32
DSP0007520,CMP0081,2023-11-03,21382,808,384.88
DSP0007521,CMP0081,2023-11-04,15655,596,281.79
DSP0007522,CMP0081,2023-11-05,20363,781,366.54
DSP0007523,CMP0081,2023-11-06,20974,818,377.54
DSP0007524,CMP0081,2023-11-07,13812,354,248.63
DSP0007525,CMP0081,2023-11-08,17140,646,308.52
DSP0007526,CMP0081,2023-11-09,17424,737,313.64
DSP0007527,CMP0081,2023-11-10,15758,624,283.65
DSP0007528,CMP0081,2023-11-11,18748,745,337.47
DSP0007529,CMP0081,2023-11-12,17190,771,309.43
DSP0007530,CMP0081,2023-11-13,18961,529,341.30
DSP0007531,CMP0081,2023-11-14,17026,731,306.47
DSP0007532,CMP0081,2023-11-15,20527,735,369.50
DSP0007533,CMP0082,2023-06-08,50872,1058,559.60
DSP0007534,CMP0082,2023-06-09,46715,746,513.87
DSP0007535,CMP0082,2023-06-10,54582,1009,600.41
DSP0007536,CMP0082,2023-06-11,47160,905,518.77
DSP0007537,CMP0082,2023-06-12,45869,996,504.56
DSP0007538,CMP0082,2023-06-13,55123,1140,606.36
DSP0007539,CMP0082,2023-06-14,35487,741,390.36
DSP0007540,CMP0082,2023-06-15,43979,986,483.77
DSP0007541,CMP0082,2023-06-16,57503,820,632.54
DSP0007542,CMP0082,2023-06-17,48187,1103,530.06
DSP0007543,CMP0082,2023-06-18,35988,714,395.87
DSP0007544,CMP0082,2023-06-19,53034,1057,583.38
DSP0007545,CMP0082,2023-06-20,50641,1090,557.06
DSP0007546,CMP0082,2023-06-21,54305,800,597.36
DSP0007547,CMP0082,2023-06-22,50371,1145,554.09
DSP0007548,CMP0082,2023-06-23,43320,846,476.52
DSP0007549,CMP0082,2023-06-24,53993,707,593.93
DSP0007550,CMP0082,2023-06-25,51552,877,567.08
DSP0007551,CMP0082,2023-06-26,35314,656,388.46
DSP0007552,CMP0082,2023-06-27,42528,951,467.81
DSP0007553,CMP0082,2023-06-28,41010,777,451.11
DSP0007554,CMP0082,2023-06-29,57769,818,635.46
DSP0007555,CMP0082,2023-06-30,46143,704,507.58
DSP0007556,CMP0082,2023-07-01,53650,1241,590.15
DSP0007557,CMP0082,2023-07-02,33908,771,372.99
DSP0007558,CMP0082,2023-07-03,35348,735,388.83
DSP0007559,CMP0082,2023-07-04,54010,838,594.12
DSP0007560,CMP0082,2023-07-05,46578,636,512.36
DSP0007561,CMP0082,2023-07-06,49457,750,544.03
DSP0007562,CMP0082,2023-07-07,52886,1165,581.75
DSP0007563,CMP0082,2023-07-08,40074,815,440.82
DSP0007564,CMP0082,2023-07-09,42096,571,463.06
DSP0007565,CMP0082,2023-07-10,39280,776,432.08
DSP0007566,CMP0082,2023-07-11,53203,904,585.24
DSP0007567,CMP0082,2023-07-12,33612,617,369.74
DSP0007568,CMP0082,2023-07-13,35919,542,395.11
DSP0007569,CMP0082,2023-07-14,46910,910,516.02
DSP0007570,CMP0082,2023-07-15,36869,697,405.56
DSP0007571,CMP0082,2023-07-16,58880,1194,647.69
DSP0007572,CMP0082,2023-07-17,55352,1161,608.88
DSP0007573,CMP0082,2023-07-18,38344,708,421.79
DSP0007574,CMP0082,2023-07-19,35478,598,390.26
DSP0007575,CMP0082,2023-07-20,34211,779,376.33
DSP0007576,CMP0082,2023-07-21,40436,667,444.80
DSP0007577,CMP0082,2023-07-22,41230,922,453.53
DSP0007578,CMP0082,2023-07-23,53496,745,588.46
DSP0007579,CMP0082,2023-07-24,49878,1014,548.66
DSP0007580,CMP0082,2023-07-25,35007,447,385.08
DSP0007581,CMP0082,2023-07-26,45353,984,498.89
DSP0007582,CMP0082,2023-07-27,33358,606,366.94
DSP0007583,CMP0082,2023-07-28,58427,937,642.70
DSP0007584,CMP0082,2023-07-29,36750,498,404.25
DSP0007585,CMP0082,2023-07-30,47052,930,517.58
DSP0007586,CMP0082,2023-07-31,50592,726,556.52
DSP0007587,CMP0082,2023-08-01,36922,761,406.15
DSP0007588,CMP0082,2023-08-02,51350,874,564.86
DSP0007589,CMP0082,2023-08-03,42852,597,471.38
DSP0007590,CMP0082,2023-08-04,45639,849,502.03
DSP0007591,CMP0082,2023-08-05,55226,1076,607.49
DSP0007592,CMP0082,2023-08-06,41755,696,459.31
DSP0007593,CMP0082,2023-08-07,35234,652,387.58
DSP0007594,CMP0082,2023-08-08,55587,745,611.46
DSP0007595,CMP0082,2023-08-09,57484,998,632.33
DSP0007596,CMP0082,2023-08-10,33789,527,371.68
DSP0007597,CMP0082,2023-08-11,45440,888,499.85
DSP0007598,CMP0082,2023-08-12,42394,537,466.34
DSP0007599,CMP0082,2023-08-13,58140,765,639.54
DSP0007600,CMP0082,2023-08-14,49728,750,547.01
DSP0007601,CMP0082,2023-08-15,42375,843,466.13
DSP0007602,CMP0082,2023-08-16,60805,864,668.86
DSP0007603,CMP0082,2023-08-17,55812,1151,613.94
DSP0007604,CMP0082,2023-08-18,61333,1346,674.67
DSP0007605,CMP0082,2023-08-19,57494,1251,632.44
DSP0007606,CMP0082,2023-08-20,33111,626,364.23
DSP0007607,CMP0082,2023-08-21,57979,762,637.77
DSP0007608,CMP0082,2023-08-22,59952,1294,659.48
DSP0007609,CMP0082,2023-08-23,36046,477,396.51
DSP0007610,CMP0082,2023-08-24,53694,1235,590.64
DSP0007611,CMP0082,2023-08-25,59998,965,659.98
DSP0007612,CMP0082,2023-08-26,50606,1024,556.67
DSP0007613,CMP0082,2023-08-27,56336,1062,619.70
DSP0007614,CMP0082,2023-08-28,61273,1338,674.01
DSP0007615,CMP0082,2023-08-29,58209,1275,640.30
DSP0007616,CMP0082,2023-08-30,60315,1078,663.47
DSP0007617,CMP0082,2023-08-31,52738,834,580.12
DSP0007618,CMP0082,2023-09-01,44213,692,486.35
DSP0007619,CMP0082,2023-09-02,33896,696,372.86
DSP0007620,CMP0082,2023-09-03,57573,796,633.31
DSP0007621,CMP0082,2023-09-04,36154,503,397.70
DSP0007622,CMP0082,2023-09-05,54971,1010,604.69
DSP0007623,CMP0082,2023-09-06,49401,794,543.42
DSP0007624,CMP0083,2025-05-12,63449,387,412.42
DSP0007625,CMP0083,2025-05-13,46332,300,301.16
DSP0007626,CMP0083,2025-05-14,60900,474,395.85
DSP0007627,CMP0083,2025-05-15,46755,299,303.91
DSP0007628,CMP0083,2025-05-16,53269,343,346.25
DSP0007629,CMP0083,2025-05-17,50724,291,329.71
DSP0007630,CMP0083,2025-05-18,52038,338,338.25
DSP0007631,CMP0083,2025-05-19,62532,399,406.46
DSP0007632,CMP0083,2025-05-20,71241,383,463.07
DSP0007633,CMP0083,2025-05-21,72878,314,473.71
DSP0007634,CMP0083,2025-05-22,66123,430,429.80
DSP0007635,CMP0083,2025-05-23,70100,347,455.65
DSP0007636,CMP0083,2025-05-24,75123,378,488.30
DSP0007637,CMP0083,2025-05-25,74606,554,484.94
DSP0007638,CMP0083,2025-05-26,80118,450,520.77
DSP0007639,CMP0083,2025-05-27,81564,596,530.17
DSP0007640,CMP0083,2025-05-28,61504,355,399.78
DSP0007641,CMP0083,2025-05-29,46960,287,305.24
DSP0007642,CMP0083,2025-05-30,76780,575,499.07
DSP0007643,CMP0083,2025-05-31,80423,392,522.75
DSP0007644,CMP0083,2025-06-01,69260,296,450.19
DSP0007645,CMP0083,2025-06-02,80180,408,521.17
DSP0007646,CMP0083,2025-06-03,45223,329,293.95
DSP0007647,CMP0083,2025-06-04,56515,363,367.35
DSP0007648,CMP0083,2025-06-05,51909,330,337.41
DSP0007649,CMP0083,2025-06-06,64956,347,422.22
DSP0007650,CMP0083,2025-06-07,82593,533,536.86
DSP0007651,CMP0083,2025-06-08,44823,291,291.35
DSP0007652,CMP0083,2025-06-09,76686,349,498.46
DSP0007653,CMP0083,2025-06-10,61776,315,401.55
DSP0007654,CMP0083,2025-06-11,52678,273,342.41
DSP0007655,CMP0083,2025-06-12,69616,308,452.51
DSP0007656,CMP0083,2025-06-13,75207,434,488.85
DSP0007657,CMP0083,2025-06-14,54647,313,355.21
DSP0007658,CMP0083,2025-06-15,49281,378,320.33
DSP0007659,CMP0083,2025-06-16,54515,394,354.35
DSP0007660,CMP0083,2025-06-17,63026,305,409.67
DSP0007661,CMP0083,2025-06-18,64473,483,419.08
DSP0007662,CMP0083,2025-06-19,54618,388,355.02
DSP0007663,CMP0083,2025-06-20,67781,300,440.58
DSP0007664,CMP0083,2025-06-21,46789,314,304.13
DSP0007665,CMP0083,2025-06-22,57600,244,374.40
DSP0007666,CMP0083,2025-06-23,72220,465,469.43
DSP0007667,CMP0083,2025-06-24,58680,273,381.42
DSP0007668,CMP0083,2025-06-25,64823,387,421.35
DSP0007669,CMP0083,2025-06-26,55135,322,358.38
DSP0007670,CMP0083,2025-06-27,77596,396,504.38
DSP0007671,CMP0083,2025-06-28,79667,382,517.84
DSP0007672,CMP0083,2025-06-29,72392,528,470.55
DSP0007673,CMP0083,2025-06-30,72758,346,472.93
DSP0007674,CMP0083,2025-07-01,61275,270,398.29
DSP0007675,CMP0083,2025-07-02,47141,230,306.42
DSP0007676,CMP0083,2025-07-03,73290,374,476.39
DSP0007677,CMP0083,2025-07-04,81496,547,529.73
DSP0007678,CMP0083,2025-07-05,71890,474,467.29
DSP0007679,CMP0083,2025-07-06,73275,434,476.29
DSP0007680,CMP0083,2025-07-07,74741,487,485.82
DSP0007681,CMP0083,2025-07-08,51652,367,335.74
DSP0007682,CMP0083,2025-07-09,73889,461,480.28
DSP0007683,CMP0083,2025-07-10,81592,396,530.35
DSP0007684,CMP0083,2025-07-11,80204,385,521.33
DSP0007685,CMP0083,2025-07-12,47680,340,309.92
DSP0007686,CMP0083,2025-07-13,51741,265,336.32
DSP0007687,CMP0083,2025-07-14,76738,528,498.80
DSP0007688,CMP0083,2025-07-15,66952,304,435.19
DSP0007689,CMP0083,2025-07-16,63626,455,413.57
DSP0007690,CMP0083,2025-07-17,59023,387,383.65
DSP0007691,CMP0083,2025-07-18,72395,545,470.57
DSP0007692,CMP0083,2025-07-19,61864,451,402.12
DSP0007693,CMP0083,2025-07-20,59163,456,384.56
DSP0007694,CMP0083,2025-07-21,65767,448,427.49
DSP0007695,CMP0083,2025-07-22,70081,409,455.53
DSP0007696,CMP0083,2025-07-23,67235,295,437.03
DSP0007697,CMP0083,2025-07-24,59275,297,385.29
DSP0007698,CMP0083,2025-07-25,64506,272,419.29
DSP0007699,CMP0083,2025-07-26,52170,313,339.11
DSP0007700,CMP0083,2025-07-27,62490,386,406.19
DSP0007701,CMP0083,2025-07-28,48695,220,316.52
DSP0007702,CMP0083,2025-07-29,70304,472,456.98
DSP0007703,CMP0083,2025-07-30,76690,347,498.49
DSP0007704,CMP0083,2025-07-31,52553,283,341.60
DSP0007705,CMP0083,2025-08-01,61118,333,397.27
DSP0007706,CMP0083,2025-08-02,76500,515,497.25
DSP0007707,CMP0083,2025-08-03,74167,412,482.09
DSP0007708,CMP0083,2025-08-04,77769,426,505.50
DSP0007709,CMP0083,2025-08-05,49169,375,319.60
DSP0007710,CMP0083,2025-08-06,58192,330,378.25
DSP0007711,CMP0083,2025-08-07,44836,342,291.44
DSP0007712,CMP0083,2025-08-08,74513,491,484.34
DSP0007713,CMP0083,2025-08-09,63655,299,413.76
DSP0007714,CMP0083,2025-08-10,48255,206,313.66
DSP0007715,CMP0083,2025-08-11,68629,405,446.09
DSP0007716,CMP0083,2025-08-12,81209,515,527.86
DSP0007717,CMP0083,2025-08-13,68932,373,448.06
DSP0007718,CMP0083,2025-08-14,68856,327,447.57
DSP0007719,CMP0083,2025-08-15,82138,417,533.90
DSP0007720,CMP0083,2025-08-16,68713,452,446.64
DSP0007721,CMP0083,2025-08-17,71558,472,465.13
DSP0007722,CMP0083,2025-08-18,58546,271,380.55
DSP0007723,CMP0083,2025-08-19,70792,391,460.15
DSP0007724,CMP0083,2025-08-20,80570,511,523.71
DSP0007725,CMP0083,2025-08-21,52760,357,342.94
DSP0007726,CMP0083,2025-08-22,73303,459,476.47
DSP0007727,CMP0083,2025-08-23,60421,304,392.74
DSP0007728,CMP0083,2025-08-24,44641,221,290.17
DSP0007729,CMP0083,2025-08-25,79996,574,519.98
DSP0007730,CMP0083,2025-08-26,54793,400,356.16
DSP0007731,CMP0083,2025-08-27,81095,514,527.12
DSP0007732,CMP0083,2025-08-28,47707,308,310.10
DSP0007733,CMP0083,2025-08-29,61987,277,402.92
DSP0007734,CMP0083,2025-08-30,58592,287,380.85
DSP0007735,CMP0083,2025-08-31,51032,390,331.71
DSP0007736,CMP0083,2025-09-01,46201,303,300.31
DSP0007737,CMP0083,2025-09-02,76829,573,499.39
DSP0007738,CMP0083,2025-09-03,44795,318,291.17
DSP0007739,CMP0083,2025-09-04,52333,232,340.17
DSP0007740,CMP0084,2023-04-16,2886,22,43.30
DSP0007741,CMP0084,2023-04-17,2635,25,39.53
DSP0007742,CMP0084,2023-04-18,3170,20,47.56
DSP0007743,CMP0084,2023-04-19,3504,32,52.57
DSP0007744,CMP0084,2023-04-20,4316,45,64.75
DSP0007745,CMP0084,2023-04-21,2618,19,39.27
DSP0007746,CMP0084,2023-04-22,3757,30,56.36
DSP0007747,CMP0084,2023-04-23,2768,26,41.52
DSP0007748,CMP0084,2023-04-24,3912,24,58.68
DSP0007749,CMP0084,2023-04-25,3490,31,52.35
DSP0007750,CMP0084,2023-04-26,3778,33,56.68
DSP0007751,CMP0084,2023-04-27,3202,30,48.03
DSP0007752,CMP0084,2023-04-28,2753,28,41.30
DSP0007753,CMP0084,2023-04-29,3234,31,48.51
DSP0007754,CMP0084,2023-04-30,4714,51,70.71
DSP0007755,CMP0084,2023-05-01,3252,31,48.78
DSP0007756,CMP0084,2023-05-02,4618,35,69.27
DSP0007757,CMP0084,2023-05-03,3726,25,55.90
DSP0007758,CMP0084,2023-05-04,3506,27,52.59
DSP0007759,CMP0084,2023-05-05,2565,22,38.48
DSP0007760,CMP0084,2023-05-06,3056,32,45.84
DSP0007761,CMP0084,2023-05-07,3252,21,48.79
DSP0007762,CMP0084,2023-05-08,3128,35,46.93
DSP0007763,CMP0084,2023-05-09,3988,42,59.82
DSP0007764,CMP0084,2023-05-10,3646,38,54.70
DSP0007765,CMP0084,2023-05-11,3638,39,54.58
DSP0007766,CMP0084,2023-05-12,2952,33,44.28
DSP0007767,CMP0084,2023-05-13,4128,38,61.92
DSP0007768,CMP0084,2023-05-14,4196,43,62.94
DSP0007769,CMP0084,2023-05-15,4504,31,67.57
DSP0007770,CMP0084,2023-05-16,2899,20,43.49
DSP0007771,CMP0084,2023-05-17,3906,39,58.59
DSP0007772,CMP0084,2023-05-18,2606,17,39.10
DSP0007773,CMP0084,2023-05-19,3509,31,52.64
DSP0007774,CMP0084,2023-05-20,2585,19,38.78
DSP0007775,CMP0084,2023-05-21,3089,34,46.34
DSP0007776,CMP0084,2023-05-22,3724,41,55.86
DSP0007777,CMP0084,2023-05-23,4029,26,60.44
DSP0007778,CMP0084,2023-05-24,4143,47,62.15
DSP0007779,CMP0084,2023-05-25,3399,24,50.99
DSP0007780,CMP0084,2023-05-26,3826,44,57.39
DSP0007781,CMP0084,2023-05-27,3129,27,46.94
DSP0007782,CMP0084,2023-05-28,2598,21,38.97
DSP0007783,CMP0084,2023-05-29,4286,31,64.29
DSP0007784,CMP0084,2023-05-30,2622,25,39.33
DSP0007785,CMP0084,2023-05-31,3808,43,57.13
DSP0007786,CMP0084,2023-06-01,4429,40,66.44
DSP0007787,CMP0084,2023-06-02,4485,47,67.28
DSP0007788,CMP0084,2023-06-03,4103,36,61.55
DSP0007789,CMP0084,2023-06-04,4520,43,67.81
DSP0007790,CMP0084,2023-06-05,4292,43,64.38
DSP0007791,CMP0084,2023-06-06,3594,38,53.91
DSP0007792,CMP0084,2023-06-07,4542,40,68.14
DSP0007793,CMP0084,2023-06-08,3064,32,45.96
DSP0007794,CMP0084,2023-06-09,2866,26,42.99
DSP0007795,CMP0084,2023-06-10,3312,32,49.68
DSP0007796,CMP0084,2023-06-11,3614,37,54.21
DSP0007797,CMP0084,2023-06-12,4172,48,62.58
DSP0007798,CMP0084,2023-06-13,4332,27,64.98
DSP0007799,CMP0084,2023-06-14,3132,27,46.98
DSP0007800,CMP0084,2023-06-15,4376,31,65.65
DSP0007801,CMP0084,2023-06-16,2819,26,42.29
DSP0007802,CMP0084,2023-06-17,3760,32,56.40
DSP0007803,CMP0084,2023-06-18,3552,29,53.28
DSP0007804,CMP0084,2023-06-19,4387,45,65.81
DSP0007805,CMP0084,2023-06-20,3796,28,56.95
DSP0007806,CMP0084,2023-06-21,4173,37,62.60
DSP0007807,CMP0084,2023-06-22,3196,31,47.95
DSP0007808,CMP0084,2023-06-23,4639,52,69.59
DSP0007809,CMP0084,2023-06-24,4475,49,67.13
DSP0007810,CMP0084,2023-06-25,3382,25,50.73
DSP0007811,CMP0084,2023-06-26,4171,44,62.57
DSP0007812,CMP0084,2023-06-27,4041,42,60.62
DSP0007813,CMP0084,2023-06-28,4156,37,62.35
DSP0007814,CMP0084,2023-06-29,3429,22,51.44
DSP0007815,CMP0084,2023-06-30,3436,33,51.54
DSP0007816,CMP0084,2023-07-01,4337,49,65.06
DSP0007817,CMP0084,2023-07-02,4207,48,63.11
DSP0007818,CMP0084,2023-07-03,4732,42,70.98
DSP0007819,CMP0084,2023-07-04,4207,46,63.11
DSP0007820,CMP0084,2023-07-05,3861,41,57.92
DSP0007821,CMP0084,2023-07-06,3049,25,45.74
DSP0007822,CMP0084,2023-07-07,4229,31,63.44
DSP0007823,CMP0084,2023-07-08,4036,35,60.54
DSP0007824,CMP0084,2023-07-09,3667,23,55.01
DSP0007825,CMP0084,2023-07-10,4516,43,67.75
DSP0007826,CMP0084,2023-07-11,4330,28,64.96
DSP0007827,CMP0084,2023-07-12,4653,37,69.80
DSP0007828,CMP0084,2023-07-13,2704,17,40.56
DSP0007829,CMP0084,2023-07-14,3656,37,54.85
DSP0007830,CMP0084,2023-07-15,4402,30,66.04
DSP0007831,CMP0084,2023-07-16,3127,29,46.91
DSP0007832,CMP0084,2023-07-17,4355,29,65.33
DSP0007833,CMP0084,2023-07-18,4750,30,71.25
DSP0007834,CMP0084,2023-07-19,2664,23,39.97
DSP0007835,CMP0084,2023-07-20,2738,25,41.07
DSP0007836,CMP0084,2023-07-21,3585,38,53.78
DSP0007837,CMP0084,2023-07-22,3935,32,59.03
DSP0007838,CMP0084,2023-07-23,4561,49,68.42
DSP0007839,CMP0084,2023-07-24,3456,23,51.84
DSP0007840,CMP0084,2023-07-25,2912,18,43.69
DSP0007841,CMP0084,2023-07-26,2726,22,40.90
DSP0007842,CMP0084,2023-07-27,4294,32,64.42
DSP0007843,CMP0084,2023-07-28,3718,35,55.77
DSP0007844,CMP0084,2023-07-29,3292,27,49.39
DSP0007845,CMP0084,2023-07-30,3887,25,58.31
DSP0007846,CMP0084,2023-07-31,3840,36,57.60
DSP0007847,CMP0084,2023-08-01,2582,23,38.74
DSP0007848,CMP0084,2023-08-02,3842,35,57.63
DSP0007849,CMP0084,2023-08-03,3302,38,49.53
DSP0007850,CMP0084,2023-08-04,3543,32,53.15
DSP0007851,CMP0085,2024-07-22,76411,2095,687.70
DSP0007852,CMP0085,2024-07-23,115476,2345,1039.29
DSP0007853,CMP0085,2024-07-24,92232,2756,830.09
DSP0007854,CMP0085,2024-07-25,111083,2318,999.75
DSP0007855,CMP0085,2024-07-26,101350,2782,912.15
DSP0007856,CMP0085,2024-07-27,116883,3670,1051.95
DSP0007857,CMP0085,2024-07-28,118774,2723,1068.97
DSP0007858,CMP0085,2024-07-29,115821,3127,1042.39
DSP0007859,CMP0085,2024-07-30,78471,2291,706.24
DSP0007860,CMP0085,2024-07-31,108830,3379,979.47
DSP0007861,CMP0085,2024-08-01,121937,2260,1097.44
DSP0007862,CMP0085,2024-08-02,129737,4066,1167.64
DSP0007863,CMP0085,2024-08-03,93858,2598,844.73
DSP0007864,CMP0085,2024-08-04,89373,1922,804.36
DSP0007865,CMP0085,2024-08-05,116830,3237,1051.47
DSP0007866,CMP0085,2024-08-06,131534,2836,1183.81
DSP0007867,CMP0085,2024-08-07,92028,2907,828.26
DSP0007868,CMP0085,2024-08-08,131606,2782,1184.46
DSP0007869,CMP0085,2024-08-09,133640,2764,1202.76
DSP0007870,CMP0085,2024-08-10,114756,2671,1032.81
DSP0007871,CMP0085,2024-08-11,133603,3275,1202.43
DSP0007872,CMP0085,2024-08-12,109154,2170,982.39
DSP0007873,CMP0085,2024-08-13,132480,2447,1192.32
DSP0007874,CMP0085,2024-08-14,134692,2487,1212.23
DSP0007875,CMP0085,2024-08-15,127345,4126,1146.11
DSP0007876,CMP0085,2024-08-16,79425,2088,714.83
DSP0007877,CMP0085,2024-08-17,79716,1746,717.45
DSP0007878,CMP0085,2024-08-18,133406,2484,1200.66
DSP0007879,CMP0085,2024-08-19,117296,2496,1055.67
DSP0007880,CMP0085,2024-08-20,133716,2877,1203.45
DSP0007881,CMP0085,2024-08-21,107781,3113,970.03
DSP0007882,CMP0085,2024-08-22,109036,2157,981.33
DSP0007883,CMP0085,2024-08-23,128326,3728,1154.94
DSP0007884,CMP0085,2024-08-24,118466,2478,1066.20
DSP0007885,CMP0085,2024-08-25,89983,2140,809.85
DSP0007886,CMP0085,2024-08-26,95554,3055,859.99
DSP0007887,CMP0085,2024-08-27,132184,3425,1189.66
DSP0007888,CMP0085,2024-08-28,104723,2626,942.51
DSP0007889,CMP0085,2024-08-29,109405,1958,984.65
DSP0007890,CMP0085,2024-08-30,123504,3989,1111.54
DSP0007891,CMP0085,2024-08-31,122913,3021,1106.22
DSP0007892,CMP0085,2024-09-01,86825,2467,781.43
DSP0007893,CMP0085,2024-09-02,137938,3188,1241.45
DSP0007894,CMP0085,2024-09-03,123608,3793,1112.48
DSP0007895,CMP0085,2024-09-04,125878,2242,1132.91
DSP0007896,CMP0085,2024-09-05,82197,2127,739.78
DSP0007897,CMP0085,2024-09-06,105672,2793,951.05
DSP0007898,CMP0085,2024-09-07,75476,1646,679.29
DSP0007899,CMP0085,2024-09-08,79543,1893,715.89
DSP0007900,CMP0085,2024-09-09,128714,2406,1158.43
DSP0007901,CMP0085,2024-09-10,78795,2283,709.16
DSP0007902,CMP0085,2024-09-11,99755,3071,897.80
DSP0007903,CMP0086,2023-03-02,5030,191,90.54
DSP0007904,CMP0086,2023-03-03,5245,198,94.42
DSP0007905,CMP0086,2023-03-04,6110,161,109.98
DSP0007906,CMP0086,2023-03-05,5712,161,102.83
DSP0007907,CMP0086,2023-03-06,5155,165,92.80
DSP0007908,CMP0086,2023-03-07,4315,152,77.68
DSP0007909,CMP0086,2023-03-08,4032,113,72.58
DSP0007910,CMP0086,2023-03-09,4051,164,72.92
DSP0007911,CMP0086,2023-03-10,7330,182,131.94
DSP0007912,CMP0086,2023-03-11,6503,277,117.07
DSP0007913,CMP0086,2023-03-12,7204,310,129.68
DSP0007914,CMP0086,2023-03-13,4679,182,84.23
DSP0007915,CMP0086,2023-03-14,4545,205,81.81
DSP0007916,CMP0086,2023-03-15,5646,159,101.64
DSP0007917,CMP0086,2023-03-16,4817,197,86.71
DSP0007918,CMP0086,2023-03-17,5784,203,104.12
DSP0007919,CMP0086,2023-03-18,5939,187,106.91
DSP0007920,CMP0086,2023-03-19,5155,182,92.79
DSP0007921,CMP0086,2023-03-20,5312,140,95.62
DSP0007922,CMP0086,2023-03-21,6464,195,116.36
DSP0007923,CMP0086,2023-03-22,6028,196,108.51
DSP0007924,CMP0086,2023-03-23,7405,270,133.29
DSP0007925,CMP0086,2023-03-24,5035,189,90.63
DSP0007926,CMP0086,2023-03-25,4608,172,82.95
DSP0007927,CMP0086,2023-03-26,5418,143,97.53
DSP0007928,CMP0086,2023-03-27,6860,192,123.48
DSP0007929,CMP0086,2023-03-28,6616,237,119.10
DSP0007930,CMP0086,2023-03-29,6262,157,112.73
DSP0007931,CMP0086,2023-03-30,6796,171,122.33
DSP0007932,CMP0086,2023-03-31,5098,231,91.78
DSP0007933,CMP0086,2023-04-01,4631,176,83.36
DSP0007934,CMP0086,2023-04-02,4047,102,72.85
DSP0007935,CMP0086,2023-04-03,6195,236,111.52
DSP0007936,CMP0086,2023-04-04,7076,277,127.38
DSP0007937,CMP0086,2023-04-05,4318,122,77.73
DSP0007938,CMP0086,2023-04-06,4749,202,85.49
DSP0007939,CMP0086,2023-04-07,7345,326,132.22
DSP0007940,CMP0086,2023-04-08,6530,160,117.55
DSP0007941,CMP0086,2023-04-09,7219,299,129.95
DSP0007942,CMP0086,2023-04-10,7085,219,127.53
DSP0007943,CMP0086,2023-04-11,5007,141,90.13
DSP0007944,CMP0086,2023-04-12,5166,184,92.99
DSP0007945,CMP0086,2023-04-13,5785,243,104.13
DSP0007946,CMP0086,2023-04-14,5192,144,93.46
DSP0007947,CMP0086,2023-04-15,6656,295,119.81
DSP0007948,CMP0086,2023-04-16,7122,242,128.21
DSP0007949,CMP0086,2023-04-17,5730,170,103.14
DSP0007950,CMP0086,2023-04-18,5101,134,91.82
DSP0007951,CMP0086,2023-04-19,6523,245,117.43
DSP0007952,CMP0086,2023-04-20,4636,210,83.46
DSP0007953,CMP0086,2023-04-21,5935,167,106.83
DSP0007954,CMP0086,2023-04-22,4711,131,84.80
DSP0007955,CMP0086,2023-04-23,7090,252,127.62
DSP0007956,CMP0086,2023-04-24,4781,125,86.06
DSP0007957,CMP0086,2023-04-25,6211,172,111.81
DSP0007958,CMP0086,2023-04-26,6865,242,123.58
DSP0007959,CMP0086,2023-04-27,6132,182,110.39
DSP0007960,CMP0086,2023-04-28,6509,279,117.17
DSP0007961,CMP0086,2023-04-29,5457,233,98.23
DSP0007962,CMP0086,2023-04-30,7287,283,131.18
DSP0007963,CMP0086,2023-05-01,4950,221,89.11
DSP0007964,CMP0086,2023-05-02,5156,156,92.81
DSP0007965,CMP0086,2023-05-03,6687,168,120.38
DSP0007966,CMP0086,2023-05-04,6144,231,110.60
DSP0007967,CMP0086,2023-05-05,6383,233,114.91
DSP0007968,CMP0086,2023-05-06,5578,234,100.41
DSP0007969,CMP0086,2023-05-07,6869,243,123.65
DSP0007970,CMP0086,2023-05-08,7258,263,130.66
DSP0007971,CMP0086,2023-05-09,6876,224,123.78
DSP0007972,CMP0086,2023-05-10,4337,178,78.07
DSP0007973,CMP0086,2023-05-11,4078,177,73.41
DSP0007974,CMP0086,2023-05-12,4840,143,87.13
DSP0007975,CMP0086,2023-05-13,4417,182,79.52
DSP0007976,CMP0086,2023-05-14,5074,155,91.34
DSP0007977,CMP0086,2023-05-15,5977,260,107.59
DSP0007978,CMP0086,2023-05-16,5078,217,91.41
DSP0007979,CMP0086,2023-05-17,7094,263,127.70
DSP0007980,CMP0086,2023-05-18,4067,153,73.21
DSP0007981,CMP0086,2023-05-19,4316,190,77.70
DSP0007982,CMP0086,2023-05-20,5342,186,96.17
DSP0007983,CMP0086,2023-05-21,6124,197,110.24
DSP0007984,CMP0086,2023-05-22,5874,165,105.74
DSP0007985,CMP0086,2023-05-23,5092,135,91.66
DSP0007986,CMP0086,2023-05-24,6643,246,119.59
DSP0007987,CMP0086,2023-05-25,5520,246,99.37
DSP0007988,CMP0086,2023-05-26,4497,114,80.96
DSP0007989,CMP0086,2023-05-27,5713,254,102.84
DSP0007990,CMP0086,2023-05-28,4554,206,81.98
DSP0007991,CMP0086,2023-05-29,5863,226,105.54
DSP0007992,CMP0086,2023-05-30,6997,270,125.96
DSP0007993,CMP0086,2023-05-31,5432,217,97.78
DSP0007994,CMP0086,2023-06-01,7364,243,132.56
DSP0007995,CMP0086,2023-06-02,7028,277,126.51
DSP0007996,CMP0086,2023-06-03,5159,170,92.87
DSP0007997,CMP0086,2023-06-04,4176,183,75.18
DSP0007998,CMP0086,2023-06-05,6222,231,112.00
DSP0007999,CMP0086,2023-06-06,6046,198,108.83
DSP0008000,CMP0086,2023-06-07,5036,187,90.65
DSP0008001,CMP0086,2023-06-08,7026,315,126.48
DSP0008002,CMP0086,2023-06-09,4676,141,84.17
DSP0008003,CMP0086,2023-06-10,6267,275,112.81
DSP0008004,CMP0086,2023-06-11,5499,220,98.99
DSP0008005,CMP0086,2023-06-12,4852,155,87.34
DSP0008006,CMP0086,2023-06-13,6262,273,112.72
DSP0008007,CMP0086,2023-06-14,5962,258,107.33
DSP0008008,CMP0086,2023-06-15,4025,144,72.46
DSP0008009,CMP0086,2023-06-16,6442,193,115.97
DSP0008010,CMP0086,2023-06-17,4394,131,79.10
DSP0008011,CMP0086,2023-06-18,5382,241,96.89
DSP0008012,CMP0086,2023-06-19,5240,232,94.33
DSP0008013,CMP0086,2023-06-20,4586,183,82.56
DSP0008014,CMP0086,2023-06-21,5572,245,100.31
DSP0008015,CMP0086,2023-06-22,5868,146,105.64
DSP0008016,CMP0086,2023-06-23,7344,191,132.20
DSP0008017,CMP0087,2023-06-09,29749,532,327.24
DSP0008018,CMP0087,2023-06-10,30308,577,333.39
DSP0008019,CMP0087,2023-06-11,40210,912,442.31
DSP0008020,CMP0087,2023-06-12,36111,647,397.23
DSP0008021,CMP0087,2023-06-13,29525,376,324.78
DSP0008022,CMP0087,2023-06-14,25697,407,282.67
DSP0008023,CMP0087,2023-06-15,29121,525,320.34
DSP0008024,CMP0087,2023-06-16,37503,567,412.54
DSP0008025,CMP0087,2023-06-17,22310,519,245.41
DSP0008026,CMP0087,2023-06-18,28325,512,311.58
DSP0008027,CMP0087,2023-06-19,35145,624,386.60
DSP0008028,CMP0087,2023-06-20,38154,565,419.70
DSP0008029,CMP0087,2023-06-21,37587,528,413.46
DSP0008030,CMP0087,2023-06-22,28625,444,314.88
DSP0008031,CMP0087,2023-06-23,31820,697,350.02
DSP0008032,CMP0087,2023-06-24,32939,752,362.33
DSP0008033,CMP0087,2023-06-25,38177,851,419.95
DSP0008034,CMP0087,2023-06-26,29800,495,327.80
DSP0008035,CMP0087,2023-06-27,26540,410,291.94
DSP0008036,CMP0087,2023-06-28,22266,508,244.93
DSP0008037,CMP0087,2023-06-29,36766,624,404.43
DSP0008038,CMP0087,2023-06-30,36026,492,396.29
DSP0008039,CMP0087,2023-07-01,24155,536,265.71
DSP0008040,CMP0087,2023-07-02,37464,522,412.11
DSP0008041,CMP0087,2023-07-03,24020,374,264.23
DSP0008042,CMP0087,2023-07-04,24882,336,273.71
DSP0008043,CMP0087,2023-07-05,34502,690,379.53
DSP0008044,CMP0087,2023-07-06,35032,725,385.36
DSP0008045,CMP0087,2023-07-07,30991,473,340.91
DSP0008046,CMP0087,2023-07-08,34874,738,383.62
DSP0008047,CMP0087,2023-07-09,30620,459,336.82
DSP0008048,CMP0087,2023-07-10,34163,531,375.80
DSP0008049,CMP0087,2023-07-11,30226,404,332.49
DSP0008050,CMP0087,2023-07-12,24600,413,270.60
DSP0008051,CMP0087,2023-07-13,30022,563,330.25
DSP0008052,CMP0087,2023-07-14,31396,452,345.36
DSP0008053,CMP0087,2023-07-15,38269,510,420.96
DSP0008054,CMP0087,2023-07-16,30870,555,339.57
DSP0008055,CMP0087,2023-07-17,29583,490,325.42
DSP0008056,CMP0087,2023-07-18,25210,496,277.31
DSP0008057,CMP0087,2023-07-19,35502,463,390.53
DSP0008058,CMP0087,2023-07-20,30947,493,340.42
DSP0008059,CMP0087,2023-07-21,40949,653,450.44
DSP0008060,CMP0087,2023-07-22,23953,387,263.49
DSP0008061,CMP0087,2023-07-23,22968,328,252.65
DSP0008062,CMP0087,2023-07-24,40589,876,446.48
DSP0008063,CMP0087,2023-07-25,38124,554,419.37
DSP0008064,CMP0087,2023-07-26,26639,480,293.03
DSP0008065,CMP0087,2023-07-27,27034,358,297.38
DSP0008066,CMP0088,2025-06-13,66635,504,433.13
DSP0008067,CMP0088,2025-06-14,47010,297,305.57
DSP0008068,CMP0088,2025-06-15,65753,445,427.40
DSP0008069,CMP0088,2025-06-16,54246,280,352.60
DSP0008070,CMP0088,2025-06-17,66796,520,434.18
DSP0008071,CMP0088,2025-06-18,66078,450,429.51
DSP0008072,CMP0088,2025-06-19,44927,291,292.03
DSP0008073,CMP0088,2025-06-20,45636,327,296.64
DSP0008074,CMP0088,2025-06-21,67656,393,439.77
DSP0008075,CMP0088,2025-06-22,67029,313,435.69
DSP0008076,CMP0088,2025-06-23,38096,235,247.63
DSP0008077,CMP0088,2025-06-24,67133,464,436.37
DSP0008078,CMP0088,2025-06-25,59210,354,384.87
DSP0008079,CMP0088,2025-06-26,41606,216,270.44
DSP0008080,CMP0088,2025-06-27,60350,324,392.28
DSP0008081,CMP0088,2025-06-28,45190,299,293.74
DSP0008082,CMP0088,2025-06-29,41438,205,269.35
DSP0008083,CMP0088,2025-06-30,64843,463,421.48
DSP0008084,CMP0088,2025-07-01,52306,350,339.99
DSP0008085,CMP0088,2025-07-02,52218,300,339.42
DSP0008086,CMP0088,2025-07-03,53413,382,347.19
DSP0008087,CMP0088,2025-07-04,59324,256,385.61
DSP0008088,CMP0088,2025-07-05,58646,410,381.20
DSP0008089,CMP0088,2025-07-06,51744,252,336.34
DSP0008090,CMP0088,2025-07-07,57246,380,372.10
DSP0008091,CMP0088,2025-07-08,41610,188,270.47
DSP0008092,CMP0088,2025-07-09,66143,448,429.93
DSP0008093,CMP0088,2025-07-10,55876,251,363.20
DSP0008094,CMP0088,2025-07-11,40698,286,264.54
DSP0008095,CMP0088,2025-07-12,50190,300,326.24
DSP0008096,CMP0088,2025-07-13,49118,363,319.27
DSP0008097,CMP0088,2025-07-14,66995,343,435.47
DSP0008098,CMP0088,2025-07-15,44449,264,288.92
DSP0008099,CMP0088,2025-07-16,52546,346,341.55
DSP0008100,CMP0088,2025-07-17,60993,397,396.46
DSP0008101,CMP0088,2025-07-18,55610,410,361.47
DSP0008102,CMP0088,2025-07-19,48275,215,313.79
DSP0008103,CMP0088,2025-07-20,68475,297,445.09
DSP0008104,CMP0088,2025-07-21,45243,224,294.08
DSP0008105,CMP0088,2025-07-22,59447,382,386.41
DSP0008106,CMP0088,2025-07-23,66983,476,435.39
DSP0008107,CMP0088,2025-07-24,51889,262,337.28
DSP0008108,CMP0088,2025-07-25,39721,235,258.19
DSP0008109,CMP0088,2025-07-26,43976,284,285.85
DSP0008110,CMP0088,2025-07-27,62983,438,409.39
DSP0008111,CMP0088,2025-07-28,57570,380,374.21
DSP0008112,CMP0088,2025-07-29,47532,229,308.96
DSP0008113,CMP0088,2025-07-30,44604,195,289.93
DSP0008114,CMP0088,2025-07-31,67955,438,441.71
DSP0008115,CMP0088,2025-08-01,41404,185,269.13
DSP0008116,CMP0088,2025-08-02,57247,441,372.11
DSP0008117,CMP0088,2025-08-03,63084,316,410.05
DSP0008118,CMP0088,2025-08-04,42418,211,275.72
DSP0008119,CMP0088,2025-08-05,68767,474,446.99
DSP0008120,CMP0088,2025-08-06,53338,290,346.70
DSP0008121,CMP0088,2025-08-07,49590,277,322.34
DSP0008122,CMP0088,2025-08-08,43255,184,281.16
DSP0008123,CMP0088,2025-08-09,39458,190,256.48
DSP0008124,CMP0088,2025-08-10,51140,257,332.41
DSP0008125,CMP0088,2025-08-11,69975,539,454.84
DSP0008126,CMP0088,2025-08-12,68956,497,448.22
DSP0008127,CMP0088,2025-08-13,59987,384,389.92
DSP0008128,CMP0088,2025-08-14,46509,219,302.31
DSP0008129,CMP0088,2025-08-15,55293,393,359.41
DSP0008130,CMP0088,2025-08-16,69018,335,448.62
DSP0008131,CMP0088,2025-08-17,53789,350,349.63
DSP0008132,CMP0088,2025-08-18,43795,267,284.67
DSP0008133,CMP0088,2025-08-19,51467,329,334.54
DSP0008134,CMP0088,2025-08-20,65329,436,424.64
DSP0008135,CMP0088,2025-08-21,70007,429,455.05
DSP0008136,CMP0088,2025-08-22,55147,317,358.46
DSP0008137,CMP0088,2025-08-23,47173,315,306.63
DSP0008138,CMP0088,2025-08-24,51575,271,335.24
DSP0008139,CMP0088,2025-08-25,63066,354,409.93
DSP0008140,CMP0088,2025-08-26,39513,298,256.84
DSP0008141,CMP0088,2025-08-27,52803,327,343.22
DSP0008142,CMP0088,2025-08-28,69592,394,452.35
DSP0008143,CMP0088,2025-08-29,69750,338,453.38
DSP0008144,CMP0088,2025-08-30,60421,394,392.74
DSP0008145,CMP0088,2025-08-31,69112,311,449.23
DSP0008146,CMP0088,2025-09-01,46460,273,301.99
DSP0008147,CMP0088,2025-09-02,42043,326,273.28
DSP0008148,CMP0088,2025-09-03,68581,364,445.78
DSP0008149,CMP0088,2025-09-04,50741,288,329.82
DSP0008150,CMP0088,2025-09-05,60003,376,390.02
DSP0008151,CMP0088,2025-09-06,47389,320,308.03
DSP0008152,CMP0088,2025-09-07,41166,295,267.58
DSP0008153,CMP0088,2025-09-08,67155,366,436.51
DSP0008154,CMP0088,2025-09-09,60409,361,392.66
DSP0008155,CMP0088,2025-09-10,41838,213,271.95
DSP0008156,CMP0088,2025-09-11,60778,346,395.06
DSP0008157,CMP0088,2025-09-12,63436,475,412.34
DSP0008158,CMP0088,2025-09-13,57407,347,373.15
DSP0008159,CMP0088,2025-09-14,63670,344,413.86
DSP0008160,CMP0088,2025-09-15,44683,187,290.44
DSP0008161,CMP0088,2025-09-16,55581,274,361.28
DSP0008162,CMP0088,2025-09-17,60078,271,390.51
DSP0008163,CMP0088,2025-09-18,42998,279,279.49
DSP0008164,CMP0088,2025-09-19,67144,343,436.44
DSP0008165,CMP0088,2025-09-20,54529,421,354.44
DSP0008166,CMP0088,2025-09-21,65120,410,423.28
DSP0008167,CMP0088,2025-09-22,45830,256,297.90
DSP0008168,CMP0088,2025-09-23,69115,384,449.25
DSP0008169,CMP0088,2025-09-24,50470,337,328.06
DSP0008170,CMP0088,2025-09-25,42664,199,277.32
DSP0008171,CMP0088,2025-09-26,44646,328,290.20
DSP0008172,CMP0088,2025-09-27,38516,208,250.36
DSP0008173,CMP0088,2025-09-28,45913,213,298.44
DSP0008174,CMP0088,2025-09-29,59047,356,383.81
DSP0008175,CMP0088,2025-09-30,42961,189,279.25
DSP0008176,CMP0088,2025-10-01,38849,277,252.52
DSP0008177,CMP0088,2025-10-02,51710,219,336.12
DSP0008178,CMP0088,2025-10-03,48469,251,315.05
DSP0008179,CMP0088,2025-10-04,66056,429,429.37
DSP0008180,CMP0088,2025-10-05,50901,314,330.86
DSP0008181,CMP0088,2025-10-06,60006,392,390.04
DSP0008182,CMP0088,2025-10-07,64964,289,422.27
DSP0008183,CMP0089,2023-12-27,53368,341,800.53
DSP0008184,CMP0089,2023-12-28,47751,348,716.27
DSP0008185,CMP0089,2023-12-29,50434,345,756.52
DSP0008186,CMP0089,2023-12-30,49499,527,742.49
DSP0008187,CMP0089,2023-12-31,55329,536,829.94
DSP0008188,CMP0089,2024-01-01,53348,434,800.22
DSP0008189,CMP0089,2024-01-02,53979,410,809.69
DSP0008190,CMP0089,2024-01-03,54159,523,812.39
DSP0008191,CMP0089,2024-01-04,58427,601,876.41
DSP0008192,CMP0089,2024-01-05,33829,335,507.44
DSP0008193,CMP0089,2024-01-06,50791,546,761.87
DSP0008194,CMP0089,2024-01-07,52954,349,794.31
DSP0008195,CMP0089,2024-01-08,35690,304,535.36
DSP0008196,CMP0089,2024-01-09,42166,282,632.49
DSP0008197,CMP0089,2024-01-10,55900,602,838.50
DSP0008198,CMP0089,2024-01-11,51743,484,776.15
DSP0008199,CMP0089,2024-01-12,33602,321,504.04
DSP0008200,CMP0089,2024-01-13,54914,381,823.71
DSP0008201,CMP0089,2024-01-14,42824,288,642.37
DSP0008202,CMP0089,2024-01-15,36082,404,541.24
DSP0008203,CMP0089,2024-01-16,47429,348,711.44
DSP0008204,CMP0089,2024-01-17,51265,330,768.98
DSP0008205,CMP0089,2024-01-18,35784,315,536.77
DSP0008206,CMP0089,2024-01-19,48321,494,724.82
DSP0008207,CMP0089,2024-01-20,44757,514,671.36
DSP0008208,CMP0089,2024-01-21,43938,395,659.08
DSP0008209,CMP0089,2024-01-22,48547,371,728.21
DSP0008210,CMP0089,2024-01-23,38732,403,580.98
DSP0008211,CMP0089,2024-01-24,43946,438,659.19
DSP0008212,CMP0089,2024-01-25,41477,381,622.16
DSP0008213,CMP0089,2024-01-26,47138,506,707.07
DSP0008214,CMP0089,2024-01-27,57633,477,864.50
DSP0008215,CMP0089,2024-01-28,39592,431,593.89
DSP0008216,CMP0089,2024-01-29,47220,518,708.31
DSP0008217,CMP0089,2024-01-30,48880,451,733.21
DSP0008218,CMP0089,2024-01-31,53121,431,796.82
DSP0008219,CMP0089,2024-02-01,33702,296,505.54
DSP0008220,CMP0089,2024-02-02,44768,434,671.52
DSP0008221,CMP0089,2024-02-03,32872,255,493.08
DSP0008222,CMP0089,2024-02-04,40319,446,604.79
DSP0008223,CMP0089,2024-02-05,32371,364,485.57
DSP0008224,CMP0089,2024-02-06,59388,577,890.82
DSP0008225,CMP0089,2024-02-07,38786,247,581.80
DSP0008226,CMP0089,2024-02-08,54796,507,821.94
DSP0008227,CMP0089,2024-02-09,35648,290,534.73
DSP0008228,CMP0089,2024-02-10,59500,478,892.50
DSP0008229,CMP0089,2024-02-11,54932,430,823.98
DSP0008230,CMP0089,2024-02-12,53090,371,796.35
DSP0008231,CMP0089,2024-02-13,40507,371,607.61
DSP0008232,CMP0089,2024-02-14,58568,527,878.52
DSP0008233,CMP0089,2024-02-15,53481,550,802.22
DSP0008234,CMP0089,2024-02-16,54064,535,810.97
DSP0008235,CMP0089,2024-02-17,58570,384,878.56
DSP0008236,CMP0089,2024-02-18,42372,397,635.59
DSP0008237,CMP0089,2024-02-19,45132,328,676.99
DSP0008238,CMP0089,2024-02-20,36233,339,543.50
DSP0008239,CMP0089,2024-02-21,32806,223,492.09
DSP0008240,CMP0089,2024-02-22,32574,323,488.61
DSP0008241,CMP0089,2024-02-23,58173,406,872.60
DSP0008242,CMP0089,2024-02-24,40429,267,606.44
DSP0008243,CMP0089,2024-02-25,35756,261,536.34
DSP0008244,CMP0089,2024-02-26,36295,241,544.43
DSP0008245,CMP0090,2024-12-07,27902,518,251.12
DSP0008246,CMP0090,2024-12-08,36095,812,324.86
DSP0008247,CMP0090,2024-12-09,34085,952,306.77
DSP0008248,CMP0090,2024-12-10,38146,675,343.32
DSP0008249,CMP0090,2024-12-11,36257,732,326.32
DSP0008250,CMP0090,2024-12-12,26831,749,241.48
DSP0008251,CMP0090,2024-12-13,42882,840,385.94
DSP0008252,CMP0090,2024-12-14,32055,702,288.50
DSP0008253,CMP0090,2024-12-15,38765,1162,348.89
DSP0008254,CMP0090,2024-12-16,29755,920,267.80
DSP0008255,CMP0090,2024-12-17,38864,733,349.78
DSP0008256,CMP0090,2024-12-18,37457,1070,337.12
DSP0008257,CMP0090,2024-12-19,26503,836,238.53
DSP0008258,CMP0090,2024-12-20,42750,859,384.75
DSP0008259,CMP0090,2024-12-21,38538,1082,346.85
DSP0008260,CMP0090,2024-12-22,30033,779,270.30
DSP0008261,CMP0090,2024-12-23,41300,1094,371.70
DSP0008262,CMP0090,2024-12-24,33328,1024,299.96
DSP0008263,CMP0090,2024-12-25,33482,788,301.34
DSP0008264,CMP0090,2024-12-26,23504,639,211.54
DSP0008265,CMP0090,2024-12-27,42761,1044,384.85
DSP0008266,CMP0090,2024-12-28,34483,607,310.35
DSP0008267,CMP0090,2024-12-29,33587,919,302.29
DSP0008268,CMP0090,2024-12-30,24035,594,216.32
DSP0008269,CMP0090,2024-12-31,35186,791,316.68
DSP0008270,CMP0090,2025-01-01,31640,592,284.76
DSP0008271,CMP0090,2025-01-02,31678,669,285.11
DSP0008272,CMP0090,2025-01-03,33698,592,303.29
DSP0008273,CMP0090,2025-01-04,30684,952,276.16
DSP0008274,CMP0090,2025-01-05,36204,804,325.84
DSP0008275,CMP0090,2025-01-06,24646,775,221.82
DSP0008276,CMP0090,2025-01-07,37711,971,339.40
DSP0008277,CMP0090,2025-01-08,26163,833,235.47
DSP0008278,CMP0090,2025-01-09,36408,870,327.68
DSP0008279,CMP0090,2025-01-10,41315,1089,371.84
DSP0008280,CMP0090,2025-01-11,33584,1011,302.26
DSP0008281,CMP0090,2025-01-12,42226,957,380.04
DSP0008282,CMP0090,2025-01-13,29173,933,262.56
DSP0008283,CMP0090,2025-01-14,32635,711,293.72
DSP0008284,CMP0090,2025-01-15,30401,653,273.61
DSP0008285,CMP0090,2025-01-16,39940,1088,359.46
DSP0008286,CMP0090,2025-01-17,31603,770,284.43
DSP0008287,CMP0090,2025-01-18,24684,751,222.16
DSP0008288,CMP0090,2025-01-19,25213,789,226.92
DSP0008289,CMP0090,2025-01-20,35260,1083,317.34
DSP0008290,CMP0090,2025-01-21,31416,590,282.75
DSP0008291,CMP0090,2025-01-22,36067,859,324.61
DSP0008292,CMP0090,2025-01-23,41777,840,376.00
DSP0008293,CMP0090,2025-01-24,25575,814,230.18
DSP0008294,CMP0090,2025-01-25,38134,711,343.21
DSP0008295,CMP0090,2025-01-26,35805,767,322.25
DSP0008296,CMP0090,2025-01-27,36106,1076,324.96
DSP0008297,CMP0090,2025-01-28,39678,1055,357.11
DSP0008298,CMP0090,2025-01-29,23390,447,210.51
DSP0008299,CMP0090,2025-01-30,42943,881,386.49
DSP0008300,CMP0090,2025-01-31,32585,999,293.27
DSP0008301,CMP0090,2025-02-01,30578,942,275.21
DSP0008302,CMP0090,2025-02-02,24448,753,220.04
DSP0008303,CMP0090,2025-02-03,26501,828,238.51
DSP0008304,CMP0090,2025-02-04,35093,883,315.84
DSP0008305,CMP0090,2025-02-05,29463,578,265.17
DSP0008306,CMP0090,2025-02-06,38125,760,343.13
DSP0008307,CMP0090,2025-02-07,31884,967,286.96
DSP0008308,CMP0090,2025-02-08,36735,952,330.62
DSP0008309,CMP0090,2025-02-09,24252,752,218.27
DSP0008310,CMP0090,2025-02-10,28098,858,252.89
DSP0008311,CMP0090,2025-02-11,36438,1017,327.95
DSP0008312,CMP0090,2025-02-12,42243,1329,380.19
DSP0008313,CMP0090,2025-02-13,25386,527,228.48
DSP0008314,CMP0090,2025-02-14,35590,805,320.31
DSP0008315,CMP0090,2025-02-15,27468,812,247.22
DSP0008316,CMP0090,2025-02-16,33995,644,305.96
DSP0008317,CMP0090,2025-02-17,33768,1071,303.92
DSP0008318,CMP0090,2025-02-18,42985,860,386.87
DSP0008319,CMP0090,2025-02-19,25322,527,227.90
DSP0008320,CMP0090,2025-02-20,33733,696,303.60
DSP0008321,CMP0090,2025-02-21,33846,901,304.62
DSP0008322,CMP0090,2025-02-22,38647,1251,347.83
DSP0008323,CMP0090,2025-02-23,33803,680,304.23
DSP0008324,CMP0090,2025-02-24,29654,537,266.89
DSP0008325,CMP0090,2025-02-25,25653,555,230.88
DSP0008326,CMP0090,2025-02-26,32423,728,291.81
DSP0008327,CMP0090,2025-02-27,36025,979,324.23
DSP0008328,CMP0090,2025-02-28,27074,738,243.67
DSP0008329,CMP0090,2025-03-01,43083,1243,387.75
DSP0008330,CMP0090,2025-03-02,40443,1017,363.99
DSP0008331,CMP0090,2025-03-03,40706,1037,366.36
DSP0008332,CMP0090,2025-03-04,27460,709,247.14
DSP0008333,CMP0090,2025-03-05,41530,825,373.77
DSP0008334,CMP0090,2025-03-06,30905,625,278.15
DSP0008335,CMP0090,2025-03-07,36564,1180,329.08
DSP0008336,CMP0090,2025-03-08,25421,517,228.79
DSP0008337,CMP0090,2025-03-09,31103,1003,279.93
DSP0008338,CMP0091,2024-04-08,12404,413,223.28
DSP0008339,CMP0091,2024-04-09,21370,565,384.67
DSP0008340,CMP0091,2024-04-10,19109,501,343.97
DSP0008341,CMP0091,2024-04-11,19097,654,343.75
DSP0008342,CMP0091,2024-04-12,17573,663,316.33
DSP0008343,CMP0091,2024-04-13,17036,544,306.66
DSP0008344,CMP0091,2024-04-14,13428,349,241.72
DSP0008345,CMP0091,2024-04-15,13408,578,241.36
DSP0008346,CMP0091,2024-04-16,12614,312,227.06
DSP0008347,CMP0091,2024-04-17,18391,738,331.04
DSP0008348,CMP0091,2024-04-18,22067,626,397.21
DSP0008349,CMP0091,2024-04-19,16112,468,290.03
DSP0008350,CMP0091,2024-04-20,12375,354,222.75
DSP0008351,CMP0091,2024-04-21,21581,706,388.47
DSP0008352,CMP0091,2024-04-22,21340,861,384.12
DSP0008353,CMP0091,2024-04-23,21630,835,389.34
DSP0008354,CMP0091,2024-04-24,22446,813,404.04
DSP0008355,CMP0091,2024-04-25,22665,948,407.97
DSP0008356,CMP0091,2024-04-26,20795,548,374.31
DSP0008357,CMP0091,2024-04-27,19531,490,351.56
DSP0008358,CMP0091,2024-04-28,15520,383,279.37
DSP0008359,CMP0091,2024-04-29,17384,722,312.92
DSP0008360,CMP0091,2024-04-30,22835,891,411.04
DSP0008361,CMP0091,2024-05-01,20397,573,367.15
DSP0008362,CMP0091,2024-05-02,12479,514,224.63
DSP0008363,CMP0091,2024-05-03,13023,521,234.43
DSP0008364,CMP0091,2024-05-04,17950,477,323.11
DSP0008365,CMP0091,2024-05-05,20154,559,362.78
DSP0008366,CMP0091,2024-05-06,13534,462,243.62
DSP0008367,CMP0091,2024-05-07,12550,502,225.90
DSP0008368,CMP0091,2024-05-08,19386,616,348.95
DSP0008369,CMP0091,2024-05-09,20538,905,369.69
DSP0008370,CMP0091,2024-05-10,21485,886,386.73
DSP0008371,CMP0091,2024-05-11,15793,432,284.28
DSP0008372,CMP0091,2024-05-12,12494,533,224.90
DSP0008373,CMP0091,2024-05-13,18077,807,325.39
DSP0008374,CMP0091,2024-05-14,17033,762,306.60
DSP0008375,CMP0091,2024-05-15,15679,626,282.23
DSP0008376,CMP0091,2024-05-16,19657,753,353.83
DSP0008377,CMP0091,2024-05-17,22449,597,404.09
DSP0008378,CMP0091,2024-05-18,22283,646,401.11
DSP0008379,CMP0091,2024-05-19,14598,620,262.77
DSP0008380,CMP0091,2024-05-20,13540,502,243.72
DSP0008381,CMP0091,2024-05-21,20551,809,369.93
DSP0008382,CMP0091,2024-05-22,18762,529,337.73
DSP0008383,CMP0091,2024-05-23,18706,756,336.72
DSP0008384,CMP0091,2024-05-24,17575,488,316.36
DSP0008385,CMP0091,2024-05-25,22809,874,410.57
DSP0008386,CMP0091,2024-05-26,16556,506,298.02
DSP0008387,CMP0091,2024-05-27,19897,678,358.15
DSP0008388,CMP0091,2024-05-28,14352,594,258.35
DSP0008389,CMP0091,2024-05-29,14250,560,256.50
DSP0008390,CMP0091,2024-05-30,12768,551,229.83
DSP0008391,CMP0091,2024-05-31,22629,603,407.33
DSP0008392,CMP0091,2024-06-01,17568,776,316.24
DSP0008393,CMP0091,2024-06-02,12720,552,228.96
DSP0008394,CMP0091,2024-06-03,15457,656,278.23
DSP0008395,CMP0091,2024-06-04,19389,616,349.01
DSP0008396,CMP0091,2024-06-05,22185,601,399.34
DSP0008397,CMP0091,2024-06-06,20628,887,371.31
DSP0008398,CMP0091,2024-06-07,19132,503,344.39
DSP0008399,CMP0091,2024-06-08,21660,692,389.88
DSP0008400,CMP0091,2024-06-09,18062,674,325.13
DSP0008401,CMP0091,2024-06-10,22012,542,396.23
DSP0008402,CMP0091,2024-06-11,20284,730,365.12
DSP0008403,CMP0091,2024-06-12,18226,641,328.08
DSP0008404,CMP0091,2024-06-13,17466,604,314.39
DSP0008405,CMP0091,2024-06-14,15330,501,275.95
DSP0008406,CMP0091,2024-06-15,22002,548,396.04
DSP0008407,CMP0091,2024-06-16,19798,492,356.38
DSP0008408,CMP0091,2024-06-17,19595,702,352.71
DSP0008409,CMP0091,2024-06-18,12715,375,228.88
DSP0008410,CMP0091,2024-06-19,19682,720,354.29
DSP0008411,CMP0091,2024-06-20,20112,496,362.03
DSP0008412,CMP0091,2024-06-21,13483,441,242.70
DSP0008413,CMP0091,2024-06-22,16940,590,304.93
DSP0008414,CMP0091,2024-06-23,20197,899,363.56
DSP0008415,CMP0091,2024-06-24,15900,515,286.21
DSP0008416,CMP0091,2024-06-25,16498,523,296.97
DSP0008417,CMP0091,2024-06-26,17640,603,317.53
DSP0008418,CMP0091,2024-06-27,22459,861,404.27
DSP0008419,CMP0091,2024-06-28,19544,640,351.80
DSP0008420,CMP0091,2024-06-29,16731,627,301.16
DSP0008421,CMP0091,2024-06-30,18953,697,341.17
DSP0008422,CMP0091,2024-07-01,13706,604,246.71
DSP0008423,CMP0091,2024-07-02,20794,906,374.30
DSP0008424,CMP0091,2024-07-03,22031,973,396.56
DSP0008425,CMP0091,2024-07-04,13419,329,241.55
DSP0008426,CMP0091,2024-07-05,19704,749,354.68
DSP0008427,CMP0091,2024-07-06,20465,841,368.38
DSP0008428,CMP0091,2024-07-07,14721,642,264.98
DSP0008429,CMP0091,2024-07-08,14878,417,267.82
DSP0008430,CMP0091,2024-07-09,17783,660,320.10
DSP0008431,CMP0091,2024-07-10,19011,576,342.20
DSP0008432,CMP0091,2024-07-11,19286,590,347.15
DSP0008433,CMP0091,2024-07-12,19697,553,354.56
DSP0008434,CMP0091,2024-07-13,13035,319,234.63
DSP0008435,CMP0091,2024-07-14,18880,670,339.84
DSP0008436,CMP0091,2024-07-15,21103,815,379.86
DSP0008437,CMP0092,2024-11-22,57886,1039,636.75
DSP0008438,CMP0092,2024-11-23,59206,966,651.27
DSP0008439,CMP0092,2024-11-24,52850,811,581.35
DSP0008440,CMP0092,2024-11-25,51643,1103,568.08
DSP0008441,CMP0092,2024-11-26,53531,775,588.85
DSP0008442,CMP0092,2024-11-27,36182,596,398.01
DSP0008443,CMP0092,2024-11-28,56392,1036,620.32
DSP0008444,CMP0092,2024-11-29,55986,753,615.85
DSP0008445,CMP0092,2024-11-30,54040,1019,594.44
DSP0008446,CMP0092,2024-12-01,54467,1050,599.14
DSP0008447,CMP0092,2024-12-02,35399,799,389.39
DSP0008448,CMP0092,2024-12-03,56903,832,625.94
DSP0008449,CMP0092,2024-12-04,35397,577,389.37
DSP0008450,CMP0092,2024-12-05,32415,673,356.57
DSP0008451,CMP0092,2024-12-06,47703,1088,524.74
DSP0008452,CMP0092,2024-12-07,51950,749,571.46
DSP0008453,CMP0092,2024-12-08,49282,1076,542.11
DSP0008454,CMP0092,2024-12-09,40935,735,450.29
DSP0008455,CMP0092,2024-12-10,57992,930,637.92
DSP0008456,CMP0092,2024-12-11,53956,1125,593.52
DSP0008457,CMP0092,2024-12-12,54889,885,603.78
DSP0008458,CMP0092,2024-12-13,52469,1124,577.16
DSP0008459,CMP0092,2024-12-14,48821,805,537.04
DSP0008460,CMP0092,2024-12-15,57975,1274,637.73
DSP0008461,CMP0092,2024-12-16,53247,804,585.72
DSP0008462,CMP0092,2024-12-17,35990,686,395.90
DSP0008463,CMP0092,2024-12-18,40032,576,440.36
DSP0008464,CMP0092,2024-12-19,46396,1052,510.36
DSP0008465,CMP0092,2024-12-20,48624,821,534.87
DSP0008466,CMP0092,2024-12-21,44751,861,492.27
DSP0008467,CMP0092,2024-12-22,59532,1121,654.86
DSP0008468,CMP0092,2024-12-23,42510,869,467.61
DSP0008469,CMP0092,2024-12-24,55135,730,606.49
DSP0008470,CMP0092,2024-12-25,59690,759,656.60
DSP0008471,CMP0092,2024-12-26,55270,1240,607.98
DSP0008472,CMP0092,2024-12-27,39301,605,432.32
DSP0008473,CMP0092,2024-12-28,43565,682,479.22
DSP0008474,CMP0092,2024-12-29,49968,857,549.65
DSP0008475,CMP0092,2024-12-30,49955,655,549.51
DSP0008476,CMP0092,2024-12-31,45729,799,503.02
DSP0008477,CMP0092,2025-01-01,42297,932,465.27
DSP0008478,CMP0092,2025-01-02,46478,723,511.26
DSP0008479,CMP0092,2025-01-03,39546,858,435.01
DSP0008480,CMP0092,2025-01-04,40022,875,440.25
DSP0008481,CMP0092,2025-01-05,38943,861,428.38
DSP0008482,CMP0092,2025-01-06,55707,889,612.78
DSP0008483,CMP0092,2025-01-07,47998,1108,527.98
DSP0008484,CMP0092,2025-01-08,49285,1084,542.14
DSP0008485,CMP0092,2025-01-09,49867,1077,548.54
DSP0008486,CMP0092,2025-01-10,55354,820,608.90
DSP0008487,CMP0092,2025-01-11,43549,838,479.04
DSP0008488,CMP0092,2025-01-12,47520,952,522.72
DSP0008489,CMP0092,2025-01-13,37407,574,411.48
DSP0008490,CMP0092,2025-01-14,40217,654,442.39
DSP0008491,CMP0092,2025-01-15,56715,725,623.87
DSP0008492,CMP0092,2025-01-16,34160,626,375.76
DSP0008493,CMP0092,2025-01-17,53234,850,585.58
DSP0008494,CMP0092,2025-01-18,41730,751,459.04
DSP0008495,CMP0092,2025-01-19,40569,636,446.26
DSP0008496,CMP0092,2025-01-20,50596,1167,556.56
DSP0008497,CMP0092,2025-01-21,34018,779,374.20
DSP0008498,CMP0092,2025-01-22,51549,1168,567.04
DSP0008499,CMP0092,2025-01-23,46795,672,514.75
DSP0008500,CMP0092,2025-01-24,48398,633,532.38
DSP0008501,CMP0092,2025-01-25,41127,950,452.40
DSP0008502,CMP0092,2025-01-26,43403,608,477.44
DSP0008503,CMP0092,2025-01-27,58301,886,641.32
DSP0008504,CMP0092,2025-01-28,35327,757,388.60
DSP0008505,CMP0092,2025-01-29,52441,853,576.86
DSP0008506,CMP0092,2025-01-30,35144,631,386.59
DSP0008507,CMP0092,2025-01-31,59203,1242,651.24
DSP0008508,CMP0092,2025-02-01,32666,621,359.33
DSP0008509,CMP0092,2025-02-02,37113,725,408.25
DSP0008510,CMP0092,2025-02-03,42914,863,472.06
DSP0008511,CMP0092,2025-02-04,35210,566,387.31
DSP0008512,CMP0092,2025-02-05,59150,993,650.65
DSP0008513,CMP0092,2025-02-06,45370,898,499.07
DSP0008514,CMP0092,2025-02-07,43149,908,474.64
DSP0008515,CMP0092,2025-02-08,49701,984,546.72
DSP0008516,CMP0092,2025-02-09,46682,977,513.51
DSP0008517,CMP0092,2025-02-10,53783,954,591.62
DSP0008518,CMP0092,2025-02-11,54534,1106,599.88
DSP0008519,CMP0092,2025-02-12,48203,1082,530.24
DSP0008520,CMP0092,2025-02-13,47432,678,521.76
DSP0008521,CMP0092,2025-02-14,38561,497,424.18
DSP0008522,CMP0092,2025-02-15,41073,845,451.81
DSP0008523,CMP0092,2025-02-16,46326,777,509.59
DSP0008524,CMP0092,2025-02-17,54743,1090,602.18
DSP0008525,CMP0092,2025-02-18,50837,1165,559.21
DSP0008526,CMP0092,2025-02-19,56457,1151,621.03
DSP0008527,CMP0092,2025-02-20,55290,1205,608.19
DSP0008528,CMP0092,2025-02-21,39398,663,433.38
DSP0008529,CMP0092,2025-02-22,39459,821,434.05
DSP0008530,CMP0092,2025-02-23,41417,523,455.59
DSP0008531,CMP0092,2025-02-24,46575,725,512.33
DSP0008532,CMP0092,2025-02-25,32913,681,362.05
DSP0008533,CMP0093,2024-05-17,89684,542,582.95
DSP0008534,CMP0093,2024-05-18,101567,699,660.19
DSP0008535,CMP0093,2024-05-19,76695,572,498.52
DSP0008536,CMP0093,2024-05-20,106618,491,693.02
DSP0008537,CMP0093,2024-05-21,92652,485,602.24
DSP0008538,CMP0093,2024-05-22,92655,557,602.26
DSP0008539,CMP0093,2024-05-23,96015,507,624.10
DSP0008540,CMP0093,2024-05-24,123153,615,800.50
DSP0008541,CMP0093,2024-05-25,125772,759,817.52
DSP0008542,CMP0093,2024-05-26,93758,396,609.43
DSP0008543,CMP0093,2024-05-27,123360,642,801.84
DSP0008544,CMP0093,2024-05-28,109383,605,710.99
DSP0008545,CMP0093,2024-05-29,83240,430,541.06
DSP0008546,CMP0093,2024-05-30,87658,633,569.78
DSP0008547,CMP0093,2024-05-31,128824,993,837.36
DSP0008548,CMP0093,2024-06-01,107566,516,699.18
DSP0008549,CMP0093,2024-06-02,99106,416,644.19
DSP0008550,CMP0093,2024-06-03,112798,591,733.19
DSP0008551,CMP0093,2024-06-04,115696,901,752.03
DSP0008552,CMP0093,2024-06-05,92660,392,602.29
DSP0008553,CMP0093,2024-06-06,103569,656,673.20
DSP0008554,CMP0093,2024-06-07,86587,606,562.82
DSP0008555,CMP0093,2024-06-08,125673,642,816.88
DSP0008556,CMP0093,2024-06-09,101486,761,659.66
DSP0008557,CMP0093,2024-06-10,93320,644,606.58
DSP0008558,CMP0093,2024-06-11,77027,438,500.68
DSP0008559,CMP0093,2024-06-12,125203,598,813.82
DSP0008560,CMP0093,2024-06-13,113307,784,736.50
DSP0008561,CMP0093,2024-06-14,90020,445,585.13
DSP0008562,CMP0093,2024-06-15,77675,363,504.89
DSP0008563,CMP0093,2024-06-16,75370,573,489.91
DSP0008564,CMP0093,2024-06-17,91163,656,592.56
DSP0008565,CMP0093,2024-06-18,77069,452,500.95
DSP0008566,CMP0093,2024-06-19,85352,634,554.79
DSP0008567,CMP0093,2024-06-20,130750,702,849.88
DSP0008568,CMP0093,2024-06-21,79063,409,513.91
DSP0008569,CMP0093,2024-06-22,74544,434,484.54
DSP0008570,CMP0093,2024-06-23,106041,539,689.27
DSP0008571,CMP0093,2024-06-24,126600,923,822.90
DSP0008572,CMP0093,2024-06-25,90603,486,588.92
DSP0008573,CMP0093,2024-06-26,83292,445,541.40
DSP0008574,CMP0093,2024-06-27,130736,764,849.79
DSP0008575,CMP0093,2024-06-28,87856,412,571.07
DSP0008576,CMP0093,2024-06-29,101061,499,656.90
DSP0008577,CMP0093,2024-06-30,111016,489,721.61
DSP0008578,CMP0093,2024-07-01,96675,602,628.39
DSP0008579,CMP0093,2024-07-02,77316,589,502.56
DSP0008580,CMP0093,2024-07-03,91067,409,591.94
DSP0008581,CMP0093,2024-07-04,76027,567,494.18
DSP0008582,CMP0093,2024-07-05,103243,688,671.08
DSP0008583,CMP0093,2024-07-06,103661,602,673.80
DSP0008584,CMP0093,2024-07-07,104875,468,681.69
DSP0008585,CMP0093,2024-07-08,76650,341,498.23
DSP0008586,CMP0093,2024-07-09,93009,614,604.56
DSP0008587,CMP0093,2024-07-10,124847,797,811.51
DSP0008588,CMP0093,2024-07-11,115700,900,752.05
DSP0008589,CMP0093,2024-07-12,130827,747,850.38
DSP0008590,CMP0093,2024-07-13,82686,538,537.46
DSP0008591,CMP0093,2024-07-14,81906,377,532.39
DSP0008592,CMP0093,2024-07-15,125681,889,816.93
DSP0008593,CMP0093,2024-07-16,112913,675,733.94
DSP0008594,CMP0093,2024-07-17,82607,401,536.95
DSP0008595,CMP0093,2024-07-18,123112,596,800.23
DSP0008596,CMP0093,2024-07-19,76589,591,497.83
DSP0008597,CMP0093,2024-07-20,129540,617,842.01
DSP0008598,CMP0093,2024-07-21,130866,783,850.63
DSP0008599,CMP0093,2024-07-22,110264,638,716.72
DSP0008600,CMP0093,2024-07-23,121832,928,791.91
DSP0008601,CMP0093,2024-07-24,122707,609,797.60
DSP0008602,CMP0093,2024-07-25,127993,705,831.96
DSP0008603,CMP0093,2024-07-26,125038,910,812.75
DSP0008604,CMP0093,2024-07-27,81535,531,529.98
DSP0008605,CMP0093,2024-07-28,93520,726,607.88
DSP0008606,CMP0093,2024-07-29,96083,468,624.54
DSP0008607,CMP0093,2024-07-30,70933,407,461.07
DSP0008608,CMP0093,2024-07-31,106340,589,691.21
DSP0008609,CMP0093,2024-08-01,81486,607,529.66
DSP0008610,CMP0093,2024-08-02,119695,679,778.02
DSP0008611,CMP0093,2024-08-03,91470,416,594.56
DSP0008612,CMP0093,2024-08-04,101463,509,659.51
DSP0008613,CMP0093,2024-08-05,89487,490,581.67
DSP0008614,CMP0093,2024-08-06,112750,831,732.88
DSP0008615,CMP0093,2024-08-07,110072,534,715.47
DSP0008616,CMP0093,2024-08-08,116092,838,754.60
DSP0008617,CMP0093,2024-08-09,116372,570,756.42
DSP0008618,CMP0093,2024-08-10,119256,588,775.17
DSP0008619,CMP0093,2024-08-11,119124,805,774.31
DSP0008620,CMP0093,2024-08-12,106170,582,690.11
DSP0008621,CMP0093,2024-08-13,81198,471,527.79
DSP0008622,CMP0093,2024-08-14,71572,374,465.22
DSP0008623,CMP0093,2024-08-15,88649,455,576.22
DSP0008624,CMP0093,2024-08-16,102132,569,663.86
DSP0008625,CMP0093,2024-08-17,121627,534,790.58
DSP0008626,CMP0093,2024-08-18,116252,768,755.64
DSP0008627,CMP0093,2024-08-19,81264,615,528.22
DSP0008628,CMP0093,2024-08-20,78033,396,507.22
DSP0008629,CMP0093,2024-08-21,83047,629,539.81
DSP0008630,CMP0093,2024-08-22,94735,707,615.78
DSP0008631,CMP0093,2024-08-23,123696,802,804.03
DSP0008632,CMP0093,2024-08-24,87475,429,568.59
DSP0008633,CMP0093,2024-08-25,88860,392,577.59
DSP0008634,CMP0093,2024-08-26,109044,660,708.79
DSP0008635,CMP0093,2024-08-27,104963,516,682.26
DSP0008636,CMP0093,2024-08-28,100873,708,655.68
DSP0008637,CMP0093,2024-08-29,78224,441,508.46
DSP0008638,CMP0093,2024-08-30,85649,598,556.72
DSP0008639,CMP0093,2024-08-31,111710,778,726.12
DSP0008640,CMP0093,2024-09-01,96569,644,627.70
DSP0008641,CMP0093,2024-09-02,88649,615,576.22
DSP0008642,CMP0093,2024-09-03,123601,769,803.41
DSP0008643,CMP0094,2023-06-02,29496,296,442.45
DSP0008644,CMP0094,2023-06-03,23990,261,359.85
DSP0008645,CMP0094,2023-06-04,25616,272,384.25
DSP0008646,CMP0094,2023-06-05,21862,237,327.93
DSP0008647,CMP0094,2023-06-06,29844,253,447.67
DSP0008648,CMP0094,2023-06-07,25970,184,389.56
DSP0008649,CMP0094,2023-06-08,29092,194,436.39
DSP0008650,CMP0094,2023-06-09,25526,252,382.89
DSP0008651,CMP0094,2023-06-10,28680,235,430.20
DSP0008652,CMP0094,2023-06-11,28093,295,421.40
DSP0008653,CMP0094,2023-06-12,26181,289,392.72
DSP0008654,CMP0094,2023-06-13,32680,336,490.21
DSP0008655,CMP0094,2023-06-14,27948,266,419.23
DSP0008656,CMP0094,2023-06-15,27892,282,418.38
DSP0008657,CMP0094,2023-06-16,30507,206,457.61
DSP0008658,CMP0094,2023-06-17,30488,227,457.33
DSP0008659,CMP0094,2023-06-18,21618,185,324.27
DSP0008660,CMP0094,2023-06-19,24623,171,369.35
DSP0008661,CMP0094,2023-06-20,29930,267,448.96
DSP0008662,CMP0094,2023-06-21,22833,261,342.50
DSP0008663,CMP0094,2023-06-22,17760,167,266.41
DSP0008664,CMP0094,2023-06-23,31421,336,471.32
DSP0008665,CMP0094,2023-06-24,30180,190,452.70
DSP0008666,CMP0094,2023-06-25,22111,257,331.67
DSP0008667,CMP0094,2023-06-26,29729,238,445.94
DSP0008668,CMP0094,2023-06-27,29224,217,438.36
DSP0008669,CMP0094,2023-06-28,31937,345,479.06
DSP0008670,CMP0094,2023-06-29,25260,243,378.90
DSP0008671,CMP0094,2023-06-30,32496,274,487.45
DSP0008672,CMP0094,2023-07-01,27094,261,406.41
DSP0008673,CMP0094,2023-07-02,18077,147,271.16
DSP0008674,CMP0094,2023-07-03,24931,197,373.97
DSP0008675,CMP0094,2023-07-04,31775,281,476.63
DSP0008676,CMP0094,2023-07-05,28606,287,429.09
DSP0008677,CMP0094,2023-07-06,28588,316,428.82
DSP0008678,CMP0094,2023-07-07,32704,249,490.56
DSP0008679,CMP0094,2023-07-08,21664,158,324.96
DSP0008680,CMP0094,2023-07-09,21825,227,327.38
DSP0008681,CMP0094,2023-07-10,31047,214,465.71
DSP0008682,CMP0094,2023-07-11,25113,230,376.70
DSP0008683,CMP0094,2023-07-12,28622,300,429.33
DSP0008684,CMP0094,2023-07-13,32827,355,492.41
DSP0008685,CMP0094,2023-07-14,23092,250,346.38
DSP0008686,CMP0094,2023-07-15,26915,192,403.73
DSP0008687,CMP0094,2023-07-16,19302,146,289.53
DSP0008688,CMP0094,2023-07-17,25183,212,377.75
DSP0008689,CMP0094,2023-07-18,17709,149,265.64
DSP0008690,CMP0094,2023-07-19,18574,173,278.62
DSP0008691,CMP0094,2023-07-20,20860,132,312.90
DSP0008692,CMP0094,2023-07-21,32400,228,486.01
DSP0008693,CMP0094,2023-07-22,30465,277,456.98
DSP0008694,CMP0094,2023-07-23,21911,254,328.67
DSP0008695,CMP0094,2023-07-24,32626,358,489.40
DSP0008696,CMP0094,2023-07-25,18276,213,274.15
DSP0008697,CMP0094,2023-07-26,19700,183,295.50
DSP0008698,CMP0094,2023-07-27,24561,180,368.42
DSP0008699,CMP0094,2023-07-28,29344,286,440.17
DSP0008700,CMP0094,2023-07-29,30800,232,462.01
DSP0008701,CMP0094,2023-07-30,27838,197,417.58
DSP0008702,CMP0094,2023-07-31,21538,199,323.08
DSP0008703,CMP0094,2023-08-01,29630,321,444.46
DSP0008704,CMP0094,2023-08-02,32666,222,489.99
DSP0008705,CMP0094,2023-08-03,23950,210,359.26
DSP0008706,CMP0094,2023-08-04,29819,304,447.29
DSP0008707,CMP0094,2023-08-05,18086,210,271.30
DSP0008708,CMP0094,2023-08-06,29785,250,446.78
DSP0008709,CMP0094,2023-08-07,28344,320,425.17
DSP0008710,CMP0094,2023-08-08,19112,198,286.69
DSP0008711,CMP0094,2023-08-09,26746,224,401.19
DSP0008712,CMP0094,2023-08-10,22610,174,339.15
DSP0008713,CMP0094,2023-08-11,22826,205,342.39
DSP0008714,CMP0094,2023-08-12,28658,220,429.87
DSP0008715,CMP0094,2023-08-13,21560,189,323.41
DSP0008716,CMP0094,2023-08-14,24582,217,368.74
DSP0008717,CMP0094,2023-08-15,28954,205,434.32
DSP0008718,CMP0094,2023-08-16,30022,333,450.34
DSP0008719,CMP0094,2023-08-17,27321,273,409.82
DSP0008720,CMP0094,2023-08-18,21690,195,325.36
DSP0008721,CMP0094,2023-08-19,24812,201,372.18
DSP0008722,CMP0094,2023-08-20,31990,316,479.85
DSP0008723,CMP0094,2023-08-21,23505,273,352.58
DSP0008724,CMP0094,2023-08-22,32325,246,484.88
DSP0008725,CMP0094,2023-08-23,27310,185,409.65
DSP0008726,CMP0094,2023-08-24,28434,296,426.52
DSP0008727,CMP0094,2023-08-25,22005,190,330.08
DSP0008728,CMP0094,2023-08-26,24728,170,370.92
DSP0008729,CMP0094,2023-08-27,22360,240,335.41
DSP0008730,CMP0094,2023-08-28,30886,358,463.30
DSP0008731,CMP0094,2023-08-29,32048,222,480.72
DSP0008732,CMP0094,2023-08-30,24058,233,360.88
DSP0008733,CMP0094,2023-08-31,19159,197,287.39
DSP0008734,CMP0094,2023-09-01,30858,326,462.88
DSP0008735,CMP0094,2023-09-02,29356,300,440.35
DSP0008736,CMP0094,2023-09-03,24088,183,361.32
DSP0008737,CMP0094,2023-09-04,24091,223,361.37
DSP0008738,CMP0094,2023-09-05,26200,247,393.00
DSP0008739,CMP0094,2023-09-06,26182,224,392.74
DSP0008740,CMP0094,2023-09-07,23801,251,357.02
DSP0008741,CMP0094,2023-09-08,28886,229,433.29
DSP0008742,CMP0094,2023-09-09,24454,249,366.81
DSP0008743,CMP0094,2023-09-10,29858,232,447.87
DSP0008744,CMP0094,2023-09-11,20042,155,300.64
DSP0008745,CMP0094,2023-09-12,19601,180,294.02
DSP0008746,CMP0094,2023-09-13,22582,219,338.74
DSP0008747,CMP0094,2023-09-14,20418,162,306.28
DSP0008748,CMP0094,2023-09-15,25159,177,377.39
DSP0008749,CMP0094,2023-09-16,32662,237,489.94
DSP0008750,CMP0094,2023-09-17,32479,233,487.19
DSP0008751,CMP0094,2023-09-18,27982,324,419.74
DSP0008752,CMP0094,2023-09-19,23802,252,357.03
DSP0008753,CMP0094,2023-09-20,28077,224,421.16
DSP0008754,CMP0094,2023-09-21,27990,185,419.85
DSP0008755,CMP0094,2023-09-22,30396,275,455.95
DSP0008756,CMP0094,2023-09-23,20928,198,313.93
DSP0008757,CMP0094,2023-09-24,19966,194,299.49
DSP0008758,CMP0094,2023-09-25,25966,225,389.49
DSP0008759,CMP0094,2023-09-26,20576,193,308.65
DSP0008760,CMP0094,2023-09-27,26767,208,401.51
DSP0008761,CMP0094,2023-09-28,25051,158,375.77
DSP0008762,CMP0094,2023-09-29,22368,177,335.53
DSP0008763,CMP0094,2023-09-30,23934,263,359.02
DSP0008764,CMP0094,2023-10-01,27187,280,407.81
DSP0008765,CMP0094,2023-10-02,27586,217,413.80
DSP0008766,CMP0094,2023-10-03,18834,191,282.52
DSP0008767,CMP0094,2023-10-04,18168,199,272.53
DSP0008768,CMP0094,2023-10-05,31523,312,472.85
DSP0008769,CMP0094,2023-10-06,17830,196,267.45
DSP0008770,CMP0095,2025-01-22,21214,466,190.93
DSP0008771,CMP0095,2025-01-23,14731,310,132.58
DSP0008772,CMP0095,2025-01-24,18362,377,165.26
DSP0008773,CMP0095,2025-01-25,20250,600,182.25
DSP0008774,CMP0095,2025-01-26,22572,455,203.15
DSP0008775,CMP0095,2025-01-27,14984,280,134.86
DSP0008776,CMP0095,2025-01-28,17156,518,154.41
DSP0008777,CMP0095,2025-01-29,22511,659,202.60
DSP0008778,CMP0095,2025-01-30,19244,540,173.20
DSP0008779,CMP0095,2025-01-31,23444,571,211.00
DSP0008780,CMP0095,2025-02-01,15274,442,137.47
DSP0008781,CMP0095,2025-02-02,20944,420,188.50
DSP0008782,CMP0095,2025-02-03,20176,648,181.59
DSP0008783,CMP0095,2025-02-04,17694,323,159.25
DSP0008784,CMP0095,2025-02-05,17692,454,159.23
DSP0008785,CMP0095,2025-02-06,19891,375,179.02
DSP0008786,CMP0095,2025-02-07,18282,568,164.54
DSP0008787,CMP0095,2025-02-08,16530,472,148.77
DSP0008788,CMP0095,2025-02-09,18264,365,164.38
DSP0008789,CMP0095,2025-02-10,20061,451,180.55
DSP0008790,CMP0095,2025-02-11,21833,588,196.50
DSP0008791,CMP0095,2025-02-12,21556,545,194.01
DSP0008792,CMP0095,2025-02-13,23398,575,210.59
DSP0008793,CMP0095,2025-02-14,18516,435,166.65
DSP0008794,CMP0095,2025-02-15,24311,523,218.80
DSP0008795,CMP0095,2025-02-16,19608,361,176.48
DSP0008796,CMP0095,2025-02-17,19172,467,172.55
DSP0008797,CMP0095,2025-02-18,17500,525,157.50
DSP0008798,CMP0095,2025-02-19,20466,601,184.20
DSP0008799,CMP0095,2025-02-20,14948,314,134.54
DSP0008800,CMP0095,2025-02-21,23165,642,208.49
DSP0008801,CMP0095,2025-02-22,14450,365,130.05
DSP0008802,CMP0095,2025-02-23,20350,591,183.15
DSP0008803,CMP0095,2025-02-24,22753,451,204.78
DSP0008804,CMP0095,2025-02-25,17404,442,156.64
DSP0008805,CMP0095,2025-02-26,21184,679,190.66
DSP0008806,CMP0095,2025-02-27,20601,366,185.41
DSP0008807,CMP0095,2025-02-28,18508,528,166.58
DSP0008808,CMP0095,2025-03-01,24180,592,217.62
DSP0008809,CMP0095,2025-03-02,13977,253,125.80
DSP0008810,CMP0095,2025-03-03,14672,436,132.05
DSP0008811,CMP0095,2025-03-04,14557,419,131.02
DSP0008812,CMP0095,2025-03-05,20943,371,188.49
DSP0008813,CMP0095,2025-03-06,20232,652,182.09
DSP0008814,CMP0095,2025-03-07,15993,400,143.94
DSP0008815,CMP0095,2025-03-08,18991,418,170.92
DSP0008816,CMP0095,2025-03-09,22470,469,202.23
DSP0008817,CMP0095,2025-03-10,22191,428,199.72
DSP0008818,CMP0095,2025-03-11,14324,260,128.92
DSP0008819,CMP0095,2025-03-12,18395,435,165.56
DSP0008820,CMP0095,2025-03-13,16585,454,149.27
DSP0008821,CMP0095,2025-03-14,14946,428,134.52
DSP0008822,CMP0095,2025-03-15,18851,475,169.66
DSP0008823,CMP0095,2025-03-16,19650,430,176.85
DSP0008824,CMP0095,2025-03-17,19313,609,173.82
DSP0008825,CMP0095,2025-03-18,15048,380,135.44
DSP0008826,CMP0095,2025-03-19,20074,579,180.67
DSP0008827,CMP0095,2025-03-20,17763,438,159.87
DSP0008828,CMP0095,2025-03-21,15463,277,139.17
DSP0008829,CMP0095,2025-03-22,20580,541,185.22
DSP0008830,CMP0095,2025-03-23,18908,438,170.18
DSP0008831,CMP0095,2025-03-24,25117,638,226.06
DSP0008832,CMP0095,2025-03-25,23861,526,214.75
DSP0008833,CMP0095,2025-03-26,15815,412,142.34
DSP0008834,CMP0095,2025-03-27,24768,800,222.92
DSP0008835,CMP0095,2025-03-28,17290,502,155.61
DSP0008836,CMP0095,2025-03-29,17683,527,159.15
DSP0008837,CMP0095,2025-03-30,16593,319,149.34
DSP0008838,CMP0095,2025-03-31,21174,429,190.57
DSP0008839,CMP0095,2025-04-01,15685,302,141.17
DSP0008840,CMP0095,2025-04-02,22680,688,204.12
DSP0008841,CMP0095,2025-04-03,14460,395,130.14
DSP0008842,CMP0095,2025-04-04,13703,334,123.33
DSP0008843,CMP0095,2025-04-05,15554,339,139.99
DSP0008844,CMP0095,2025-04-06,23612,578,212.51
DSP0008845,CMP0095,2025-04-07,17291,471,155.62
DSP0008846,CMP0095,2025-04-08,19384,461,174.46
DSP0008847,CMP0095,2025-04-09,25276,663,227.49
DSP0008848,CMP0095,2025-04-10,24455,495,220.10
DSP0008849,CMP0095,2025-04-11,17812,384,160.31
DSP0008850,CMP0095,2025-04-12,17206,531,154.86
DSP0008851,CMP0095,2025-04-13,20602,542,185.42
DSP0008852,CMP0095,2025-04-14,21634,558,194.71
DSP0008853,CMP0095,2025-04-15,16468,490,148.22
DSP0008854,CMP0095,2025-04-16,24923,695,224.31
DSP0008855,CMP0095,2025-04-17,20762,507,186.86
DSP0008856,CMP0095,2025-04-18,14426,438,129.84
DSP0008857,CMP0095,2025-04-19,16057,459,144.52
DSP0008858,CMP0095,2025-04-20,24761,472,222.85
DSP0008859,CMP0095,2025-04-21,17046,492,153.42
DSP0008860,CMP0095,2025-04-22,13724,363,123.52
DSP0008861,CMP0095,2025-04-23,15403,455,138.63
DSP0008862,CMP0095,2025-04-24,17737,570,159.64
DSP0008863,CMP0095,2025-04-25,17678,349,159.11
DSP0008864,CMP0095,2025-04-26,18575,526,167.18
DSP0008865,CMP0095,2025-04-27,24846,626,223.62
DSP0008866,CMP0095,2025-04-28,23421,479,210.79
DSP0008867,CMP0095,2025-04-29,21118,585,190.07
DSP0008868,CMP0095,2025-04-30,22010,449,198.09
DSP0008869,CMP0095,2025-05-01,15928,348,143.36
DSP0008870,CMP0095,2025-05-02,17273,400,155.46
DSP0008871,CMP0095,2025-05-03,14363,275,129.27
DSP0008872,CMP0095,2025-05-04,22290,534,200.61
DSP0008873,CMP0095,2025-05-05,19244,455,173.20
DSP0008874,CMP0096,2025-04-13,28712,873,516.83
DSP0008875,CMP0096,2025-04-14,26087,711,469.58
DSP0008876,CMP0096,2025-04-15,22029,798,396.53
DSP0008877,CMP0096,2025-04-16,24680,1013,444.24
DSP0008878,CMP0096,2025-04-17,20318,594,365.73
DSP0008879,CMP0096,2025-04-18,31495,1381,566.92
DSP0008880,CMP0096,2025-04-19,22953,686,413.16
DSP0008881,CMP0096,2025-04-20,24515,845,441.28
DSP0008882,CMP0096,2025-04-21,25593,987,460.69
DSP0008883,CMP0096,2025-04-22,21978,715,395.61
DSP0008884,CMP0096,2025-04-23,18553,654,333.96
DSP0008885,CMP0096,2025-04-24,27115,901,488.08
DSP0008886,CMP0096,2025-04-25,20257,546,364.64
DSP0008887,CMP0096,2025-04-26,31798,972,572.37
DSP0008888,CMP0096,2025-04-27,19285,545,347.13
DSP0008889,CMP0096,2025-04-28,18801,783,338.43
DSP0008890,CMP0096,2025-04-29,26675,836,480.15
DSP0008891,CMP0096,2025-04-30,19825,539,356.85
DSP0008892,CMP0096,2025-05-01,23208,794,417.75
DSP0008893,CMP0096,2025-05-02,23396,978,421.14
DSP0008894,CMP0096,2025-05-03,25649,1034,461.69
DSP0008895,CMP0096,2025-05-04,18471,544,332.48
DSP0008896,CMP0096,2025-05-05,23744,946,427.40
DSP0008897,CMP0096,2025-05-06,25594,820,460.70
DSP0008898,CMP0096,2025-05-07,23258,988,418.65
DSP0008899,CMP0096,2025-05-08,19387,636,348.98
DSP0008900,CMP0096,2025-05-09,29463,1210,530.34
DSP0008901,CMP0096,2025-05-10,20260,840,364.68
DSP0008902,CMP0096,2025-05-11,27036,1040,486.66
DSP0008903,CMP0096,2025-05-12,21408,970,385.36
DSP0008904,CMP0096,2025-05-13,29687,1136,534.37
DSP0008905,CMP0096,2025-05-14,21178,813,381.22
DSP0008906,CMP0096,2025-05-15,27749,846,499.49
DSP0008907,CMP0096,2025-05-16,30217,1104,543.92
DSP0008908,CMP0096,2025-05-17,22690,1023,408.43
DSP0008909,CMP0096,2025-05-18,30512,1291,549.22
DSP0008910,CMP0096,2025-05-19,22278,978,401.01
DSP0008911,CMP0096,2025-05-20,30058,1291,541.05
DSP0008912,CMP0096,2025-05-21,20257,867,364.63
DSP0008913,CMP0096,2025-05-22,28786,1184,518.15
DSP0008914,CMP0096,2025-05-23,19659,681,353.87
DSP0008915,CMP0096,2025-05-24,28363,954,510.54
DSP0008916,CMP0096,2025-05-25,28546,1102,513.83
DSP0008917,CMP0096,2025-05-26,27290,839,491.23
DSP0008918,CMP0096,2025-05-27,26678,891,480.22
DSP0008919,CMP0096,2025-05-28,25070,765,451.26
DSP0008920,CMP0096,2025-05-29,24733,709,445.21
DSP0008921,CMP0096,2025-05-30,21151,753,380.73
DSP0008922,CMP0096,2025-05-31,24692,797,444.46
DSP0008923,CMP0096,2025-06-01,26745,760,481.41
DSP0008924,CMP0096,2025-06-02,21605,790,388.89
DSP0008925,CMP0096,2025-06-03,22339,576,402.11
DSP0008926,CMP0096,2025-06-04,27191,788,489.44
DSP0008927,CMP0096,2025-06-05,21183,932,381.30
DSP0008928,CMP0097,2023-10-06,51010,758,561.12
DSP0008929,CMP0097,2023-10-07,47070,672,517.77
DSP0008930,CMP0097,2023-10-08,38915,764,428.07
DSP0008931,CMP0097,2023-10-09,43603,808,479.64
DSP0008932,CMP0097,2023-10-10,53059,874,583.65
DSP0008933,CMP0097,2023-10-11,49994,993,549.94
DSP0008934,CMP0097,2023-10-12,33282,651,366.11
DSP0008935,CMP0097,2023-10-13,52102,662,573.13
DSP0008936,CMP0097,2023-10-14,48923,1117,538.16
DSP0008937,CMP0097,2023-10-15,54733,1133,602.07
DSP0008938,CMP0097,2023-10-16,34500,611,379.51
DSP0008939,CMP0097,2023-10-17,49014,798,539.16
DSP0008940,CMP0097,2023-10-18,44145,979,485.60
DSP0008941,CMP0097,2023-10-19,37106,798,408.17
DSP0008942,CMP0097,2023-10-20,45419,640,499.61
DSP0008943,CMP0097,2023-10-21,31903,639,350.94
DSP0008944,CMP0097,2023-10-22,52261,742,574.88
DSP0008945,CMP0097,2023-10-23,42381,711,466.20
DSP0008946,CMP0097,2023-10-24,54960,791,604.56
DSP0008947,CMP0097,2023-10-25,34607,471,380.68
DSP0008948,CMP0097,2023-10-26,34989,657,384.88
DSP0008949,CMP0097,2023-10-27,38645,845,425.10
DSP0008950,CMP0097,2023-10-28,34588,546,380.47
DSP0008951,CMP0097,2023-10-29,40366,820,444.03
DSP0008952,CMP0097,2023-10-30,48576,718,534.34
DSP0008953,CMP0097,2023-10-31,45009,657,495.10
DSP0008954,CMP0097,2023-11-01,43390,620,477.30
DSP0008955,CMP0097,2023-11-02,45937,812,505.31
DSP0008956,CMP0097,2023-11-03,33400,544,367.40
DSP0008957,CMP0097,2023-11-04,34960,610,384.57
DSP0008958,CMP0097,2023-11-05,42702,586,469.73
DSP0008959,CMP0097,2023-11-06,33128,675,364.41
DSP0008960,CMP0097,2023-11-07,46138,922,507.52
DSP0008961,CMP0097,2023-11-08,46850,731,515.36
DSP0008962,CMP0097,2023-11-09,38332,574,421.66
DSP0008963,CMP0097,2023-11-10,53396,1006,587.36
DSP0008964,CMP0097,2023-11-11,33447,652,367.92
DSP0008965,CMP0097,2023-11-12,33457,480,368.03
DSP0008966,CMP0097,2023-11-13,44532,893,489.86
DSP0008967,CMP0097,2023-11-14,44112,809,485.24
DSP0008968,CMP0097,2023-11-15,42172,883,463.90
DSP0008969,CMP0097,2023-11-16,55892,1154,614.82
DSP0008970,CMP0097,2023-11-17,41726,539,458.99
DSP0008971,CMP0097,2023-11-18,41630,590,457.93
DSP0008972,CMP0097,2023-11-19,45478,992,500.26
DSP0008973,CMP0097,2023-11-20,49136,648,540.50
DSP0008974,CMP0097,2023-11-21,55773,786,613.51
DSP0008975,CMP0097,2023-11-22,44190,900,486.10
DSP0008976,CMP0097,2023-11-23,42059,967,462.65
DSP0008977,CMP0097,2023-11-24,42531,588,467.85
DSP0008978,CMP0097,2023-11-25,47510,917,522.62
DSP0008979,CMP0097,2023-11-26,32849,656,361.34
DSP0008980,CMP0097,2023-11-27,37248,740,409.73
DSP0008981,CMP0097,2023-11-28,37470,518,412.18
DSP0008982,CMP0097,2023-11-29,38348,750,421.83
DSP0008983,CMP0097,2023-11-30,53582,699,589.41
DSP0008984,CMP0097,2023-12-01,49440,989,543.85
DSP0008985,CMP0097,2023-12-02,50738,655,558.12
DSP0008986,CMP0097,2023-12-03,32423,673,356.66
DSP0008987,CMP0097,2023-12-04,51368,1126,565.05
DSP0008988,CMP0097,2023-12-05,47642,918,524.07
DSP0008989,CMP0097,2023-12-06,51829,1049,570.12
DSP0008990,CMP0097,2023-12-07,54243,999,596.68
DSP0008991,CMP0097,2023-12-08,51990,1214,571.90
DSP0008992,CMP0097,2023-12-09,52054,1026,572.60
DSP0008993,CMP0097,2023-12-10,53216,1004,585.38
DSP0008994,CMP0097,2023-12-11,45853,966,504.39
DSP0008995,CMP0097,2023-12-12,46231,606,508.55
DSP0008996,CMP0097,2023-12-13,37832,883,416.16
DSP0008997,CMP0097,2023-12-14,31155,460,342.71
DSP0008998,CMP0097,2023-12-15,37236,809,409.60
DSP0008999,CMP0097,2023-12-16,32439,641,356.83
DSP0009000,CMP0097,2023-12-17,43618,714,479.80
DSP0009001,CMP0097,2023-12-18,53844,875,592.29
DSP0009002,CMP0097,2023-12-19,36580,577,402.39
DSP0009003,CMP0097,2023-12-20,43359,855,476.95
DSP0009004,CMP0097,2023-12-21,32155,735,353.71
DSP0009005,CMP0097,2023-12-22,36421,494,400.64
DSP0009006,CMP0097,2023-12-23,35250,678,387.76
DSP0009007,CMP0097,2023-12-24,56278,907,619.06
DSP0009008,CMP0097,2023-12-25,47855,670,526.41
DSP0009009,CMP0097,2023-12-26,54808,942,602.89
DSP0009010,CMP0097,2023-12-27,57106,817,628.17
DSP0009011,CMP0097,2023-12-28,45608,923,501.69
DSP0009012,CMP0098,2024-12-16,148909,1141,967.91
DSP0009013,CMP0098,2024-12-17,102367,553,665.39
DSP0009014,CMP0098,2024-12-18,175793,1008,1142.66
DSP0009015,CMP0098,2024-12-19,165278,766,1074.31
DSP0009016,CMP0098,2024-12-20,170446,998,1107.90
DSP0009017,CMP0098,2024-12-21,129236,655,840.04
DSP0009018,CMP0098,2024-12-22,107767,557,700.49
DSP0009019,CMP0098,2024-12-23,120086,734,780.56
DSP0009020,CMP0098,2024-12-24,116420,714,756.73
DSP0009021,CMP0098,2024-12-25,108840,787,707.46
DSP0009022,CMP0098,2024-12-26,110272,746,716.77
DSP0009023,CMP0098,2024-12-27,117866,536,766.13
DSP0009024,CMP0098,2024-12-28,147660,761,959.79
DSP0009025,CMP0098,2024-12-29,121606,792,790.44
DSP0009026,CMP0098,2024-12-30,152650,1028,992.23
DSP0009027,CMP0098,2024-12-31,114741,547,745.82
DSP0009028,CMP0098,2025-01-01,170581,1149,1108.78
DSP0009029,CMP0098,2025-01-02,113258,769,736.18
DSP0009030,CMP0098,2025-01-03,120212,659,781.38
DSP0009031,CMP0098,2025-01-04,162607,932,1056.95
DSP0009032,CMP0098,2025-01-05,141941,1050,922.62
DSP0009033,CMP0098,2025-01-06,95535,693,620.98
DSP0009034,CMP0098,2025-01-07,141858,953,922.08
DSP0009035,CMP0098,2025-01-08,108429,523,704.79
DSP0009036,CMP0098,2025-01-09,167732,967,1090.26
DSP0009037,CMP0098,2025-01-10,163247,731,1061.11
DSP0009038,CMP0098,2025-01-11,155847,1136,1013.01
DSP0009039,CMP0098,2025-01-12,129144,1000,839.44
DSP0009040,CMP0098,2025-01-13,119669,774,777.85
DSP0009041,CMP0098,2025-01-14,108113,606,702.74
DSP0009042,CMP0098,2025-01-15,111773,568,726.53
DSP0009043,CMP0098,2025-01-16,127673,712,829.88
DSP0009044,CMP0098,2025-01-17,138709,714,901.61
DSP0009045,CMP0098,2025-01-18,137455,618,893.46
DSP0009046,CMP0098,2025-01-19,167544,778,1089.04
DSP0009047,CMP0098,2025-01-20,168506,1263,1095.29
DSP0009048,CMP0098,2025-01-21,156427,1200,1016.78
DSP0009049,CMP0098,2025-01-22,123684,794,803.95
DSP0009050,CMP0098,2025-01-23,146918,756,954.97
DSP0009051,CMP0098,2025-01-24,169467,1174,1101.54
DSP0009052,CMP0098,2025-01-25,174710,819,1135.62
DSP0009053,CMP0098,2025-01-26,118978,572,773.36
DSP0009054,CMP0098,2025-01-27,125209,629,813.86
DSP0009055,CMP0098,2025-01-28,118938,584,773.10
DSP0009056,CMP0098,2025-01-29,129096,583,839.13
DSP0009057,CMP0098,2025-01-30,169836,902,1103.94
DSP0009058,CMP0098,2025-01-31,169360,1149,1100.84
DSP0009059,CMP0098,2025-02-01,101909,606,662.41
DSP0009060,CMP0098,2025-02-02,103000,646,669.50
DSP0009061,CMP0099,2023-03-15,4465,35,66.98
DSP0009062,CMP0099,2023-03-16,7476,51,112.15
DSP0009063,CMP0099,2023-03-17,4516,45,67.74
DSP0009064,CMP0099,2023-03-18,7586,77,113.80
DSP0009065,CMP0099,2023-03-19,7338,56,110.08
DSP0009066,CMP0099,2023-03-20,5597,39,83.96
DSP0009067,CMP0099,2023-03-21,5688,46,85.33
DSP0009068,CMP0099,2023-03-22,6293,59,94.40
DSP0009069,CMP0099,2023-03-23,6853,75,102.80
DSP0009070,CMP0099,2023-03-24,4866,40,72.99
DSP0009071,CMP0099,2023-03-25,4963,47,74.45
DSP0009072,CMP0099,2023-03-26,4268,44,64.02
DSP0009073,CMP0099,2023-03-27,6805,53,102.08
DSP0009074,CMP0099,2023-03-28,7494,62,112.41
DSP0009075,CMP0099,2023-03-29,6882,53,103.23
DSP0009076,CMP0099,2023-03-30,6382,44,95.74
DSP0009077,CMP0099,2023-03-31,5986,68,89.79
DSP0009078,CMP0099,2023-04-01,5556,53,83.34
DSP0009079,CMP0099,2023-04-02,5422,43,81.34
DSP0009080,CMP0099,2023-04-03,5948,52,89.22
DSP0009081,CMP0099,2023-04-04,5681,47,85.22
DSP0009082,CMP0099,2023-04-05,7654,80,114.82
DSP0009083,CMP0099,2023-04-06,4300,48,64.51
DSP0009084,CMP0099,2023-04-07,7594,65,113.91
DSP0009085,CMP0099,2023-04-08,5628,45,84.42
DSP0009086,CMP0099,2023-04-09,5224,48,78.37
DSP0009087,CMP0099,2023-04-10,6375,57,95.63
DSP0009088,CMP0099,2023-04-11,7174,55,107.62
DSP0009089,CMP0099,2023-04-12,5849,47,87.74
DSP0009090,CMP0099,2023-04-13,6698,57,100.48
DSP0009091,CMP0099,2023-04-14,6146,40,92.19
DSP0009092,CMP0099,2023-04-15,5298,51,79.47
DSP0009093,CMP0099,2023-04-16,6530,53,97.96
DSP0009094,CMP0099,2023-04-17,5632,60,84.48
DSP0009095,CMP0099,2023-04-18,7246,65,108.69
DSP0009096,CMP0099,2023-04-19,4500,30,67.51
DSP0009097,CMP0099,2023-04-20,7112,69,106.69
DSP0009098,CMP0099,2023-04-21,5565,38,83.48
DSP0009099,CMP0099,2023-04-22,5964,43,89.47
DSP0009100,CMP0099,2023-04-23,6345,67,95.18
DSP0009101,CMP0099,2023-04-24,6058,59,90.87
DSP0009102,CMP0099,2023-04-25,6266,72,93.99
DSP0009103,CMP0099,2023-04-26,4818,48,72.28
DSP0009104,CMP0099,2023-04-27,7163,56,107.45
DSP0009105,CMP0099,2023-04-28,4930,42,73.95
DSP0009106,CMP0099,2023-04-29,6134,42,92.01
DSP0009107,CMP0099,2023-04-30,6650,52,99.76
DSP0009108,CMP0099,2023-05-01,5169,47,77.54
DSP0009109,CMP0099,2023-05-02,5296,56,79.45
DSP0009110,CMP0099,2023-05-03,6875,50,103.13
DSP0009111,CMP0099,2023-05-04,4728,35,70.93
DSP0009112,CMP0099,2023-05-05,6778,75,101.68
DSP0009113,CMP0099,2023-05-06,6654,51,99.81
DSP0009114,CMP0099,2023-05-07,7374,77,110.62
DSP0009115,CMP0099,2023-05-08,5318,34,79.77
DSP0009116,CMP0099,2023-05-09,4960,51,74.40
DSP0009117,CMP0099,2023-05-10,7270,61,109.05
DSP0009118,CMP0099,2023-05-11,6474,57,97.11
DSP0009119,CMP0099,2023-05-12,6080,50,91.21
DSP0009120,CMP0099,2023-05-13,5356,60,80.35
DSP0009121,CMP0099,2023-05-14,5018,36,75.28
DSP0009122,CMP0099,2023-05-15,7231,71,108.47
DSP0009123,CMP0099,2023-05-16,7251,76,108.77
DSP0009124,CMP0099,2023-05-17,7574,77,113.61
DSP0009125,CMP0099,2023-05-18,6971,59,104.57
DSP0009126,CMP0099,2023-05-19,4174,45,62.62
DSP0009127,CMP0099,2023-05-20,5137,59,77.06
DSP0009128,CMP0099,2023-05-21,6185,62,92.78
DSP0009129,CMP0099,2023-05-22,4576,30,68.65
DSP0009130,CMP0099,2023-05-23,5706,54,85.59
DSP0009131,CMP0099,2023-05-24,4746,36,71.19
DSP0009132,CMP0099,2023-05-25,4247,39,63.71
DSP0009133,CMP0099,2023-05-26,4522,40,67.83
DSP0009134,CMP0099,2023-05-27,6929,46,103.94
DSP0009135,CMP0099,2023-05-28,6448,69,96.73
DSP0009136,CMP0099,2023-05-29,5094,38,76.42
DSP0009137,CMP0099,2023-05-30,5492,39,82.38
DSP0009138,CMP0099,2023-05-31,5057,41,75.86
DSP0009139,CMP0099,2023-06-01,5150,56,77.25
DSP0009140,CMP0099,2023-06-02,6537,60,98.06
DSP0009141,CMP0099,2023-06-03,5672,41,85.08
DSP0009142,CMP0099,2023-06-04,5018,38,75.28
DSP0009143,CMP0099,2023-06-05,4385,50,65.78
DSP0009144,CMP0099,2023-06-06,5890,44,88.36
DSP0009145,CMP0099,2023-06-07,5878,45,88.18
DSP0009146,CMP0099,2023-06-08,5814,37,87.22
DSP0009147,CMP0099,2023-06-09,5948,55,89.23
DSP0009148,CMP0099,2023-06-10,4510,48,67.65
DSP0009149,CMP0099,2023-06-11,6791,49,101.87
DSP0009150,CMP0099,2023-06-12,5988,40,89.82
DSP0009151,CMP0099,2023-06-13,5508,38,82.63
DSP0009152,CMP0099,2023-06-14,5312,45,79.69
DSP0009153,CMP0099,2023-06-15,6106,38,91.60
DSP0009154,CMP0099,2023-06-16,6306,56,94.60
DSP0009155,CMP0099,2023-06-17,4872,35,73.09
DSP0009156,CMP0099,2023-06-18,4514,38,67.71
DSP0009157,CMP0099,2023-06-19,4344,37,65.17
DSP0009158,CMP0099,2023-06-20,7480,51,112.20
DSP0009159,CMP0099,2023-06-21,6896,74,103.45
DSP0009160,CMP0099,2023-06-22,5354,44,80.31
DSP0009161,CMP0099,2023-06-23,5780,49,86.71
DSP0009162,CMP0099,2023-06-24,4848,50,72.72
DSP0009163,CMP0099,2023-06-25,5115,41,76.73
DSP0009164,CMP0099,2023-06-26,7538,85,113.07
DSP0009165,CMP0099,2023-06-27,5510,56,82.66
DSP0009166,CMP0099,2023-06-28,4518,41,67.77
DSP0009167,CMP0100,2023-11-05,74481,1910,670.33
DSP0009168,CMP0100,2023-11-06,69461,1557,625.15
DSP0009169,CMP0100,2023-11-07,68912,1638,620.21
DSP0009170,CMP0100,2023-11-08,73477,1740,661.30
DSP0009171,CMP0100,2023-11-09,102037,2923,918.34
DSP0009172,CMP0100,2023-11-10,70190,1340,631.71
DSP0009173,CMP0100,2023-11-11,94546,2748,850.92
DSP0009174,CMP0100,2023-11-12,79424,2086,714.82
DSP0009175,CMP0100,2023-11-13,99033,1899,891.30
DSP0009176,CMP0100,2023-11-14,84011,2421,756.10
DSP0009177,CMP0100,2023-11-15,94815,2836,853.34
DSP0009178,CMP0100,2023-11-16,57735,1358,519.62
DSP0009179,CMP0100,2023-11-17,64722,1211,582.50
DSP0009180,CMP0100,2023-11-18,71396,2224,642.57
DSP0009181,CMP0100,2023-11-19,80581,2156,725.23
DSP0009182,CMP0100,2023-11-20,96391,2273,867.52
DSP0009183,CMP0100,2023-11-21,63173,1680,568.56
DSP0009184,CMP0100,2023-11-22,60123,1769,541.11
DSP0009185,CMP0100,2023-11-23,64210,1713,577.89
DSP0009186,CMP0100,2023-11-24,56487,1776,508.39
DSP0009187,CMP0100,2023-11-25,56923,1195,512.31
DSP0009188,CMP0100,2023-11-26,60322,1662,542.90
DSP0009189,CMP0100,2023-11-27,73757,1506,663.82
DSP0009190,CMP0100,2023-11-28,98747,2857,888.73
DSP0009191,CMP0100,2023-11-29,93042,2671,837.38
DSP0009192,CMP0100,2023-11-30,61585,1291,554.27
DSP0009193,CMP0100,2023-12-01,72704,2213,654.34
DSP0009194,CMP0100,2023-12-02,58165,1314,523.49
DSP0009195,CMP0100,2023-12-03,91942,2901,827.48
DSP0009196,CMP0100,2023-12-04,82648,2428,743.84
DSP0009197,CMP0100,2023-12-05,56872,1187,511.85
DSP0009198,CMP0100,2023-12-06,91044,2109,819.40
DSP0009199,CMP0100,2023-12-07,66228,1930,596.06
DSP0009200,CMP0100,2023-12-08,61063,1344,549.57
DSP0009201,CMP0100,2023-12-09,58394,1753,525.55
DSP0009202,CMP0100,2023-12-10,93981,2690,845.83
DSP0009203,CMP0100,2023-12-11,67536,1667,607.83
DSP0009204,CMP0100,2023-12-12,63826,1926,574.44
DSP0009205,CMP0100,2023-12-13,65813,1925,592.32
DSP0009206,CMP0100,2023-12-14,67506,1425,607.56
DSP0009207,CMP0100,2023-12-15,77528,2220,697.76
DSP0009208,CMP0100,2023-12-16,78102,2385,702.92
DSP0009209,CMP0100,2023-12-17,103522,2770,931.70
DSP0009210,CMP0100,2023-12-18,80350,1903,723.15
DSP0009211,CMP0100,2023-12-19,84065,2318,756.59
DSP0009212,CMP0100,2023-12-20,85233,1576,767.10
DSP0009213,CMP0100,2023-12-21,72366,2087,651.30
DSP0009214,CMP0100,2023-12-22,69590,2127,626.31
DSP0009215,CMP0100,2023-12-23,102155,3106,919.40
DSP0009216,CMP0100,2023-12-24,74622,1676,671.60
DSP0009217,CMP0100,2023-12-25,95857,2959,862.72
DSP0009218,CMP0100,2023-12-26,101433,3290,912.90
DSP0009219,CMP0100,2023-12-27,95161,2078,856.45
DSP0009220,CMP0100,2023-12-28,93226,2266,839.04
DSP0009221,CMP0100,2023-12-29,83346,2224,750.12
DSP0009222,CMP0100,2023-12-30,78397,2260,705.58
DSP0009223,CMP0100,2023-12-31,58608,1572,527.48
DSP0009224,CMP0100,2024-01-01,99810,2727,898.29
DSP0009225,CMP0100,2024-01-02,90511,2266,814.60
DSP0009226,CMP0100,2024-01-03,79604,1648,716.44
DSP0009227,CMP0100,2024-01-04,62554,1283,562.99
DSP0009228,CMP0100,2024-01-05,63053,1378,567.48
DSP0009229,CMP0101,2023-11-19,45381,1242,816.87
DSP0009230,CMP0101,2023-11-20,46552,1231,837.94
DSP0009231,CMP0101,2023-11-21,56697,2004,1020.55
DSP0009232,CMP0101,2023-11-22,57936,2620,1042.86
DSP0009233,CMP0101,2023-11-23,69782,1864,1256.09
DSP0009234,CMP0101,2023-11-24,51647,1916,929.65
DSP0009235,CMP0101,2023-11-25,62007,1666,1116.14
DSP0009236,CMP0101,2023-11-26,60591,2287,1090.65
DSP0009237,CMP0101,2023-11-27,67413,2196,1213.45
DSP0009238,CMP0101,2023-11-28,69786,2908,1256.15
DSP0009239,CMP0101,2023-11-29,65105,2886,1171.89
DSP0009240,CMP0101,2023-11-30,69703,2798,1254.67
DSP0009241,CMP0101,2023-12-01,59560,2479,1072.08
DSP0009242,CMP0101,2023-12-02,71438,2084,1285.89
DSP0009243,CMP0101,2023-12-03,46759,1920,841.67
DSP0009244,CMP0101,2023-12-04,67250,2750,1210.51
DSP0009245,CMP0101,2023-12-05,54601,2086,982.83
DSP0009246,CMP0101,2023-12-06,69641,2682,1253.55
DSP0009247,CMP0101,2023-12-07,55125,2019,992.25
DSP0009248,CMP0101,2023-12-08,56065,1511,1009.18
DSP0009249,CMP0101,2023-12-09,46926,1433,844.67
DSP0009250,CMP0101,2023-12-10,58870,1587,1059.66
DSP0009251,CMP0101,2023-12-11,45798,1673,824.37
DSP0009252,CMP0101,2023-12-12,70692,2052,1272.46
DSP0009253,CMP0101,2023-12-13,50033,1435,900.61
DSP0009254,CMP0101,2023-12-14,44435,1353,799.84
DSP0009255,CMP0101,2023-12-15,53067,1985,955.22
DSP0009256,CMP0101,2023-12-16,66613,1658,1199.04
DSP0009257,CMP0101,2023-12-17,49239,2206,886.31
DSP0009258,CMP0101,2023-12-18,47403,2021,853.27
DSP0009259,CMP0101,2023-12-19,46993,2046,845.88
DSP0009260,CMP0101,2023-12-20,51881,1872,933.86
DSP0009261,CMP0101,2023-12-21,71476,3034,1286.58
DSP0009262,CMP0101,2023-12-22,61330,1744,1103.95
DSP0009263,CMP0101,2023-12-23,66979,2601,1205.63
DSP0009264,CMP0101,2023-12-24,59341,1842,1068.14
DSP0009265,CMP0101,2023-12-25,70386,1878,1266.95
DSP0009266,CMP0101,2023-12-26,69123,2945,1244.23
DSP0009267,CMP0101,2023-12-27,48402,1720,871.25
DSP0009268,CMP0101,2023-12-28,60936,1978,1096.85
DSP0009269,CMP0101,2023-12-29,69127,1764,1244.29
DSP0009270,CMP0101,2023-12-30,48623,1752,875.23
DSP0009271,CMP0101,2023-12-31,53612,1862,965.02
DSP0009272,CMP0101,2024-01-01,52032,1478,936.58
DSP0009273,CMP0101,2024-01-02,46771,2024,841.89
DSP0009274,CMP0101,2024-01-03,65463,2390,1178.34
DSP0009275,CMP0101,2024-01-04,45619,1244,821.15
DSP0009276,CMP0101,2024-01-05,61736,1852,1111.26
DSP0009277,CMP0101,2024-01-06,75929,1927,1366.73
DSP0009278,CMP0101,2024-01-07,57321,2042,1031.78
DSP0009279,CMP0102,2025-07-17,39315,570,432.47
DSP0009280,CMP0102,2025-07-18,54749,1267,602.24
DSP0009281,CMP0102,2025-07-19,51508,997,566.59
DSP0009282,CMP0102,2025-07-20,54654,971,601.20
DSP0009283,CMP0102,2025-07-21,50336,1107,553.70
DSP0009284,CMP0102,2025-07-22,41135,678,452.49
DSP0009285,CMP0102,2025-07-23,49309,922,542.40
DSP0009286,CMP0102,2025-07-24,47566,751,523.23
DSP0009287,CMP0102,2025-07-25,58030,879,638.34
DSP0009288,CMP0102,2025-07-26,42980,940,472.79
DSP0009289,CMP0102,2025-07-27,43635,859,479.99
DSP0009290,CMP0102,2025-07-28,40806,523,448.87
DSP0009291,CMP0102,2025-07-29,55929,734,615.22
DSP0009292,CMP0102,2025-07-30,55142,958,606.57
DSP0009293,CMP0102,2025-07-31,44743,920,492.18
DSP0009294,CMP0102,2025-08-01,45740,1001,503.14
DSP0009295,CMP0102,2025-08-02,72685,1631,799.54
DSP0009296,CMP0102,2025-08-03,61690,993,678.59
DSP0009297,CMP0102,2025-08-04,48250,922,530.75
DSP0009298,CMP0102,2025-08-05,42513,822,467.65
DSP0009299,CMP0102,2025-08-06,70520,1589,775.73
DSP0009300,CMP0102,2025-08-07,46867,930,515.54
DSP0009301,CMP0102,2025-08-08,65500,1124,720.51
DSP0009302,CMP0102,2025-08-09,39377,851,433.15
DSP0009303,CMP0102,2025-08-10,48460,836,533.06
DSP0009304,CMP0102,2025-08-11,47675,1031,524.43
DSP0009305,CMP0102,2025-08-12,60499,1020,665.49
DSP0009306,CMP0102,2025-08-13,63119,1160,694.31
DSP0009307,CMP0102,2025-08-14,48205,977,530.26
DSP0009308,CMP0102,2025-08-15,49621,897,545.84
DSP0009309,CMP0102,2025-08-16,59140,1205,650.54
DSP0009310,CMP0102,2025-08-17,42304,558,465.35
DSP0009311,CMP0102,2025-08-18,46710,692,513.81
DSP0009312,CMP0102,2025-08-19,66769,1015,734.46
DSP0009313,CMP0102,2025-08-20,51974,864,571.72
DSP0009314,CMP0102,2025-08-21,64957,1442,714.53
DSP0009315,CMP0102,2025-08-22,59763,795,657.40
DSP0009316,CMP0102,2025-08-23,68075,938,748.83
DSP0009317,CMP0102,2025-08-24,66782,1247,734.61
DSP0009318,CMP0102,2025-08-25,61470,877,676.18
DSP0009319,CMP0102,2025-08-26,71512,1169,786.64
DSP0009320,CMP0102,2025-08-27,65111,1312,716.23
DSP0009321,CMP0102,2025-08-28,49939,1052,549.33
DSP0009322,CMP0102,2025-08-29,45124,749,496.37
DSP0009323,CMP0102,2025-08-30,50094,1071,551.04
DSP0009324,CMP0102,2025-08-31,60416,1184,664.58
DSP0009325,CMP0102,2025-09-01,57318,940,630.50
DSP0009326,CMP0102,2025-09-02,43414,563,477.56
DSP0009327,CMP0102,2025-09-03,46179,1000,507.97
DSP0009328,CMP0102,2025-09-04,55910,1096,615.02
DSP0009329,CMP0102,2025-09-05,56403,1082,620.44
DSP0009330,CMP0102,2025-09-06,51037,791,561.41
DSP0009331,CMP0102,2025-09-07,62510,881,687.62
DSP0009332,CMP0102,2025-09-08,39831,841,438.15
DSP0009333,CMP0102,2025-09-09,44730,861,492.03
DSP0009334,CMP0102,2025-09-10,59204,1192,651.25
DSP0009335,CMP0102,2025-09-11,72244,1445,794.69
DSP0009336,CMP0102,2025-09-12,54026,822,594.29
DSP0009337,CMP0102,2025-09-13,40207,531,442.28
DSP0009338,CMP0102,2025-09-14,58170,929,639.87
DSP0009339,CMP0102,2025-09-15,53289,1115,586.18
DSP0009340,CMP0102,2025-09-16,42468,608,467.15
DSP0009341,CMP0102,2025-09-17,55620,942,611.82
DSP0009342,CMP0102,2025-09-18,71894,1663,790.84
DSP0009343,CMP0102,2025-09-19,67439,913,741.83
DSP0009344,CMP0102,2025-09-20,60630,810,666.93
DSP0009345,CMP0102,2025-09-21,59376,922,653.14
DSP0009346,CMP0102,2025-09-22,42929,815,472.22
DSP0009347,CMP0102,2025-09-23,66273,1446,729.01
DSP0009348,CMP0102,2025-09-24,48653,752,535.19
DSP0009349,CMP0102,2025-09-25,42058,628,462.64
DSP0009350,CMP0102,2025-09-26,44687,686,491.56
DSP0009351,CMP0102,2025-09-27,53196,951,585.16
DSP0009352,CMP0102,2025-09-28,66090,959,726.99
DSP0009353,CMP0102,2025-09-29,46054,1005,506.60
DSP0009354,CMP0102,2025-09-30,67041,1472,737.46
DSP0009355,CMP0102,2025-10-01,51031,1173,561.35
DSP0009356,CMP0102,2025-10-02,41839,735,460.23
DSP0009357,CMP0102,2025-10-03,56992,1178,626.92
DSP0009358,CMP0102,2025-10-04,61672,1330,678.40
DSP0009359,CMP0102,2025-10-05,52160,1087,573.76
DSP0009360,CMP0102,2025-10-06,56833,1283,625.17
DSP0009361,CMP0102,2025-10-07,44098,604,485.08
DSP0009362,CMP0102,2025-10-08,66238,1101,728.62
DSP0009363,CMP0102,2025-10-09,49258,817,541.84
DSP0009364,CMP0102,2025-10-10,40407,769,444.48
DSP0009365,CMP0102,2025-10-11,67355,1057,740.91
DSP0009366,CMP0102,2025-10-12,45179,809,496.97
DSP0009367,CMP0102,2025-10-13,48834,631,537.18
DSP0009368,CMP0102,2025-10-14,46371,998,510.09
DSP0009369,CMP0102,2025-10-15,67271,1311,739.99
DSP0009370,CMP0102,2025-10-16,40558,835,446.14
DSP0009371,CMP0102,2025-10-17,65332,1228,718.66
DSP0009372,CMP0102,2025-10-18,71866,1013,790.53
DSP0009373,CMP0102,2025-10-19,43780,735,481.59
DSP0009374,CMP0102,2025-10-20,43521,775,478.74
DSP0009375,CMP0102,2025-10-21,60840,1017,669.25
DSP0009376,CMP0102,2025-10-22,42158,554,463.74
DSP0009377,CMP0102,2025-10-23,57264,799,629.91
DSP0009378,CMP0102,2025-10-24,67571,1155,743.29
DSP0009379,CMP0102,2025-10-25,49280,956,542.08
DSP0009380,CMP0102,2025-10-26,55529,923,610.82
DSP0009381,CMP0102,2025-10-27,42049,738,462.54
DSP0009382,CMP0102,2025-10-28,63379,1442,697.17
DSP0009383,CMP0102,2025-10-29,71612,1277,787.74
DSP0009384,CMP0102,2025-10-30,40349,905,443.84
DSP0009385,CMP0102,2025-10-31,50360,884,553.97
DSP0009386,CMP0102,2025-11-01,72894,935,801.84
DSP0009387,CMP0102,2025-11-02,71629,1562,787.92
DSP0009388,CMP0102,2025-11-03,60756,1293,668.32
DSP0009389,CMP0102,2025-11-04,58790,1155,646.69
DSP0009390,CMP0102,2025-11-05,72637,1562,799.01
DSP0009391,CMP0103,2024-05-15,54846,283,356.50
DSP0009392,CMP0103,2024-05-16,46301,342,300.96
DSP0009393,CMP0103,2024-05-17,68552,340,445.59
DSP0009394,CMP0103,2024-05-18,52316,337,340.06
DSP0009395,CMP0103,2024-05-19,62055,358,403.36
DSP0009396,CMP0103,2024-05-20,62586,317,406.81
DSP0009397,CMP0103,2024-05-21,63181,342,410.68
DSP0009398,CMP0103,2024-05-22,50704,392,329.58
DSP0009399,CMP0103,2024-05-23,73670,367,478.86
DSP0009400,CMP0103,2024-05-24,76244,497,495.59
DSP0009401,CMP0103,2024-05-25,44932,222,292.06
DSP0009402,CMP0103,2024-05-26,45436,282,295.34
DSP0009403,CMP0103,2024-05-27,65196,448,423.78
DSP0009404,CMP0103,2024-05-28,42746,229,277.85
DSP0009405,CMP0103,2024-05-29,66630,311,433.10
DSP0009406,CMP0103,2024-05-30,68624,466,446.06
DSP0009407,CMP0103,2024-05-31,48052,351,312.34
DSP0009408,CMP0103,2024-06-01,69721,322,453.19
DSP0009409,CMP0103,2024-06-02,46143,200,299.93
DSP0009410,CMP0103,2024-06-03,77086,365,501.06
DSP0009411,CMP0103,2024-06-04,70738,441,459.80
DSP0009412,CMP0103,2024-06-05,55180,403,358.67
DSP0009413,CMP0103,2024-06-06,61683,425,400.94
DSP0009414,CMP0103,2024-06-07,48906,239,317.89
DSP0009415,CMP0103,2024-06-08,44047,277,286.31
DSP0009416,CMP0103,2024-06-09,42909,248,278.91
DSP0009417,CMP0103,2024-06-10,48452,285,314.94
DSP0009418,CMP0103,2024-06-11,61589,292,400.33
DSP0009419,CMP0103,2024-06-12,44521,188,289.39
DSP0009420,CMP0103,2024-06-13,66052,452,429.34
DSP0009421,CMP0103,2024-06-14,65178,320,423.66
DSP0009422,CMP0103,2024-06-15,75109,509,488.21
DSP0009423,CMP0103,2024-06-16,51812,393,336.78
DSP0009424,CMP0103,2024-06-17,51598,258,335.39
DSP0009425,CMP0103,2024-06-18,70929,382,461.04
DSP0009426,CMP0103,2024-06-19,66352,402,431.29
DSP0009427,CMP0103,2024-06-20,64204,325,417.33
DSP0009428,CMP0103,2024-06-21,67584,328,439.30
DSP0009429,CMP0103,2024-06-22,55113,391,358.24
DSP0009430,CMP0103,2024-06-23,67950,474,441.68
DSP0009431,CMP0103,2024-06-24,69813,544,453.79
DSP0009432,CMP0103,2024-06-25,51012,313,331.58
DSP0009433,CMP0103,2024-06-26,45867,256,298.14
DSP0009434,CMP0103,2024-06-27,65016,457,422.61
DSP0009435,CMP0103,2024-06-28,70224,356,456.46
DSP0009436,CMP0103,2024-06-29,63398,322,412.09
DSP0009437,CMP0103,2024-06-30,51004,217,331.53
DSP0009438,CMP0103,2024-07-01,45910,290,298.42
DSP0009439,CMP0103,2024-07-02,56013,426,364.09
DSP0009440,CMP0103,2024-07-03,56138,437,364.90
DSP0009441,CMP0103,2024-07-04,72981,550,474.38
DSP0009442,CMP0103,2024-07-05,57607,304,374.45
DSP0009443,CMP0103,2024-07-06,63060,412,409.89
DSP0009444,CMP0103,2024-07-07,68198,472,443.29
DSP0009445,CMP0103,2024-07-08,60341,443,392.22
DSP0009446,CMP0103,2024-07-09,61333,387,398.67
DSP0009447,CMP0103,2024-07-10,71055,386,461.86
DSP0009448,CMP0103,2024-07-11,53964,290,350.77
DSP0009449,CMP0103,2024-07-12,45378,298,294.96
DSP0009450,CMP0103,2024-07-13,62116,412,403.76
DSP0009451,CMP0103,2024-07-14,54453,359,353.95
DSP0009452,CMP0103,2024-07-15,66166,426,430.08
DSP0009453,CMP0103,2024-07-16,53493,388,347.71
DSP0009454,CMP0103,2024-07-17,54203,232,352.32
DSP0009455,CMP0103,2024-07-18,72603,354,471.92
DSP0009456,CMP0103,2024-07-19,74618,580,485.02
DSP0009457,CMP0103,2024-07-20,51446,293,334.40
DSP0009458,CMP0103,2024-07-21,53883,388,350.24
DSP0009459,CMP0103,2024-07-22,74867,410,486.64
DSP0009460,CMP0103,2024-07-23,74155,424,482.01
DSP0009461,CMP0103,2024-07-24,46432,195,301.81
DSP0009462,CMP0103,2024-07-25,47764,281,310.47
DSP0009463,CMP0103,2024-07-26,67615,366,439.50
DSP0009464,CMP0104,2023-10-09,54040,416,810.60
DSP0009465,CMP0104,2023-10-10,48545,397,728.18
DSP0009466,CMP0104,2023-10-11,48087,507,721.31
DSP0009467,CMP0104,2023-10-12,51636,429,774.54
DSP0009468,CMP0104,2023-10-13,32775,210,491.63
DSP0009469,CMP0104,2023-10-14,58259,416,873.89
DSP0009470,CMP0104,2023-10-15,54166,511,812.50
DSP0009471,CMP0104,2023-10-16,38843,438,582.65
DSP0009472,CMP0104,2023-10-17,49912,540,748.68
DSP0009473,CMP0104,2023-10-18,49976,319,749.64
DSP0009474,CMP0104,2023-10-19,44879,394,673.19
DSP0009475,CMP0104,2023-10-20,34985,355,524.78
DSP0009476,CMP0104,2023-10-21,40901,307,613.52
DSP0009477,CMP0104,2023-10-22,38671,391,580.07
DSP0009478,CMP0104,2023-10-23,32971,384,494.57
DSP0009479,CMP0104,2023-10-24,56939,551,854.09
DSP0009480,CMP0104,2023-10-25,44432,473,666.49
DSP0009481,CMP0104,2023-10-26,41656,292,624.84
DSP0009482,CMP0104,2023-10-27,31490,333,472.35
DSP0009483,CMP0104,2023-10-28,34688,218,520.32
DSP0009484,CMP0104,2023-10-29,42227,269,633.41
DSP0009485,CMP0104,2023-10-30,39048,313,585.72
DSP0009486,CMP0104,2023-10-31,50822,498,762.34
DSP0009487,CMP0104,2023-11-01,35556,382,533.35
DSP0009488,CMP0104,2023-11-02,43028,464,645.43
DSP0009489,CMP0104,2023-11-03,31507,279,472.61
DSP0009490,CMP0104,2023-11-04,32756,309,491.35
DSP0009491,CMP0104,2023-11-05,49615,314,744.23
DSP0009492,CMP0104,2023-11-06,55586,357,833.80
DSP0009493,CMP0104,2023-11-07,31764,309,476.46
DSP0009494,CMP0104,2023-11-08,49596,503,743.94
DSP0009495,CMP0104,2023-11-09,37468,264,562.03
DSP0009496,CMP0104,2023-11-10,31746,276,476.19
DSP0009497,CMP0104,2023-11-11,47149,382,707.24
DSP0009498,CMP0104,2023-11-12,52786,348,791.80
DSP0009499,CMP0104,2023-11-13,56797,409,851.96
DSP0009500,CMP0104,2023-11-14,41871,373,628.07
DSP0009501,CMP0104,2023-11-15,32114,323,481.71
DSP0009502,CMP0104,2023-11-16,32994,312,494.91
DSP0009503,CMP0104,2023-11-17,56182,459,842.73
DSP0009504,CMP0104,2023-11-18,52694,343,790.42
DSP0009505,CMP0104,2023-11-19,41059,414,615.89
DSP0009506,CMP0104,2023-11-20,52247,490,783.71
DSP0009507,CMP0104,2023-11-21,53738,539,806.08
DSP0009508,CMP0104,2023-11-22,31910,279,478.66
DSP0009509,CMP0104,2023-11-23,43480,487,652.21
DSP0009510,CMP0104,2023-11-24,35735,235,536.03
DSP0009511,CMP0104,2023-11-25,56881,583,853.22
DSP0009512,CMP0104,2023-11-26,56546,416,848.20
DSP0009513,CMP0104,2023-11-27,32143,341,482.15
DSP0009514,CMP0104,2023-11-28,55303,461,829.55
DSP0009515,CMP0104,2023-11-29,40366,331,605.49
DSP0009516,CMP0104,2023-11-30,41202,322,618.03
DSP0009517,CMP0104,2023-12-01,41142,383,617.13
DSP0009518,CMP0104,2023-12-02,31772,363,476.59
DSP0009519,CMP0104,2023-12-03,43252,378,648.79
DSP0009520,CMP0104,2023-12-04,54646,631,819.70
DSP0009521,CMP0104,2023-12-05,33676,269,505.14
DSP0009522,CMP0104,2023-12-06,41004,271,615.07
DSP0009523,CMP0104,2023-12-07,32122,276,481.84
DSP0009524,CMP0104,2023-12-08,37994,442,569.92
DSP0009525,CMP0104,2023-12-09,40666,440,609.99
DSP0009526,CMP0104,2023-12-10,34726,391,520.89
DSP0009527,CMP0104,2023-12-11,46874,502,703.12
DSP0009528,CMP0104,2023-12-12,43013,275,645.20
DSP0009529,CMP0104,2023-12-13,47940,364,719.10
DSP0009530,CMP0104,2023-12-14,55128,611,826.92
DSP0009531,CMP0104,2023-12-15,44380,513,665.71
DSP0009532,CMP0104,2023-12-16,52444,452,786.67
DSP0009533,CMP0104,2023-12-17,32306,299,484.59
DSP0009534,CMP0104,2023-12-18,52075,556,781.13
DSP0009535,CMP0104,2023-12-19,38325,390,574.88
DSP0009536,CMP0104,2023-12-20,39104,315,586.56
DSP0009537,CMP0104,2023-12-21,32863,213,492.95
DSP0009538,CMP0104,2023-12-22,38456,263,576.84
DSP0009539,CMP0104,2023-12-23,43774,472,656.62
DSP0009540,CMP0104,2023-12-24,32804,305,492.07
DSP0009541,CMP0104,2023-12-25,44383,389,665.75
DSP0009542,CMP0104,2023-12-26,49896,345,748.45
DSP0009543,CMP0104,2023-12-27,56271,363,844.07
DSP0009544,CMP0104,2023-12-28,48585,562,728.78
DSP0009545,CMP0104,2023-12-29,52234,510,783.52
DSP0009546,CMP0105,2023-12-27,67896,1406,611.07
DSP0009547,CMP0105,2023-12-28,70370,1284,633.33
DSP0009548,CMP0105,2023-12-29,46627,1365,419.65
DSP0009549,CMP0105,2023-12-30,49628,1402,446.66
DSP0009550,CMP0105,2023-12-31,55365,1640,498.29
DSP0009551,CMP0105,2024-01-01,61164,1422,550.48
DSP0009552,CMP0105,2024-01-02,75681,2135,681.13
DSP0009553,CMP0105,2024-01-03,50070,998,450.63
DSP0009554,CMP0105,2024-01-04,75862,2331,682.76
DSP0009555,CMP0105,2024-01-05,45458,1257,409.13
DSP0009556,CMP0105,2024-01-06,43374,1321,390.37
DSP0009557,CMP0105,2024-01-07,65711,1486,591.40
DSP0009558,CMP0105,2024-01-08,61148,1379,550.34
DSP0009559,CMP0105,2024-01-09,78288,1803,704.60
DSP0009560,CMP0105,2024-01-10,44966,878,404.70
DSP0009561,CMP0105,2024-01-11,56810,1146,511.29
DSP0009562,CMP0105,2024-01-12,78438,2084,705.95
DSP0009563,CMP0105,2024-01-13,49140,865,442.26
DSP0009564,CMP0105,2024-01-14,79366,2496,714.30
DSP0009565,CMP0105,2024-01-15,74936,2245,674.43
DSP0009566,CMP0105,2024-01-16,70913,1833,638.22
DSP0009567,CMP0105,2024-01-17,51750,1392,465.75
DSP0009568,CMP0105,2024-01-18,45902,1417,413.12
DSP0009569,CMP0105,2024-01-19,56214,1646,505.93
DSP0009570,CMP0105,2024-01-20,48036,1071,432.33
DSP0009571,CMP0105,2024-01-21,63716,1272,573.45
DSP0009572,CMP0105,2024-01-22,55448,1579,499.04
DSP0009573,CMP0105,2024-01-23,72015,1652,648.14
DSP0009574,CMP0105,2024-01-24,55407,1252,498.67
DSP0009575,CMP0105,2024-01-25,50262,1057,452.36
DSP0009576,CMP0105,2024-01-26,47541,1127,427.87
DSP0009577,CMP0105,2024-01-27,68382,1439,615.44
DSP0009578,CMP0105,2024-01-28,47265,1350,425.39
DSP0009579,CMP0105,2024-01-29,68814,1663,619.33
DSP0009580,CMP0105,2024-01-30,57057,1509,513.52
DSP0009581,CMP0105,2024-01-31,65234,1624,587.11
DSP0009582,CMP0105,2024-02-01,46952,1416,422.57
DSP0009583,CMP0105,2024-02-02,49836,1238,448.53
DSP0009584,CMP0105,2024-02-03,65816,1536,592.35
DSP0009585,CMP0105,2024-02-04,65564,1711,590.08
DSP0009586,CMP0105,2024-02-05,63316,1869,569.85
DSP0009587,CMP0105,2024-02-06,52090,1167,468.81
DSP0009588,CMP0105,2024-02-07,58652,1210,527.87
DSP0009589,CMP0105,2024-02-08,71723,2060,645.51
DSP0009590,CMP0105,2024-02-09,74842,1677,673.58
DSP0009591,CMP0105,2024-02-10,79090,1989,711.81
DSP0009592,CMP0105,2024-02-11,74246,1558,668.22
DSP0009593,CMP0105,2024-02-12,68960,2197,620.64
DSP0009594,CMP0105,2024-02-13,74451,1584,670.06
DSP0009595,CMP0105,2024-02-14,54736,1608,492.63
DSP0009596,CMP0105,2024-02-15,73982,1657,665.84
DSP0009597,CMP0105,2024-02-16,64160,1935,577.44
DSP0009598,CMP0105,2024-02-17,78370,1794,705.33
DSP0009599,CMP0105,2024-02-18,53412,961,480.71
DSP0009600,CMP0105,2024-02-19,75778,2365,682.01
DSP0009601,CMP0105,2024-02-20,46371,1436,417.34
DSP0009602,CMP0105,2024-02-21,72812,2029,655.31
DSP0009603,CMP0105,2024-02-22,58540,1157,526.86
DSP0009604,CMP0105,2024-02-23,46391,948,417.52
DSP0009605,CMP0105,2024-02-24,78785,2547,709.07
DSP0009606,CMP0105,2024-02-25,62167,1603,559.51
DSP0009607,CMP0105,2024-02-26,57036,1565,513.33
DSP0009608,CMP0105,2024-02-27,63943,1939,575.49
DSP0009609,CMP0105,2024-02-28,61474,1829,553.27
DSP0009610,CMP0105,2024-02-29,77484,2477,697.36
DSP0009611,CMP0105,2024-03-01,70165,1580,631.49
DSP0009612,CMP0105,2024-03-02,69474,1327,625.27
DSP0009613,CMP0105,2024-03-03,66266,1858,596.40
DSP0009614,CMP0105,2024-03-04,79364,2510,714.28
DSP0009615,CMP0105,2024-03-05,56885,1779,511.97
DSP0009616,CMP0105,2024-03-06,55381,1501,498.43
DSP0009617,CMP0105,2024-03-07,45173,1124,406.56
DSP0009618,CMP0105,2024-03-08,72488,2130,652.40
DSP0009619,CMP0105,2024-03-09,70478,2037,634.31
DSP0009620,CMP0105,2024-03-10,57420,1782,516.78
DSP0009621,CMP0105,2024-03-11,44356,1331,399.21
DSP0009622,CMP0105,2024-03-12,73825,2218,664.43
DSP0009623,CMP0105,2024-03-13,62957,1352,566.62
DSP0009624,CMP0105,2024-03-14,52318,1044,470.87
DSP0009625,CMP0105,2024-03-15,72216,1410,649.95
DSP0009626,CMP0105,2024-03-16,44974,1407,404.77
DSP0009627,CMP0105,2024-03-17,46532,839,418.79
DSP0009628,CMP0105,2024-03-18,71360,1449,642.24
DSP0009629,CMP0105,2024-03-19,43090,913,387.81
DSP0009630,CMP0105,2024-03-20,50781,950,457.03
DSP0009631,CMP0105,2024-03-21,77053,2222,693.48
DSP0009632,CMP0105,2024-03-22,72413,1842,651.72
DSP0009633,CMP0105,2024-03-23,77747,1876,699.73
DSP0009634,CMP0105,2024-03-24,55916,1512,503.25
DSP0009635,CMP0105,2024-03-25,76050,2379,684.45
DSP0009636,CMP0105,2024-03-26,73503,1471,661.53
DSP0009637,CMP0105,2024-03-27,65591,1666,590.32
DSP0009638,CMP0105,2024-03-28,68377,1325,615.40
DSP0009639,CMP0105,2024-03-29,48171,998,433.54
DSP0009640,CMP0105,2024-03-30,65995,1743,593.96
DSP0009641,CMP0105,2024-03-31,43145,872,388.31
DSP0009642,CMP0105,2024-04-01,59574,1738,536.17
DSP0009643,CMP0105,2024-04-02,73733,1622,663.60
DSP0009644,CMP0105,2024-04-03,53378,1157,480.41
DSP0009645,CMP0106,2024-06-29,19126,791,344.28
DSP0009646,CMP0106,2024-06-30,20293,561,365.28
DSP0009647,CMP0106,2024-07-01,22487,811,404.77
DSP0009648,CMP0106,2024-07-02,21341,850,384.15
DSP0009649,CMP0106,2024-07-03,20540,846,369.73
DSP0009650,CMP0106,2024-07-04,17473,793,314.53
DSP0009651,CMP0106,2024-07-05,19548,702,351.88
DSP0009652,CMP0106,2024-07-06,16085,653,289.53
DSP0009653,CMP0106,2024-07-07,16428,432,295.71
DSP0009654,CMP0106,2024-07-08,22031,810,396.56
DSP0009655,CMP0106,2024-07-09,15816,647,284.69
DSP0009656,CMP0106,2024-07-10,18510,551,333.18
DSP0009657,CMP0106,2024-07-11,22972,663,413.51
DSP0009658,CMP0106,2024-07-12,17805,482,320.49
DSP0009659,CMP0106,2024-07-13,20988,800,377.80
DSP0009660,CMP0106,2024-07-14,16708,510,300.75
DSP0009661,CMP0106,2024-07-15,20657,540,371.84
DSP0009662,CMP0106,2024-07-16,19281,507,347.07
DSP0009663,CMP0106,2024-07-17,12873,469,231.73
DSP0009664,CMP0106,2024-07-18,21231,738,382.17
DSP0009665,CMP0106,2024-07-19,12828,314,230.92
DSP0009666,CMP0106,2024-07-20,19402,682,349.25
DSP0009667,CMP0106,2024-07-21,17971,621,323.48
DSP0009668,CMP0106,2024-07-22,13746,477,247.44
DSP0009669,CMP0106,2024-07-23,14215,414,255.87
DSP0009670,CMP0106,2024-07-24,21257,531,382.63
DSP0009671,CMP0106,2024-07-25,16804,652,302.48
DSP0009672,CMP0106,2024-07-26,18983,787,341.70
DSP0009673,CMP0106,2024-07-27,23578,885,424.41
DSP0009674,CMP0106,2024-07-28,14423,531,259.62
DSP0009675,CMP0106,2024-07-29,18291,535,329.24
DSP0009676,CMP0106,2024-07-30,17458,583,314.26
DSP0009677,CMP0106,2024-07-31,19655,742,353.80
DSP0009678,CMP0106,2024-08-01,19074,709,343.34
DSP0009679,CMP0106,2024-08-02,13846,396,249.24
DSP0009680,CMP0106,2024-08-03,14283,473,257.10
DSP0009681,CMP0106,2024-08-04,18401,576,331.23
DSP0009682,CMP0106,2024-08-05,19144,858,344.60
DSP0009683,CMP0106,2024-08-06,19331,552,347.96
DSP0009684,CMP0106,2024-08-07,13860,596,249.49
DSP0009685,CMP0106,2024-08-08,19426,726,349.68
DSP0009686,CMP0106,2024-08-09,22847,974,411.26
DSP0009687,CMP0106,2024-08-10,17875,786,321.76
DSP0009688,CMP0106,2024-08-11,23401,885,421.22
DSP0009689,CMP0106,2024-08-12,17365,775,312.57
DSP0009690,CMP0106,2024-08-13,16540,673,297.72
DSP0009691,CMP0106,2024-08-14,14394,381,259.10
DSP0009692,CMP0106,2024-08-15,19849,728,357.29
DSP0009693,CMP0106,2024-08-16,19924,633,358.64
DSP0009694,CMP0106,2024-08-17,15231,664,274.16
DSP0009695,CMP0106,2024-08-18,18058,670,325.05
DSP0009696,CMP0106,2024-08-19,17033,528,306.61
DSP0009697,CMP0106,2024-08-20,20317,620,365.72
DSP0009698,CMP0106,2024-08-21,12827,442,230.89
DSP0009699,CMP0106,2024-08-22,14216,429,255.89
DSP0009700,CMP0106,2024-08-23,19122,659,344.21
DSP0009701,CMP0106,2024-08-24,19398,645,349.17
DSP0009702,CMP0106,2024-08-25,15359,432,276.47
DSP0009703,CMP0106,2024-08-26,18032,632,324.59
DSP0009704,CMP0106,2024-08-27,17288,478,311.20
DSP0009705,CMP0106,2024-08-28,13518,606,243.34
DSP0009706,CMP0106,2024-08-29,14190,392,255.42
DSP0009707,CMP0106,2024-08-30,21522,612,387.41
DSP0009708,CMP0106,2024-08-31,13674,434,246.14
DSP0009709,CMP0106,2024-09-01,19186,592,345.36
DSP0009710,CMP0106,2024-09-02,15633,471,281.41
DSP0009711,CMP0106,2024-09-03,15307,384,275.53
DSP0009712,CMP0106,2024-09-04,14460,387,260.28
DSP0009713,CMP0106,2024-09-05,20637,661,371.47
DSP0009714,CMP0106,2024-09-06,21818,641,392.73
DSP0009715,CMP0106,2024-09-07,20856,667,375.41
DSP0009716,CMP0106,2024-09-08,22225,654,400.06
DSP0009717,CMP0106,2024-09-09,21777,919,391.99
DSP0009718,CMP0106,2024-09-10,19852,573,357.35
DSP0009719,CMP0106,2024-09-11,21368,919,384.63
DSP0009720,CMP0106,2024-09-12,14940,491,268.93
DSP0009721,CMP0106,2024-09-13,16237,509,292.27
DSP0009722,CMP0106,2024-09-14,21160,659,380.88
DSP0009723,CMP0106,2024-09-15,23428,588,421.72
DSP0009724,CMP0106,2024-09-16,14463,436,260.35
DSP0009725,CMP0106,2024-09-17,16987,541,305.77
DSP0009726,CMP0106,2024-09-18,15061,461,271.11
DSP0009727,CMP0106,2024-09-19,18242,772,328.36
DSP0009728,CMP0106,2024-09-20,22686,558,408.36
DSP0009729,CMP0106,2024-09-21,17305,716,311.49
DSP0009730,CMP0106,2024-09-22,15490,443,278.82
DSP0009731,CMP0106,2024-09-23,16558,541,298.05
DSP0009732,CMP0106,2024-09-24,22346,728,402.23
DSP0009733,CMP0106,2024-09-25,19084,571,343.52
DSP0009734,CMP0106,2024-09-26,19400,653,349.20
DSP0009735,CMP0106,2024-09-27,21524,899,387.44
DSP0009736,CMP0106,2024-09-28,14239,507,256.31
DSP0009737,CMP0106,2024-09-29,21313,707,383.65
DSP0009738,CMP0106,2024-09-30,13541,334,243.75
DSP0009739,CMP0106,2024-10-01,15837,446,285.08
DSP0009740,CMP0106,2024-10-02,21281,821,383.06
DSP0009741,CMP0106,2024-10-03,17165,461,308.98
DSP0009742,CMP0106,2024-10-04,23394,724,421.10
DSP0009743,CMP0106,2024-10-05,17856,684,321.42
DSP0009744,CMP0106,2024-10-06,20552,844,369.94
DSP0009745,CMP0106,2024-10-07,23158,1013,416.85
DSP0009746,CMP0106,2024-10-08,15027,441,270.50
DSP0009747,CMP0106,2024-10-09,13120,543,236.16
DSP0009748,CMP0106,2024-10-10,13359,547,240.47
DSP0009749,CMP0107,2024-08-21,34963,695,384.60
DSP0009750,CMP0107,2024-08-22,62146,1421,683.61
DSP0009751,CMP0107,2024-08-23,58248,748,640.73
DSP0009752,CMP0107,2024-08-24,56441,737,620.86
DSP0009753,CMP0107,2024-08-25,48821,1114,537.04
DSP0009754,CMP0107,2024-08-26,36541,684,401.96
DSP0009755,CMP0107,2024-08-27,46169,814,507.86
DSP0009756,CMP0107,2024-08-28,41789,885,459.68
DSP0009757,CMP0107,2024-08-29,38222,700,420.45
DSP0009758,CMP0107,2024-08-30,50840,770,559.25
DSP0009759,CMP0107,2024-08-31,37663,548,414.30
DSP0009760,CMP0107,2024-09-01,39103,552,430.14
DSP0009761,CMP0107,2024-09-02,59417,872,653.59
DSP0009762,CMP0107,2024-09-03,58316,1211,641.48
DSP0009763,CMP0107,2024-09-04,44758,874,492.34
DSP0009764,CMP0107,2024-09-05,41586,693,457.45
DSP0009765,CMP0107,2024-09-06,45741,667,503.16
DSP0009766,CMP0107,2024-09-07,59870,1219,658.58
DSP0009767,CMP0107,2024-09-08,55234,937,607.58
DSP0009768,CMP0107,2024-09-09,34070,594,374.77
DSP0009769,CMP0107,2024-09-10,42945,924,472.40
DSP0009770,CMP0107,2024-09-11,53420,1182,587.62
DSP0009771,CMP0107,2024-09-12,47756,819,525.32
DSP0009772,CMP0107,2024-09-13,34951,670,384.47
DSP0009773,CMP0107,2024-09-14,43491,641,478.41
DSP0009774,CMP0107,2024-09-15,54760,1112,602.37
DSP0009775,CMP0107,2024-09-16,49572,731,545.30
DSP0009776,CMP0107,2024-09-17,52842,1006,581.27
DSP0009777,CMP0107,2024-09-18,36380,847,400.19
DSP0009778,CMP0107,2024-09-19,57440,1128,631.84
DSP0009779,CMP0107,2024-09-20,41010,862,451.12
DSP0009780,CMP0107,2024-09-21,40181,644,442.00
DSP0009781,CMP0107,2024-09-22,50013,631,550.15
DSP0009782,CMP0107,2024-09-23,45548,1018,501.03
DSP0009783,CMP0107,2024-09-24,40155,904,441.71
DSP0009784,CMP0107,2024-09-25,62056,1350,682.62
DSP0009785,CMP0107,2024-09-26,34252,475,376.78
DSP0009786,CMP0107,2024-09-27,58550,1135,644.05
DSP0009787,CMP0107,2024-09-28,37507,576,412.58
DSP0009788,CMP0107,2024-09-29,38727,885,426.00
DSP0009789,CMP0107,2024-09-30,56936,848,626.30
DSP0009790,CMP0107,2024-10-01,46454,1068,511.00
DSP0009791,CMP0107,2024-10-02,60188,1293,662.07
DSP0009792,CMP0107,2024-10-03,56995,1178,626.95
DSP0009793,CMP0107,2024-10-04,35840,700,394.24
DSP0009794,CMP0107,2024-10-05,55191,1282,607.11
DSP0009795,CMP0107,2024-10-06,60402,886,664.43
DSP0009796,CMP0107,2024-10-07,44108,622,485.19
DSP0009797,CMP0107,2024-10-08,56611,1078,622.73
DSP0009798,CMP0107,2024-10-09,46850,597,515.36
DSP0009799,CMP0107,2024-10-10,61174,1183,672.92
DSP0009800,CMP0107,2024-10-11,55023,943,605.26
DSP0009801,CMP0107,2024-10-12,60255,1387,662.81
DSP0009802,CMP0107,2024-10-13,47380,735,521.19
DSP0009803,CMP0107,2024-10-14,60350,1376,663.86
DSP0009804,CMP0107,2024-10-15,59230,1270,651.54
DSP0009805,CMP0107,2024-10-16,52199,1030,574.19
DSP0009806,CMP0107,2024-10-17,62415,1175,686.57
DSP0009807,CMP0107,2024-10-18,42691,891,469.61
DSP0009808,CMP0107,2024-10-19,53244,1048,585.69
DSP0009809,CMP0107,2024-10-20,36456,593,401.02
DSP0009810,CMP0107,2024-10-21,49036,675,539.40
DSP0009811,CMP0107,2024-10-22,41763,851,459.40
DSP0009812,CMP0107,2024-10-23,33885,558,372.74
DSP0009813,CMP0107,2024-10-24,53514,985,588.66
DSP0009814,CMP0107,2024-10-25,46615,647,512.77
DSP0009815,CMP0107,2024-10-26,47657,1010,524.23
DSP0009816,CMP0107,2024-10-27,62630,1012,688.93
DSP0009817,CMP0107,2024-10-28,58326,1334,641.59
DSP0009818,CMP0107,2024-10-29,50984,836,560.83
DSP0009819,CMP0107,2024-10-30,52133,1176,573.47
DSP0009820,CMP0107,2024-10-31,35886,741,394.75
DSP0009821,CMP0107,2024-11-01,39550,685,435.06
DSP0009822,CMP0107,2024-11-02,47624,778,523.87
DSP0009823,CMP0107,2024-11-03,34420,475,378.63
DSP0009824,CMP0107,2024-11-04,45268,1014,497.95
DSP0009825,CMP0107,2024-11-05,52738,1013,580.12
DSP0009826,CMP0107,2024-11-06,35462,689,390.09
DSP0009827,CMP0107,2024-11-07,49587,933,545.46
DSP0009828,CMP0107,2024-11-08,58117,1359,639.29
DSP0009829,CMP0107,2024-11-09,34340,763,377.74
DSP0009830,CMP0107,2024-11-10,43998,878,483.98
DSP0009831,CMP0107,2024-11-11,62286,1071,685.15
DSP0009832,CMP0107,2024-11-12,60374,907,664.12
DSP0009833,CMP0107,2024-11-13,57150,919,628.65
DSP0009834,CMP0107,2024-11-14,49997,1039,549.97
DSP0009835,CMP0107,2024-11-15,60754,955,668.30
DSP0009836,CMP0107,2024-11-16,50905,779,559.96
DSP0009837,CMP0107,2024-11-17,47299,655,520.29
DSP0009838,CMP0107,2024-11-18,47520,1111,522.72
DSP0009839,CMP0107,2024-11-19,46609,960,512.70
DSP0009840,CMP0107,2024-11-20,51543,971,566.98
DSP0009841,CMP0107,2024-11-21,36350,458,399.86
DSP0009842,CMP0107,2024-11-22,60403,900,664.44
DSP0009843,CMP0107,2024-11-23,34772,546,382.50
DSP0009844,CMP0107,2024-11-24,46560,608,512.17
DSP0009845,CMP0107,2024-11-25,42822,842,471.05
DSP0009846,CMP0107,2024-11-26,60165,802,661.82
DSP0009847,CMP0107,2024-11-27,57269,1055,629.96
DSP0009848,CMP0107,2024-11-28,47285,671,520.14
DSP0009849,CMP0107,2024-11-29,46459,1070,511.05
DSP0009850,CMP0107,2024-11-30,49617,757,545.79
DSP0009851,CMP0107,2024-12-01,49907,1027,548.98
DSP0009852,CMP0107,2024-12-02,39503,881,434.54
DSP0009853,CMP0107,2024-12-03,35530,573,390.84
DSP0009854,CMP0107,2024-12-04,48082,632,528.91
DSP0009855,CMP0107,2024-12-05,52094,721,573.04
DSP0009856,CMP0107,2024-12-06,40918,573,450.10
DSP0009857,CMP0107,2024-12-07,41531,939,456.85
DSP0009858,CMP0107,2024-12-08,59475,1267,654.23
DSP0009859,CMP0107,2024-12-09,57027,1215,627.30
DSP0009860,CMP0107,2024-12-10,49457,702,544.03
DSP0009861,CMP0107,2024-12-11,50114,817,551.26
DSP0009862,CMP0107,2024-12-12,40782,552,448.61
DSP0009863,CMP0107,2024-12-13,37996,736,417.96
DSP0009864,CMP0107,2024-12-14,45470,727,500.17
DSP0009865,CMP0107,2024-12-15,48818,1014,537.00
DSP0009866,CMP0107,2024-12-16,55043,1093,605.48
DSP0009867,CMP0107,2024-12-17,61214,833,673.36
DSP0009868,CMP0107,2024-12-18,54515,830,599.67
DSP0009869,CMP0107,2024-12-19,58524,1346,643.77
DSP0009870,CMP0107,2024-12-20,35417,483,389.59
DSP0009871,CMP0107,2024-12-21,35483,471,390.32
DSP0009872,CMP0107,2024-12-22,44586,698,490.45
DSP0009873,CMP0107,2024-12-23,59543,1365,654.98
DSP0009874,CMP0108,2023-08-21,66947,518,435.16
DSP0009875,CMP0108,2023-08-22,63718,352,414.17
DSP0009876,CMP0108,2023-08-23,68343,325,444.23
DSP0009877,CMP0108,2023-08-24,74415,559,483.70
DSP0009878,CMP0108,2023-08-25,74764,501,485.97
DSP0009879,CMP0108,2023-08-26,64592,495,419.85
DSP0009880,CMP0108,2023-08-27,67160,289,436.54
DSP0009881,CMP0108,2023-08-28,46658,269,303.28
DSP0009882,CMP0108,2023-08-29,71313,468,463.54
DSP0009883,CMP0108,2023-08-30,43746,235,284.35
DSP0009884,CMP0108,2023-08-31,45181,308,293.68
DSP0009885,CMP0108,2023-09-01,58260,307,378.69
DSP0009886,CMP0108,2023-09-02,44184,300,287.20
DSP0009887,CMP0108,2023-09-03,41466,254,269.53
DSP0009888,CMP0108,2023-09-04,43550,293,283.08
DSP0009889,CMP0108,2023-09-05,44827,195,291.38
DSP0009890,CMP0108,2023-09-06,53410,287,347.17
DSP0009891,CMP0108,2023-09-07,61284,458,398.35
DSP0009892,CMP0108,2023-09-08,59055,263,383.86
DSP0009893,CMP0108,2023-09-09,45720,237,297.18
DSP0009894,CMP0108,2023-09-10,47576,314,309.25
DSP0009895,CMP0108,2023-09-11,69612,425,452.48
DSP0009896,CMP0108,2023-09-12,41192,199,267.75
DSP0009897,CMP0108,2023-09-13,53178,408,345.66
DSP0009898,CMP0108,2023-09-14,47472,221,308.57
DSP0009899,CMP0108,2023-09-15,52392,339,340.55
DSP0009900,CMP0108,2023-09-16,76247,509,495.61
DSP0009901,CMP0108,2023-09-17,75490,540,490.69
DSP0009902,CMP0108,2023-09-18,68826,451,447.37
DSP0009903,CMP0108,2023-09-19,42703,324,277.57
DSP0009904,CMP0108,2023-09-20,68689,527,446.48
DSP0009905,CMP0108,2023-09-21,45756,272,297.42
DSP0009906,CMP0108,2023-09-22,54533,348,354.47
DSP0009907,CMP0108,2023-09-23,69309,424,450.51
DSP0009908,CMP0108,2023-09-24,42383,219,275.49
DSP0009909,CMP0108,2023-09-25,53396,302,347.08
DSP0009910,CMP0108,2023-09-26,64670,384,420.36
DSP0009911,CMP0108,2023-09-27,50573,294,328.73
DSP0009912,CMP0108,2023-09-28,73967,381,480.79
DSP0009913,CMP0108,2023-09-29,45483,312,295.64
DSP0009914,CMP0108,2023-09-30,45918,319,298.47
DSP0009915,CMP0108,2023-10-01,76416,569,496.71
DSP0009916,CMP0108,2023-10-02,45135,333,293.38
DSP0009917,CMP0108,2023-10-03,54967,408,357.29
DSP0009918,CMP0108,2023-10-04,51093,391,332.11
DSP0009919,CMP0108,2023-10-05,43106,207,280.19
DSP0009920,CMP0108,2023-10-06,47016,334,305.61
DSP0009921,CMP0108,2023-10-07,51492,321,334.70
DSP0009922,CMP0108,2023-10-08,41836,277,271.94
DSP0009923,CMP0108,2023-10-09,47480,332,308.62
DSP0009924,CMP0108,2023-10-10,62500,440,406.25
DSP0009925,CMP0108,2023-10-11,70320,337,457.08
DSP0009926,CMP0108,2023-10-12,64681,469,420.43
DSP0009927,CMP0108,2023-10-13,48963,234,318.26
DSP0009928,CMP0108,2023-10-14,46315,202,301.05
DSP0009929,CMP0108,2023-10-15,62915,290,408.95
DSP0009930,CMP0108,2023-10-16,63247,344,411.11
DSP0009931,CMP0108,2023-10-17,66364,516,431.37
DSP0009932,CMP0108,2023-10-18,74058,369,481.38
DSP0009933,CMP0108,2023-10-19,43318,295,281.57
DSP0009934,CMP0108,2023-10-20,75398,401,490.09
DSP0009935,CMP0108,2023-10-21,75940,332,493.61
DSP0009936,CMP0108,2023-10-22,70392,373,457.55
DSP0009937,CMP0108,2023-10-23,68864,439,447.62
DSP0009938,CMP0108,2023-10-24,74613,579,484.99
DSP0009939,CMP0108,2023-10-25,74555,417,484.61
DSP0009940,CMP0108,2023-10-26,57787,259,375.62
DSP0009941,CMP0108,2023-10-27,62196,281,404.28
DSP0009942,CMP0108,2023-10-28,73878,547,480.21
DSP0009943,CMP0108,2023-10-29,61267,432,398.24
DSP0009944,CMP0108,2023-10-30,74992,399,487.45
DSP0009945,CMP0108,2023-10-31,45955,235,298.71
DSP0009946,CMP0108,2023-11-01,43680,265,283.92
DSP0009947,CMP0108,2023-11-02,67040,449,435.76
DSP0009948,CMP0108,2023-11-03,56263,419,365.71
DSP0009949,CMP0108,2023-11-04,67741,481,440.32
DSP0009950,CMP0108,2023-11-05,50244,279,326.59
DSP0009951,CMP0108,2023-11-06,68166,497,443.08
DSP0009952,CMP0108,2023-11-07,72310,335,470.02
DSP0009953,CMP0108,2023-11-08,52860,322,343.59
DSP0009954,CMP0108,2023-11-09,60170,259,391.11
DSP0009955,CMP0108,2023-11-10,73380,509,476.97
DSP0009956,CMP0108,2023-11-11,61163,339,397.56
DSP0009957,CMP0108,2023-11-12,75175,543,488.64
DSP0009958,CMP0108,2023-11-13,42786,216,278.11
DSP0009959,CMP0108,2023-11-14,62304,359,404.98
DSP0009960,CMP0108,2023-11-15,66656,509,433.27
DSP0009961,CMP0108,2023-11-16,56800,265,369.20
DSP0009962,CMP0108,2023-11-17,50780,382,330.07
DSP0009963,CMP0108,2023-11-18,53826,279,349.87
DSP0009964,CMP0108,2023-11-19,57849,368,376.02
DSP0009965,CMP0108,2023-11-20,61164,272,397.57
DSP0009966,CMP0108,2023-11-21,56252,400,365.64
DSP0009967,CMP0108,2023-11-22,59698,268,388.04
DSP0009968,CMP0108,2023-11-23,63513,491,412.84
DSP0009969,CMP0108,2023-11-24,64590,447,419.84
DSP0009970,CMP0108,2023-11-25,48901,288,317.86
DSP0009971,CMP0108,2023-11-26,43712,253,284.13
DSP0009972,CMP0108,2023-11-27,41207,246,267.85
DSP0009973,CMP0108,2023-11-28,57298,347,372.44
DSP0009974,CMP0108,2023-11-29,53316,356,346.56
DSP0009975,CMP0108,2023-11-30,66756,507,433.92
DSP0009976,CMP0108,2023-12-01,65052,283,422.84
DSP0009977,CMP0108,2023-12-02,54836,254,356.44
DSP0009978,CMP0108,2023-12-03,51790,223,336.64
DSP0009979,CMP0108,2023-12-04,65763,492,427.46
DSP0009980,CMP0108,2023-12-05,44950,241,292.18
DSP0009981,CMP0108,2023-12-06,54016,354,351.11
DSP0009982,CMP0108,2023-12-07,60233,343,391.52
DSP0009983,CMP0108,2023-12-08,54069,260,351.45
DSP0009984,CMP0108,2023-12-09,47801,244,310.71
DSP0009985,CMP0108,2023-12-10,63832,458,414.91
DSP0009986,CMP0108,2023-12-11,72850,325,473.53
DSP0009987,CMP0108,2023-12-12,55256,364,359.17
DSP0009988,CMP0108,2023-12-13,76063,375,494.41
DSP0009989,CMP0108,2023-12-14,59460,276,386.49
DSP0009990,CMP0108,2023-12-15,62495,466,406.22
DSP0009991,CMP0108,2023-12-16,73804,571,479.73
DSP0009992,CMP0108,2023-12-17,63792,340,414.65
DSP0009993,CMP0108,2023-12-18,72020,489,468.13
DSP0009994,CMP0108,2023-12-19,56963,292,370.26
DSP0009995,CMP0108,2023-12-20,57096,268,371.13
DSP0009996,CMP0108,2023-12-21,60052,345,390.34
DSP0009997,CMP0108,2023-12-22,50826,365,330.37
DSP0009998,CMP0108,2023-12-23,71415,556,464.20
DSP0009999,CMP0108,2023-12-24,56887,303,369.77
DSP0010000,CMP0108,2023-12-25,57835,256,375.93
DSP0010001,CMP0109,2024-01-13,17187,169,257.81
DSP0010002,CMP0109,2024-01-14,29940,319,449.10
DSP0010003,CMP0109,2024-01-15,18750,146,281.25
DSP0010004,CMP0109,2024-01-16,19159,217,287.39
DSP0010005,CMP0109,2024-01-17,19538,155,293.08
DSP0010006,CMP0109,2024-01-18,24487,190,367.31
DSP0010007,CMP0109,2024-01-19,30396,320,455.95
DSP0010008,CMP0109,2024-01-20,30114,200,451.71
DSP0010009,CMP0109,2024-01-21,18832,135,282.49
DSP0010010,CMP0109,2024-01-22,19813,156,297.20
DSP0010011,CMP0109,2024-01-23,20730,185,310.95
DSP0010012,CMP0109,2024-01-24,22752,155,341.28
DSP0010013,CMP0109,2024-01-25,22645,216,339.68
DSP0010014,CMP0109,2024-01-26,26859,310,402.89
DSP0010015,CMP0109,2024-01-27,19991,165,299.87
DSP0010016,CMP0109,2024-01-28,20444,225,306.67
DSP0010017,CMP0109,2024-01-29,22064,227,330.97
DSP0010018,CMP0109,2024-01-30,29643,256,444.65
DSP0010019,CMP0109,2024-01-31,27244,255,408.67
DSP0010020,CMP0109,2024-02-01,19788,206,296.82
DSP0010021,CMP0109,2024-02-02,20243,155,303.65
DSP0010022,CMP0109,2024-02-03,29807,336,447.11
DSP0010023,CMP0109,2024-02-04,17494,188,262.41
DSP0010024,CMP0109,2024-02-05,24308,194,364.63
DSP0010025,CMP0109,2024-02-06,19098,130,286.48
DSP0010026,CMP0109,2024-02-07,20252,221,303.78
DSP0010027,CMP0109,2024-02-08,17227,189,258.41
DSP0010028,CMP0109,2024-02-09,30593,355,458.90
DSP0010029,CMP0109,2024-02-10,23174,244,347.61
DSP0010030,CMP0109,2024-02-11,17534,177,263.01
DSP0010031,CMP0109,2024-02-12,29234,188,438.51
DSP0010032,CMP0109,2024-02-13,17822,156,267.34
DSP0010033,CMP0109,2024-02-14,24484,257,367.27
DSP0010034,CMP0109,2024-02-15,21706,196,325.60
DSP0010035,CMP0109,2024-02-16,19888,154,298.32
DSP0010036,CMP0109,2024-02-17,20690,242,310.35
DSP0010037,CMP0109,2024-02-18,31670,299,475.05
DSP0010038,CMP0109,2024-02-19,21060,142,315.91
DSP0010039,CMP0109,2024-02-20,24462,162,366.94
DSP0010040,CMP0109,2024-02-21,26412,211,396.19
DSP0010041,CMP0109,2024-02-22,18723,183,280.85
DSP0010042,CMP0109,2024-02-23,20301,138,304.52
DSP0010043,CMP0109,2024-02-24,19590,164,293.85
DSP0010044,CMP0109,2024-02-25,22129,193,331.94
DSP0010045,CMP0109,2024-02-26,29708,264,445.62
DSP0010046,CMP0109,2024-02-27,25561,262,383.42
DSP0010047,CMP0109,2024-02-28,30566,208,458.49
DSP0010048,CMP0109,2024-02-29,29694,209,445.41
DSP0010049,CMP0109,2024-03-01,30875,318,463.13
DSP0010050,CMP0109,2024-03-02,19289,150,289.34
DSP0010051,CMP0109,2024-03-03,30068,339,451.02
DSP0010052,CMP0109,2024-03-04,20548,165,308.22
DSP0010053,CMP0109,2024-03-05,26948,186,404.22
DSP0010054,CMP0109,2024-03-06,17377,178,260.66
DSP0010055,CMP0109,2024-03-07,22451,194,336.77
DSP0010056,CMP0109,2024-03-08,18626,126,279.39
DSP0010057,CMP0109,2024-03-09,24274,224,364.12
DSP0010058,CMP0109,2024-03-10,23759,267,356.39
DSP0010059,CMP0109,2024-03-11,27268,266,409.02
DSP0010060,CMP0109,2024-03-12,26660,258,399.90
DSP0010061,CMP0109,2024-03-13,19723,175,295.85
DSP0010062,CMP0109,2024-03-14,27696,187,415.45
DSP0010063,CMP0109,2024-03-15,25290,286,379.35
DSP0010064,CMP0109,2024-03-16,27995,228,419.93
DSP0010065,CMP0109,2024-03-17,21056,182,315.85
DSP0010066,CMP0109,2024-03-18,25364,264,380.46
DSP0010067,CMP0109,2024-03-19,18826,158,282.40
DSP0010068,CMP0109,2024-03-20,22638,197,339.58
DSP0010069,CMP0109,2024-03-21,18077,125,271.16
DSP0010070,CMP0109,2024-03-22,18799,129,281.99
DSP0010071,CMP0109,2024-03-23,18504,132,277.56
DSP0010072,CMP0109,2024-03-24,17710,206,265.65
DSP0010073,CMP0109,2024-03-25,31416,238,471.25
DSP0010074,CMP0109,2024-03-26,27420,237,411.30
DSP0010075,CMP0109,2024-03-27,19474,125,292.11
DSP0010076,CMP0109,2024-03-28,28213,199,423.20
DSP0010077,CMP0109,2024-03-29,30352,260,455.29
DSP0010078,CMP0109,2024-03-30,26162,183,392.44
DSP0010079,CMP0109,2024-03-31,29196,281,437.95
DSP0010080,CMP0109,2024-04-01,21881,225,328.22
DSP0010081,CMP0109,2024-04-02,21227,208,318.41
DSP0010082,CMP0109,2024-04-03,27793,272,416.90
DSP0010083,CMP0109,2024-04-04,30809,227,462.14
DSP0010084,CMP0109,2024-04-05,17456,120,261.85
DSP0010085,CMP0109,2024-04-06,27444,232,411.67
DSP0010086,CMP0109,2024-04-07,24244,267,363.66
DSP0010087,CMP0109,2024-04-08,21614,206,324.21
DSP0010088,CMP0109,2024-04-09,21832,178,327.48
DSP0010089,CMP0109,2024-04-10,28462,216,426.93
DSP0010090,CMP0109,2024-04-11,30325,192,454.88
DSP0010091,CMP0109,2024-04-12,31354,207,470.31
DSP0010092,CMP0109,2024-04-13,24490,226,367.35
DSP0010093,CMP0109,2024-04-14,27637,208,414.56
DSP0010094,CMP0109,2024-04-15,30170,215,452.56
DSP0010095,CMP0109,2024-04-16,31362,320,470.44
DSP0010096,CMP0109,2024-04-17,21292,239,319.39
DSP0010097,CMP0109,2024-04-18,19862,153,297.94
DSP0010098,CMP0109,2024-04-19,25118,233,376.77
DSP0010099,CMP0109,2024-04-20,29049,305,435.74
DSP0010100,CMP0109,2024-04-21,22836,160,342.55
DSP0010101,CMP0109,2024-04-22,23688,275,355.32
DSP0010102,CMP0109,2024-04-23,18054,197,270.81
DSP0010103,CMP0109,2024-04-24,20614,231,309.21
DSP0010104,CMP0109,2024-04-25,23122,188,346.83
DSP0010105,CMP0109,2024-04-26,21209,235,318.14
DSP0010106,CMP0109,2024-04-27,20572,232,308.58
DSP0010107,CMP0109,2024-04-28,19155,142,287.33
DSP0010108,CMP0109,2024-04-29,25560,206,383.40
DSP0010109,CMP0109,2024-04-30,17088,176,256.33
DSP0010110,CMP0109,2024-05-01,29454,343,441.81
DSP0010111,CMP0109,2024-05-02,25524,218,382.87
DSP0010112,CMP0109,2024-05-03,29356,246,440.34
DSP0010113,CMP0109,2024-05-04,23024,241,345.37
DSP0010114,CMP0109,2024-05-05,20572,204,308.59
DSP0010115,CMP0109,2024-05-06,24577,254,368.66
DSP0010116,CMP0109,2024-05-07,19784,130,296.76
DSP0010117,CMP0109,2024-05-08,25125,251,376.88
DSP0010118,CMP0109,2024-05-09,29423,318,441.35
DSP0010119,CMP0109,2024-05-10,22528,161,337.93
DSP0010120,CMP0109,2024-05-11,26798,181,401.97
DSP0010121,CMP0109,2024-05-12,31642,357,474.64
DSP0010122,CMP0109,2024-05-13,17147,122,257.21
DSP0010123,CMP0109,2024-05-14,18689,206,280.34
DSP0010124,CMP0109,2024-05-15,25846,203,387.70
DSP0010125,CMP0109,2024-05-16,26157,218,392.36
DSP0010126,CMP0109,2024-05-17,31216,259,468.24
DSP0010127,CMP0109,2024-05-18,21751,156,326.27
DSP0010128,CMP0109,2024-05-19,19381,221,290.72
DSP0010129,CMP0109,2024-05-20,30497,299,457.46
DSP0010130,CMP0109,2024-05-21,20926,146,313.90
DSP0010131,CMP0109,2024-05-22,28957,192,434.36
DSP0010132,CMP0109,2024-05-23,17093,115,256.40
DSP0010133,CMP0109,2024-05-24,25421,193,381.32
DSP0010134,CMP0109,2024-05-25,17790,145,266.85
DSP0010135,CMP0109,2024-05-26,27915,294,418.73
DSP0010136,CMP0109,2024-05-27,30047,340,450.71
DSP0010137,CMP0109,2024-05-28,30988,354,464.82
DSP0010138,CMP0109,2024-05-29,25207,212,378.11
DSP0010139,CMP0109,2024-05-30,21425,179,321.38
DSP0010140,CMP0109,2024-05-31,30758,334,461.37
DSP0010141,CMP0109,2024-06-01,28769,220,431.54
DSP0010142,CMP0110,2025-02-27,30212,787,271.91
DSP0010143,CMP0110,2025-02-28,26470,525,238.23
DSP0010144,CMP0110,2025-03-01,23847,585,214.63
DSP0010145,CMP0110,2025-03-02,30106,830,270.96
DSP0010146,CMP0110,2025-03-03,19308,559,173.78
DSP0010147,CMP0110,2025-03-04,28506,591,256.56
DSP0010148,CMP0110,2025-03-05,22568,642,203.12
DSP0010149,CMP0110,2025-03-06,25028,533,225.26
DSP0010150,CMP0110,2025-03-07,24471,495,220.24
DSP0010151,CMP0110,2025-03-08,19872,624,178.85
DSP0010152,CMP0110,2025-03-09,28990,569,260.91
DSP0010153,CMP0110,2025-03-10,19553,542,175.98
DSP0010154,CMP0110,2025-03-11,29357,682,264.22
DSP0010155,CMP0110,2025-03-12,21448,493,193.04
DSP0010156,CMP0110,2025-03-13,29130,668,262.17
DSP0010157,CMP0110,2025-03-14,23612,573,212.51
DSP0010158,CMP0110,2025-03-15,27877,525,250.90
DSP0010159,CMP0110,2025-03-16,16933,307,152.40
DSP0010160,CMP0110,2025-03-17,24957,785,224.62
DSP0010161,CMP0110,2025-03-18,25388,476,228.50
DSP0010162,CMP0110,2025-03-19,27065,611,243.59
DSP0010163,CMP0110,2025-03-20,24260,763,218.34
DSP0010164,CMP0110,2025-03-21,24220,518,217.98
DSP0010165,CMP0110,2025-03-22,27838,766,250.55
DSP0010166,CMP0110,2025-03-23,24825,530,223.43
DSP0010167,CMP0110,2025-03-24,20860,504,187.74
DSP0010168,CMP0110,2025-03-25,30212,715,271.91
DSP0010169,CMP0110,2025-03-26,17093,491,153.84
DSP0010170,CMP0110,2025-03-27,24648,549,221.84
DSP0010171,CMP0110,2025-03-28,23413,477,210.72
DSP0010172,CMP0110,2025-03-29,18346,583,165.12
DSP0010173,CMP0110,2025-03-30,28414,803,255.73
DSP0010174,CMP0110,2025-03-31,19725,593,177.53
DSP0010175,CMP0110,2025-04-01,21195,649,190.76
DSP0010176,CMP0110,2025-04-02,19837,520,178.54
DSP0010177,CMP0110,2025-04-03,26282,769,236.54
DSP0010178,CMP0110,2025-04-04,26294,628,236.65
DSP0010179,CMP0110,2025-04-05,16363,412,147.27
DSP0010180,CMP0110,2025-04-06,20027,583,180.25
DSP0010181,CMP0110,2025-04-07,20283,468,182.55
DSP0010182,CMP0110,2025-04-08,23653,576,212.88
DSP0010183,CMP0110,2025-04-09,22437,650,201.94
DSP0010184,CMP0110,2025-04-10,27247,805,245.23
DSP0010185,CMP0110,2025-04-11,22182,468,199.64
DSP0010186,CMP0110,2025-04-12,24044,603,216.40
DSP0010187,CMP0110,2025-04-13,18093,475,162.84
DSP0010188,CMP0110,2025-04-14,26778,817,241.01
DSP0010189,CMP0110,2025-04-15,20778,510,187.01
DSP0010190,CMP0110,2025-04-16,25748,777,231.74
DSP0010191,CMP0110,2025-04-17,29410,671,264.69
DSP0010192,CMP0110,2025-04-18,22535,405,202.82
DSP0010193,CMP0110,2025-04-19,27545,531,247.91
DSP0010194,CMP0110,2025-04-20,22160,604,199.44
DSP0010195,CMP0110,2025-04-21,22543,599,202.89
DSP0010196,CMP0110,2025-04-22,23088,594,207.80
DSP0010197,CMP0110,2025-04-23,25468,817,229.22
DSP0010198,CMP0110,2025-04-24,29188,885,262.70
DSP0010199,CMP0110,2025-04-25,28825,789,259.43
DSP0010200,CMP0110,2025-04-26,24874,492,223.87
DSP0010201,CMP0110,2025-04-27,17634,562,158.71
DSP0010202,CMP0110,2025-04-28,24735,638,222.62
DSP0010203,CMP0110,2025-04-29,27918,771,251.27
DSP0010204,CMP0110,2025-04-30,22678,446,204.11
DSP0010205,CMP0110,2025-05-01,25988,554,233.90
DSP0010206,CMP0110,2025-05-02,19812,463,178.31
DSP0010207,CMP0110,2025-05-03,22317,453,200.86
DSP0010208,CMP0110,2025-05-04,22867,686,205.81
DSP0010209,CMP0110,2025-05-05,22988,443,206.90
DSP0010210,CMP0110,2025-05-06,20753,399,186.78
DSP0010211,CMP0110,2025-05-07,18541,367,166.87
DSP0010212,CMP0110,2025-05-08,18051,334,162.46
DSP0010213,CMP0110,2025-05-09,30088,761,270.80
DSP0010214,CMP0110,2025-05-10,23001,653,207.01
DSP0010215,CMP0110,2025-05-11,24432,713,219.89
DSP0010216,CMP0110,2025-05-12,19742,529,177.68
DSP0010217,CMP0110,2025-05-13,27163,712,244.47
DSP0010218,CMP0110,2025-05-14,28151,716,253.36
DSP0010219,CMP0110,2025-05-15,26608,593,239.48
DSP0010220,CMP0110,2025-05-16,28731,806,258.58
DSP0010221,CMP0110,2025-05-17,23832,427,214.49
DSP0010222,CMP0110,2025-05-18,26950,556,242.55
DSP0010223,CMP0110,2025-05-19,25777,526,232.00
DSP0010224,CMP0110,2025-05-20,28176,862,253.59
DSP0010225,CMP0110,2025-05-21,28046,740,252.42
DSP0010226,CMP0110,2025-05-22,24286,690,218.58
DSP0010227,CMP0110,2025-05-23,22558,639,203.03
DSP0010228,CMP0110,2025-05-24,16914,464,152.23
DSP0010229,CMP0110,2025-05-25,21453,443,193.08
DSP0010230,CMP0110,2025-05-26,28091,794,252.82
DSP0010231,CMP0110,2025-05-27,29510,856,265.59
DSP0010232,CMP0110,2025-05-28,16901,433,152.11
DSP0010233,CMP0110,2025-05-29,28874,852,259.87
DSP0010234,CMP0110,2025-05-30,26575,854,239.18
DSP0010235,CMP0110,2025-05-31,29127,800,262.15
DSP0010236,CMP0110,2025-06-01,28067,780,252.61
DSP0010237,CMP0110,2025-06-02,29925,752,269.33
DSP0010238,CMP0110,2025-06-03,29742,542,267.68
DSP0010239,CMP0110,2025-06-04,29472,861,265.25
DSP0010240,CMP0110,2025-06-05,28213,519,253.92
DSP0010241,CMP0110,2025-06-06,28466,757,256.20
DSP0010242,CMP0110,2025-06-07,24078,681,216.71
DSP0010243,CMP0110,2025-06-08,28876,665,259.89
DSP0010244,CMP0110,2025-06-09,16973,467,152.76
DSP0010245,CMP0110,2025-06-10,19383,595,174.45
DSP0010246,CMP0110,2025-06-11,18787,489,169.09
DSP0010247,CMP0110,2025-06-12,16918,467,152.27
DSP0010248,CMP0110,2025-06-13,17633,501,158.70
DSP0010249,CMP0110,2025-06-14,21872,607,196.85
DSP0010250,CMP0110,2025-06-15,29857,635,268.72
DSP0010251,CMP0110,2025-06-16,22298,609,200.69
DSP0010252,CMP0110,2025-06-17,29687,882,267.19
DSP0010253,CMP0110,2025-06-18,19342,415,174.08
DSP0010254,CMP0110,2025-06-19,24508,549,220.58
DSP0010255,CMP0110,2025-06-20,27763,663,249.87
DSP0010256,CMP0110,2025-06-21,21904,419,197.14
DSP0010257,CMP0110,2025-06-22,22706,722,204.36
DSP0010258,CMP0110,2025-06-23,16651,405,149.86
DSP0010259,CMP0110,2025-06-24,28473,881,256.26
DSP0010260,CMP0110,2025-06-25,20544,637,184.90
DSP0010261,CMP0110,2025-06-26,25954,602,233.59
DSP0010262,CMP0110,2025-06-27,21672,646,195.05
DSP0010263,CMP0110,2025-06-28,21365,571,192.29
DSP0010264,CMP0110,2025-06-29,23903,443,215.13
DSP0010265,CMP0110,2025-06-30,21257,498,191.32
DSP0010266,CMP0110,2025-07-01,25955,795,233.60
DSP0010267,CMP0110,2025-07-02,28158,502,253.43
DSP0010268,CMP0110,2025-07-03,20255,579,182.30
DSP0010269,CMP0110,2025-07-04,20707,540,186.37
DSP0010270,CMP0110,2025-07-05,28368,649,255.32
DSP0010271,CMP0110,2025-07-06,27758,592,249.83
DSP0010272,CMP0110,2025-07-07,17814,471,160.33
DSP0010273,CMP0110,2025-07-08,21826,414,196.44
DSP0010274,CMP0110,2025-07-09,30204,570,271.84
DSP0010275,CMP0110,2025-07-10,29832,596,268.49
DSP0010276,CMP0110,2025-07-11,28893,611,260.04
DSP0010277,CMP0110,2025-07-12,30205,873,271.85
DSP0010278,CMP0110,2025-07-13,29915,674,269.24
DSP0010279,CMP0110,2025-07-14,28556,884,257.01
DSP0010280,CMP0110,2025-07-15,16526,376,148.74
DSP0010281,CMP0111,2023-11-29,12205,308,219.69
DSP0010282,CMP0111,2023-11-30,13806,579,248.51
DSP0010283,CMP0111,2023-12-01,14029,521,252.53
DSP0010284,CMP0111,2023-12-02,18060,703,325.08
DSP0010285,CMP0111,2023-12-03,13734,434,247.22
DSP0010286,CMP0111,2023-12-04,16432,640,295.79
DSP0010287,CMP0111,2023-12-05,19217,644,345.92
DSP0010288,CMP0111,2023-12-06,15750,497,283.51
DSP0010289,CMP0111,2023-12-07,11708,381,210.76
DSP0010290,CMP0111,2023-12-08,20620,552,371.17
DSP0010291,CMP0111,2023-12-09,18626,700,335.27
DSP0010292,CMP0111,2023-12-10,19046,743,342.84
DSP0010293,CMP0111,2023-12-11,16192,452,291.46
DSP0010294,CMP0111,2023-12-12,12308,375,221.55
DSP0010295,CMP0111,2023-12-13,18897,838,340.15
DSP0010296,CMP0111,2023-12-14,18933,612,340.80
DSP0010297,CMP0111,2023-12-15,19378,677,348.81
DSP0010298,CMP0111,2023-12-16,20703,699,372.66
DSP0010299,CMP0111,2023-12-17,12541,488,225.75
DSP0010300,CMP0111,2023-12-18,15511,441,279.21
DSP0010301,CMP0111,2023-12-19,18943,628,340.98
DSP0010302,CMP0111,2023-12-20,15509,610,279.17
DSP0010303,CMP0111,2023-12-21,13531,345,243.57
DSP0010304,CMP0111,2023-12-22,18797,711,338.36
DSP0010305,CMP0111,2023-12-23,13406,412,241.32
DSP0010306,CMP0111,2023-12-24,19788,521,356.20
DSP0010307,CMP0111,2023-12-25,13841,460,249.15
DSP0010308,CMP0111,2023-12-26,20673,858,372.13
DSP0010309,CMP0111,2023-12-27,20568,768,370.23
DSP0010310,CMP0111,2023-12-28,12037,359,216.67
DSP0010311,CMP0111,2023-12-29,13005,337,234.10
DSP0010312,CMP0111,2023-12-30,12381,345,222.86
DSP0010313,CMP0111,2023-12-31,16067,526,289.21
DSP0010314,CMP0111,2024-01-01,21206,760,381.72
DSP0010315,CMP0111,2024-01-02,17449,500,314.09
DSP0010316,CMP0111,2024-01-03,20273,605,364.92
DSP0010317,CMP0111,2024-01-04,16446,447,296.04
DSP0010318,CMP0111,2024-01-05,12171,471,219.08
DSP0010319,CMP0111,2024-01-06,17758,479,319.66
DSP0010320,CMP0111,2024-01-07,14756,450,265.62
DSP0010321,CMP0111,2024-01-08,16545,670,297.82
DSP0010322,CMP0111,2024-01-09,17342,559,312.17
DSP0010323,CMP0111,2024-01-10,12190,306,219.43
DSP0010324,CMP0111,2024-01-11,21123,707,380.22
DSP0010325,CMP0111,2024-01-12,13542,389,243.76
DSP0010326,CMP0111,2024-01-13,14905,378,268.30
DSP0010327,CMP0111,2024-01-14,13845,611,249.22
DSP0010328,CMP0111,2024-01-15,14469,596,260.45
DSP0010329,CMP0111,2024-01-16,14228,407,256.11
DSP0010330,CMP0111,2024-01-17,19099,628,343.79
DSP0010331,CMP0111,2024-01-18,15011,618,270.21
DSP0010332,CMP0111,2024-01-19,19908,524,358.36
DSP0010333,CMP0111,2024-01-20,14101,378,253.83
DSP0010334,CMP0111,2024-01-21,12789,572,230.21
DSP0010335,CMP0111,2024-01-22,15515,652,279.27
DSP0010336,CMP0111,2024-01-23,13902,344,250.24
DSP0010337,CMP0111,2024-01-24,12713,475,228.85
DSP0010338,CMP0111,2024-01-25,12478,524,224.62
DSP0010339,CMP0111,2024-01-26,19604,496,352.88
DSP0010340,CMP0111,2024-01-27,19930,518,358.75
DSP0010341,CMP0111,2024-01-28,15081,565,271.46
DSP0010342,CMP0111,2024-01-29,17637,666,317.47
DSP0010343,CMP0111,2024-01-30,19993,714,359.89
DSP0010344,CMP0111,2024-01-31,12694,493,228.50
DSP0010345,CMP0111,2024-02-01,12632,445,227.39
DSP0010346,CMP0111,2024-02-02,20244,517,364.40
DSP0010347,CMP0111,2024-02-03,12362,475,222.52
DSP0010348,CMP0111,2024-02-04,17112,530,308.02
DSP0010349,CMP0111,2024-02-05,13582,491,244.48
DSP0010350,CMP0111,2024-02-06,11782,305,212.08
DSP0010351,CMP0111,2024-02-07,13913,535,250.44
DSP0010352,CMP0111,2024-02-08,12630,453,227.35
DSP0010353,CMP0111,2024-02-09,13276,547,238.97
DSP0010354,CMP0111,2024-02-10,15021,502,270.38
DSP0010355,CMP0111,2024-02-11,17221,771,309.98
DSP0010356,CMP0111,2024-02-12,13641,619,245.54
DSP0010357,CMP0111,2024-02-13,19542,801,351.77
DSP0010358,CMP0111,2024-02-14,13641,461,245.54
DSP0010359,CMP0111,2024-02-15,19347,592,348.25
DSP0010360,CMP0111,2024-02-16,15125,495,272.26
DSP0010361,CMP0111,2024-02-17,13268,430,238.83
DSP0010362,CMP0111,2024-02-18,19964,694,359.36
DSP0010363,CMP0111,2024-02-19,21357,883,384.43
DSP0010364,CMP0111,2024-02-20,12040,302,216.73
DSP0010365,CMP0111,2024-02-21,14422,586,259.60
DSP0010366,CMP0111,2024-02-22,16121,682,290.18
DSP0010367,CMP0111,2024-02-23,19636,724,353.46
DSP0010368,CMP0111,2024-02-24,20925,618,376.65
DSP0010369,CMP0111,2024-02-25,19566,701,352.20
DSP0010370,CMP0111,2024-02-26,13766,435,247.80
DSP0010371,CMP0111,2024-02-27,12800,505,230.40
DSP0010372,CMP0111,2024-02-28,14636,417,263.45
DSP0010373,CMP0111,2024-02-29,17552,678,315.94
DSP0010374,CMP0111,2024-03-01,21270,803,382.87
DSP0010375,CMP0111,2024-03-02,17130,601,308.34
DSP0010376,CMP0111,2024-03-03,18693,567,336.49
DSP0010377,CMP0111,2024-03-04,20510,532,369.18
DSP0010378,CMP0111,2024-03-05,16363,734,294.55
DSP0010379,CMP0111,2024-03-06,19523,634,351.42
DSP0010380,CMP0111,2024-03-07,11517,511,207.32
DSP0010381,CMP0111,2024-03-08,17512,498,315.22
DSP0010382,CMP0111,2024-03-09,16547,607,297.86
DSP0010383,CMP0111,2024-03-10,18089,491,325.61
DSP0010384,CMP0111,2024-03-11,12302,447,221.44
DSP0010385,CMP0111,2024-03-12,18390,803,331.03
DSP0010386,CMP0111,2024-03-13,19305,584,347.49
DSP0010387,CMP0111,2024-03-14,20983,873,377.71
DSP0010388,CMP0111,2024-03-15,19389,596,349.01
DSP0010389,CMP0111,2024-03-16,17065,459,307.17
DSP0010390,CMP0111,2024-03-17,15693,473,282.48
DSP0010391,CMP0111,2024-03-18,14658,470,263.85
DSP0010392,CMP0111,2024-03-19,11966,390,215.39
DSP0010393,CMP0111,2024-03-20,20045,701,360.81
DSP0010394,CMP0111,2024-03-21,15820,444,284.76
DSP0010395,CMP0111,2024-03-22,19429,509,349.73
DSP0010396,CMP0111,2024-03-23,14888,411,268.00
DSP0010397,CMP0111,2024-03-24,18317,517,329.72
DSP0010398,CMP0111,2024-03-25,14236,459,256.25
DSP0010399,CMP0111,2024-03-26,13836,543,249.06
DSP0010400,CMP0111,2024-03-27,18270,663,328.87
DSP0010401,CMP0111,2024-03-28,11572,334,208.31
DSP0010402,CMP0111,2024-03-29,15551,458,279.93
DSP0010403,CMP0111,2024-03-30,13840,565,249.13
DSP0010404,CMP0111,2024-03-31,16405,462,295.30
DSP0010405,CMP0111,2024-04-01,18977,541,341.60
DSP0010406,CMP0112,2024-09-21,97819,2088,1076.01
DSP0010407,CMP0112,2024-09-22,91337,2101,1004.71
DSP0010408,CMP0112,2024-09-23,85708,1858,942.79
DSP0010409,CMP0112,2024-09-24,116340,1538,1279.75
DSP0010410,CMP0112,2024-09-25,112480,2545,1237.28
DSP0010411,CMP0112,2024-09-26,98315,2217,1081.47
DSP0010412,CMP0112,2024-09-27,87282,1409,960.11
DSP0010413,CMP0112,2024-09-28,93163,1414,1024.80
DSP0010414,CMP0112,2024-09-29,108188,1826,1190.07
DSP0010415,CMP0112,2024-09-30,111932,1566,1231.26
DSP0010416,CMP0112,2024-10-01,76954,1353,846.50
DSP0010417,CMP0112,2024-10-02,99358,2125,1092.94
DSP0010418,CMP0112,2024-10-03,86097,1674,947.07
DSP0010419,CMP0112,2024-10-04,118494,2323,1303.44
DSP0010420,CMP0112,2024-10-05,64373,1298,708.11
DSP0010421,CMP0112,2024-10-06,71916,1515,791.08
DSP0010422,CMP0112,2024-10-07,99357,1976,1092.93
DSP0010423,CMP0112,2024-10-08,106920,1447,1176.12
DSP0010424,CMP0112,2024-10-09,68521,912,753.74
DSP0010425,CMP0112,2024-10-10,100083,2056,1100.92
DSP0010426,CMP0112,2024-10-11,112900,1899,1241.90
DSP0010427,CMP0112,2024-10-12,105355,1889,1158.91
DSP0010428,CMP0112,2024-10-13,114960,2549,1264.57
DSP0010429,CMP0112,2024-10-14,110178,1558,1211.96
DSP0010430,CMP0112,2024-10-15,82355,1858,905.91
DSP0010431,CMP0112,2024-10-16,82671,1616,909.39
DSP0010432,CMP0112,2024-10-17,84619,1556,930.81
DSP0010433,CMP0112,2024-10-18,101458,2170,1116.04
DSP0010434,CMP0112,2024-10-19,88270,1151,970.98
DSP0010435,CMP0112,2024-10-20,114831,2041,1263.15
DSP0010436,CMP0112,2024-10-21,79741,1098,877.16
DSP0010437,CMP0112,2024-10-22,115913,1649,1275.05
DSP0010438,CMP0112,2024-10-23,85838,1881,944.22
DSP0010439,CMP0112,2024-10-24,85383,1324,939.22
DSP0010440,CMP0112,2024-10-25,78822,1229,867.05
DSP0010441,CMP0112,2024-10-26,90480,1959,995.28
DSP0010442,CMP0112,2024-10-27,97873,1458,1076.61
DSP0010443,CMP0112,2024-10-28,116857,2339,1285.43
DSP0010444,CMP0112,2024-10-29,106655,1814,1173.21
DSP0010445,CMP0112,2024-10-30,77499,1520,852.49
DSP0010446,CMP0112,2024-10-31,82795,1885,910.75
DSP0010447,CMP0112,2024-11-01,112942,1609,1242.37
DSP0010448,CMP0112,2024-11-02,113548,1649,1249.03
DSP0010449,CMP0112,2024-11-03,83040,1776,913.44
DSP0010450,CMP0112,2024-11-04,64458,1323,709.04
DSP0010451,CMP0112,2024-11-05,65830,1299,724.14
DSP0010452,CMP0112,2024-11-06,99685,1666,1096.54
DSP0010453,CMP0113,2025-06-27,24496,113,159.23
DSP0010454,CMP0113,2025-06-28,26709,147,173.61
DSP0010455,CMP0113,2025-06-29,18716,111,121.66
DSP0010456,CMP0113,2025-06-30,16660,93,108.29
DSP0010457,CMP0113,2025-07-01,24029,165,156.19
DSP0010458,CMP0113,2025-07-02,27829,204,180.89
DSP0010459,CMP0113,2025-07-03,17512,127,113.83
DSP0010460,CMP0113,2025-07-04,21729,112,141.24
DSP0010461,CMP0113,2025-07-05,27201,122,176.81
DSP0010462,CMP0113,2025-07-06,17527,132,113.93
DSP0010463,CMP0113,2025-07-07,18789,146,122.13
DSP0010464,CMP0113,2025-07-08,17536,127,113.99
DSP0010465,CMP0113,2025-07-09,27503,144,178.77
DSP0010466,CMP0113,2025-07-10,18536,117,120.49
DSP0010467,CMP0113,2025-07-11,22752,129,147.89
DSP0010468,CMP0113,2025-07-12,29213,218,189.89
DSP0010469,CMP0113,2025-07-13,28164,161,183.07
DSP0010470,CMP0113,2025-07-14,24196,142,157.28
DSP0010471,CMP0113,2025-07-15,21767,134,141.49
DSP0010472,CMP0113,2025-07-16,21856,102,142.07
DSP0010473,CMP0113,2025-07-17,20913,92,135.94
DSP0010474,CMP0113,2025-07-18,21778,105,141.56
DSP0010475,CMP0113,2025-07-19,25758,147,167.43
DSP0010476,CMP0113,2025-07-20,16623,97,108.05
DSP0010477,CMP0113,2025-07-21,27392,118,178.05
DSP0010478,CMP0113,2025-07-22,25421,137,165.24
DSP0010479,CMP0113,2025-07-23,23301,105,151.46
DSP0010480,CMP0113,2025-07-24,17246,97,112.10
DSP0010481,CMP0113,2025-07-25,27435,210,178.33
DSP0010482,CMP0113,2025-07-26,19135,89,124.38
DSP0010483,CMP0113,2025-07-27,17460,110,113.49
DSP0010484,CMP0113,2025-07-28,26823,144,174.35
DSP0010485,CMP0113,2025-07-29,25784,135,167.60
DSP0010486,CMP0113,2025-07-30,23303,133,151.47
DSP0010487,CMP0113,2025-07-31,22924,159,149.01
DSP0010488,CMP0113,2025-08-01,17152,102,111.49
DSP0010489,CMP0113,2025-08-02,16389,75,106.53
DSP0010490,CMP0113,2025-08-03,29624,179,192.56
DSP0010491,CMP0113,2025-08-04,20183,138,131.19
DSP0010492,CMP0113,2025-08-05,17923,90,116.50
DSP0010493,CMP0113,2025-08-06,23413,108,152.19
DSP0010494,CMP0113,2025-08-07,29280,210,190.32
DSP0010495,CMP0113,2025-08-08,24976,131,162.35
DSP0010496,CMP0113,2025-08-09,22835,117,148.43
DSP0010497,CMP0113,2025-08-10,22907,118,148.90
DSP0010498,CMP0113,2025-08-11,24500,178,159.25
DSP0010499,CMP0113,2025-08-12,26929,127,175.04
DSP0010500,CMP0113,2025-08-13,22261,157,144.70
DSP0010501,CMP0113,2025-08-14,19641,86,127.67
DSP0010502,CMP0113,2025-08-15,24098,177,156.64
DSP0010503,CMP0113,2025-08-16,28507,203,185.30
DSP0010504,CMP0113,2025-08-17,19826,101,128.87
DSP0010505,CMP0113,2025-08-18,28123,195,182.80
DSP0010506,CMP0113,2025-08-19,23824,159,154.86
DSP0010507,CMP0113,2025-08-20,28776,206,187.05
DSP0010508,CMP0113,2025-08-21,26695,135,173.52
DSP0010509,CMP0113,2025-08-22,23350,163,151.78
DSP0010510,CMP0113,2025-08-23,21100,130,137.15
DSP0010511,CMP0113,2025-08-24,18240,79,118.56
DSP0010512,CMP0113,2025-08-25,19847,140,129.01
DSP0010513,CMP0113,2025-08-26,19140,142,124.41
DSP0010514,CMP0113,2025-08-27,26724,192,173.71
DSP0010515,CMP0113,2025-08-28,23043,135,149.78
DSP0010516,CMP0113,2025-08-29,25453,156,165.45
DSP0010517,CMP0113,2025-08-30,25940,183,168.61
DSP0010518,CMP0113,2025-08-31,23973,112,155.83
DSP0010519,CMP0113,2025-09-01,19367,134,125.89
DSP0010520,CMP0113,2025-09-02,28366,176,184.38
DSP0010521,CMP0113,2025-09-03,26915,114,174.95
DSP0010522,CMP0113,2025-09-04,23083,159,150.04
DSP0010523,CMP0113,2025-09-05,23158,111,150.53
DSP0010524,CMP0113,2025-09-06,25500,171,165.75
DSP0010525,CMP0113,2025-09-07,28523,153,185.40
DSP0010526,CMP0113,2025-09-08,25375,187,164.94
DSP0010527,CMP0113,2025-09-09,28170,174,183.11
DSP0010528,CMP0113,2025-09-10,21067,96,136.94
DSP0010529,CMP0113,2025-09-11,26730,152,173.75
DSP0010530,CMP0113,2025-09-12,24315,137,158.05
DSP0010531,CMP0113,2025-09-13,29495,127,191.72
DSP0010532,CMP0113,2025-09-14,22487,158,146.17
DSP0010533,CMP0113,2025-09-15,21589,157,140.33
DSP0010534,CMP0113,2025-09-16,17995,80,116.97
DSP0010535,CMP0113,2025-09-17,16852,98,109.54
DSP0010536,CMP0113,2025-09-18,16747,114,108.86
DSP0010537,CMP0113,2025-09-19,28993,211,188.46
DSP0010538,CMP0113,2025-09-20,21633,167,140.62
DSP0010539,CMP0113,2025-09-21,16298,104,105.94
DSP0010540,CMP0113,2025-09-22,22720,142,147.68
DSP0010541,CMP0113,2025-09-23,21213,162,137.89
DSP0010542,CMP0113,2025-09-24,24087,144,156.57
DSP0010543,CMP0113,2025-09-25,24204,162,157.33
DSP0010544,CMP0113,2025-09-26,18166,111,118.08
DSP0010545,CMP0113,2025-09-27,25552,132,166.09
DSP0010546,CMP0113,2025-09-28,19807,124,128.75
DSP0010547,CMP0113,2025-09-29,19921,98,129.49
DSP0010548,CMP0113,2025-09-30,16403,120,106.62
DSP0010549,CMP0113,2025-10-01,28875,124,187.69
DSP0010550,CMP0113,2025-10-02,23432,164,152.31
DSP0010551,CMP0113,2025-10-03,22667,124,147.34
DSP0010552,CMP0113,2025-10-04,23689,156,153.98
DSP0010553,CMP0113,2025-10-05,24953,136,162.20
DSP0010554,CMP0113,2025-10-06,26550,176,172.58
DSP0010555,CMP0113,2025-10-07,22138,141,143.90
DSP0010556,CMP0113,2025-10-08,19375,111,125.94
DSP0010557,CMP0113,2025-10-09,20713,125,134.64
DSP0010558,CMP0113,2025-10-10,18363,87,119.36
DSP0010559,CMP0113,2025-10-11,18372,118,119.42
DSP0010560,CMP0113,2025-10-12,27612,185,179.48
DSP0010561,CMP0113,2025-10-13,16955,114,110.21
DSP0010562,CMP0113,2025-10-14,25646,180,166.70
DSP0010563,CMP0113,2025-10-15,26820,130,174.33
DSP0010564,CMP0113,2025-10-16,17236,100,112.04
DSP0010565,CMP0113,2025-10-17,27656,214,179.77
DSP0010566,CMP0113,2025-10-18,19304,103,125.48
DSP0010567,CMP0113,2025-10-19,29172,153,189.62
DSP0010568,CMP0113,2025-10-20,20383,118,132.49
DSP0010569,CMP0113,2025-10-21,19623,94,127.55
DSP0010570,CMP0113,2025-10-22,20240,150,131.56
DSP0010571,CMP0113,2025-10-23,19370,94,125.91
DSP0010572,CMP0113,2025-10-24,16724,123,108.71
DSP0010573,CMP0113,2025-10-25,17283,113,112.34
DSP0010574,CMP0113,2025-10-26,26749,112,173.87
DSP0010575,CMP0113,2025-10-27,28260,198,183.69
DSP0010576,CMP0113,2025-10-28,24653,178,160.25
DSP0010577,CMP0113,2025-10-29,28149,164,182.97
DSP0010578,CMP0113,2025-10-30,22433,111,145.82
DSP0010579,CMP0113,2025-10-31,26310,146,171.02
DSP0010580,CMP0113,2025-11-01,18370,93,119.41
DSP0010581,CMP0113,2025-11-02,29335,207,190.68
DSP0010582,CMP0114,2024-04-19,37732,381,565.98
DSP0010583,CMP0114,2024-04-20,41951,405,629.27
DSP0010584,CMP0114,2024-04-21,32167,309,482.51
DSP0010585,CMP0114,2024-04-22,39364,432,590.46
DSP0010586,CMP0114,2024-04-23,24015,230,360.23
DSP0010587,CMP0114,2024-04-24,41732,414,625.99
DSP0010588,CMP0114,2024-04-25,30702,331,460.54
DSP0010589,CMP0114,2024-04-26,38972,305,584.59
DSP0010590,CMP0114,2024-04-27,33696,320,505.45
DSP0010591,CMP0114,2024-04-28,41695,362,625.43
DSP0010592,CMP0114,2024-04-29,25393,278,380.90
DSP0010593,CMP0114,2024-04-30,27701,175,415.52
DSP0010594,CMP0114,2024-05-01,23466,162,352.00
DSP0010595,CMP0114,2024-05-02,25562,211,383.43
DSP0010596,CMP0114,2024-05-03,38574,329,578.62
DSP0010597,CMP0114,2024-05-04,38044,360,570.67
DSP0010598,CMP0114,2024-05-05,32228,363,483.42
DSP0010599,CMP0114,2024-05-06,37146,310,557.20
DSP0010600,CMP0114,2024-05-07,39736,369,596.05
DSP0010601,CMP0114,2024-05-08,29726,324,445.89
DSP0010602,CMP0114,2024-05-09,27934,221,419.02
DSP0010603,CMP0114,2024-05-10,38406,265,576.10
DSP0010604,CMP0114,2024-05-11,40598,362,608.98
DSP0010605,CMP0114,2024-05-12,34817,392,522.26
DSP0010606,CMP0114,2024-05-13,33250,362,498.75
DSP0010607,CMP0114,2024-05-14,31539,355,473.09
DSP0010608,CMP0114,2024-05-15,30858,276,462.87
DSP0010609,CMP0114,2024-05-16,25347,259,380.21
DSP0010610,CMP0114,2024-05-17,37372,275,560.59
DSP0010611,CMP0114,2024-05-18,43075,315,646.13
DSP0010612,CMP0114,2024-05-19,31552,234,473.29
DSP0010613,CMP0114,2024-05-20,35813,400,537.20
DSP0010614,CMP0114,2024-05-21,30976,261,464.65
DSP0010615,CMP0114,2024-05-22,41894,301,628.41
DSP0010616,CMP0114,2024-05-23,28966,205,434.50
DSP0010617,CMP0114,2024-05-24,26691,282,400.37
DSP0010618,CMP0114,2024-05-25,29931,237,448.97
DSP0010619,CMP0114,2024-05-26,36844,257,552.66
DSP0010620,CMP0114,2024-05-27,34706,231,520.59
DSP0010621,CMP0114,2024-05-28,23704,194,355.56
DSP0010622,CMP0114,2024-05-29,35726,340,535.89
DSP0010623,CMP0114,2024-05-30,27715,312,415.73
DSP0010624,CMP0114,2024-05-31,31898,243,478.47
DSP0010625,CMP0114,2024-06-01,25018,256,375.27
DSP0010626,CMP0114,2024-06-02,37402,360,561.04
DSP0010627,CMP0114,2024-06-03,29615,215,444.23
DSP0010628,CMP0114,2024-06-04,39620,354,594.31
DSP0010629,CMP0114,2024-06-05,34612,282,519.19
DSP0010630,CMP0114,2024-06-06,31099,303,466.49
DSP0010631,CMP0114,2024-06-07,36223,233,543.35
DSP0010632,CMP0114,2024-06-08,29328,305,439.92
DSP0010633,CMP0114,2024-06-09,36535,314,548.03
DSP0010634,CMP0114,2024-06-10,30565,306,458.48
DSP0010635,CMP0114,2024-06-11,24838,238,372.57
DSP0010636,CMP0114,2024-06-12,31339,258,470.09
DSP0010637,CMP0114,2024-06-13,29034,285,435.52
DSP0010638,CMP0114,2024-06-14,36566,377,548.50
DSP0010639,CMP0114,2024-06-15,32033,368,480.50
DSP0010640,CMP0114,2024-06-16,24233,282,363.50
DSP0010641,CMP0114,2024-06-17,35270,339,529.05
DSP0010642,CMP0114,2024-06-18,35176,319,527.65
DSP0010643,CMP0114,2024-06-19,40032,339,600.49
DSP0010644,CMP0114,2024-06-20,24242,165,363.63
DSP0010645,CMP0114,2024-06-21,24265,264,363.98
DSP0010646,CMP0114,2024-06-22,39760,255,596.41
DSP0010647,CMP0114,2024-06-23,29734,285,446.01
DSP0010648,CMP0114,2024-06-24,23428,244,351.43
DSP0010649,CMP0114,2024-06-25,26982,288,404.73
DSP0010650,CMP0114,2024-06-26,41544,270,623.16
DSP0010651,CMP0114,2024-06-27,34487,283,517.31
DSP0010652,CMP0114,2024-06-28,37131,380,556.97
DSP0010653,CMP0114,2024-06-29,40124,264,601.87
DSP0010654,CMP0114,2024-06-30,32312,246,484.69
DSP0010655,CMP0114,2024-07-01,32052,373,480.79
DSP0010656,CMP0114,2024-07-02,24533,265,368.00
DSP0010657,CMP0114,2024-07-03,34540,250,518.10
DSP0010658,CMP0114,2024-07-04,32021,325,480.32
DSP0010659,CMP0114,2024-07-05,31832,265,477.48
DSP0010660,CMP0114,2024-07-06,34084,237,511.27
DSP0010661,CMP0114,2024-07-07,31768,218,476.52
DSP0010662,CMP0114,2024-07-08,23346,229,350.20
DSP0010663,CMP0114,2024-07-09,40742,313,611.14
DSP0010664,CMP0114,2024-07-10,34214,228,513.21
DSP0010665,CMP0114,2024-07-11,27800,276,417.01
DSP0010666,CMP0114,2024-07-12,25477,204,382.16
DSP0010667,CMP0114,2024-07-13,33092,319,496.39
DSP0010668,CMP0114,2024-07-14,40141,263,602.12
DSP0010669,CMP0114,2024-07-15,38820,341,582.30
DSP0010670,CMP0114,2024-07-16,32332,223,484.99
DSP0010671,CMP0114,2024-07-17,43146,327,647.20
DSP0010672,CMP0114,2024-07-18,25451,197,381.77
DSP0010673,CMP0114,2024-07-19,40034,411,600.51
DSP0010674,CMP0114,2024-07-20,33537,281,503.06
DSP0010675,CMP0114,2024-07-21,33446,351,501.69
DSP0010676,CMP0114,2024-07-22,34495,227,517.43
DSP0010677,CMP0114,2024-07-23,26079,187,391.19
DSP0010678,CMP0114,2024-07-24,27391,190,410.87
DSP0010679,CMP0114,2024-07-25,26559,308,398.39
DSP0010680,CMP0114,2024-07-26,34342,276,515.13
DSP0010681,CMP0114,2024-07-27,25046,247,375.70
DSP0010682,CMP0114,2024-07-28,33013,313,495.20
DSP0010683,CMP0114,2024-07-29,34907,285,523.61
DSP0010684,CMP0114,2024-07-30,29086,196,436.30
DSP0010685,CMP0114,2024-07-31,34211,353,513.17
DSP0010686,CMP0114,2024-08-01,30704,310,460.56
DSP0010687,CMP0114,2024-08-02,36862,420,552.94
DSP0010688,CMP0114,2024-08-03,32126,290,481.89
DSP0010689,CMP0114,2024-08-04,39369,387,590.54
DSP0010690,CMP0114,2024-08-05,29040,187,435.61
DSP0010691,CMP0114,2024-08-06,33290,300,499.36
DSP0010692,CMP0114,2024-08-07,24673,257,370.10
DSP0010693,CMP0115,2025-07-10,83835,2650,754.52
DSP0010694,CMP0115,2025-07-11,125987,3235,1133.89
DSP0010695,CMP0115,2025-07-12,96221,3121,865.99
DSP0010696,CMP0115,2025-07-13,75727,1677,681.55
DSP0010697,CMP0115,2025-07-14,111788,2414,1006.10
DSP0010698,CMP0115,2025-07-15,117932,3363,1061.39
DSP0010699,CMP0115,2025-07-16,97128,2422,874.16
DSP0010700,CMP0115,2025-07-17,81596,1515,734.37
DSP0010701,CMP0115,2025-07-18,102472,2074,922.25
DSP0010702,CMP0115,2025-07-19,76215,2271,685.94
DSP0010703,CMP0115,2025-07-20,100225,1806,902.03
DSP0010704,CMP0115,2025-07-21,119493,3115,1075.44
DSP0010705,CMP0115,2025-07-22,126835,2570,1141.52
DSP0010706,CMP0115,2025-07-23,122132,3482,1099.19
DSP0010707,CMP0115,2025-07-24,109423,3102,984.81
DSP0010708,CMP0115,2025-07-25,74590,1798,671.31
DSP0010709,CMP0115,2025-07-26,83896,1753,755.07
DSP0010710,CMP0115,2025-07-27,96158,2354,865.43
DSP0010711,CMP0115,2025-07-28,77253,2242,695.28
DSP0010712,CMP0115,2025-07-29,133615,4025,1202.54
DSP0010713,CMP0115,2025-07-30,86403,2605,777.63
DSP0010714,CMP0115,2025-07-31,135232,2448,1217.09
DSP0010715,CMP0115,2025-08-01,80047,1688,720.43
DSP0010716,CMP0115,2025-08-02,130726,2798,1176.54
DSP0010717,CMP0115,2025-08-03,119671,2142,1077.04
DSP0010718,CMP0115,2025-08-04,78088,1760,702.80
DSP0010719,CMP0115,2025-08-05,110205,3270,991.85
DSP0010720,CMP0115,2025-08-06,77545,2216,697.91
DSP0010721,CMP0115,2025-08-07,88977,2279,800.80
DSP0010722,CMP0115,2025-08-08,129167,2742,1162.51
DSP0010723,CMP0115,2025-08-09,135268,2511,1217.42
DSP0010724,CMP0115,2025-08-10,126408,2986,1137.68
DSP0010725,CMP0115,2025-08-11,90792,2330,817.13
DSP0010726,CMP0115,2025-08-12,89227,2312,803.05
DSP0010727,CMP0115,2025-08-13,103760,1892,933.84
DSP0010728,CMP0115,2025-08-14,114230,2795,1028.07
DSP0010729,CMP0115,2025-08-15,126703,3691,1140.33
DSP0010730,CMP0115,2025-08-16,120753,3350,1086.78
DSP0010731,CMP0115,2025-08-17,95121,2523,856.09
DSP0010732,CMP0115,2025-08-18,110211,3106,991.90
DSP0010733,CMP0115,2025-08-19,128872,4068,1159.85
DSP0010734,CMP0115,2025-08-20,97045,1976,873.41
DSP0010735,CMP0115,2025-08-21,94011,2281,846.10
DSP0010736,CMP0115,2025-08-22,91954,1919,827.59
DSP0010737,CMP0115,2025-08-23,99815,2776,898.34
DSP0010738,CMP0115,2025-08-24,130090,2535,1170.81
DSP0010739,CMP0115,2025-08-25,119461,2179,1075.15
DSP0010740,CMP0115,2025-08-26,103262,2301,929.36
DSP0010741,CMP0115,2025-08-27,115904,2557,1043.14
DSP0010742,CMP0115,2025-08-28,129913,2795,1169.22
DSP0010743,CMP0115,2025-08-29,126576,3939,1139.19
DSP0010744,CMP0115,2025-08-30,133948,3455,1205.54
DSP0010745,CMP0115,2025-08-31,110796,2068,997.17
DSP0010746,CMP0115,2025-09-01,112936,2631,1016.43
DSP0010747,CMP0115,2025-09-02,132102,3524,1188.92
DSP0010748,CMP0116,2023-05-19,17127,585,308.29
DSP0010749,CMP0116,2023-05-20,17352,452,312.35
DSP0010750,CMP0116,2023-05-21,17165,604,308.97
DSP0010751,CMP0116,2023-05-22,16834,706,303.02
DSP0010752,CMP0116,2023-05-23,24205,613,435.70
DSP0010753,CMP0116,2023-05-24,19263,536,346.74
DSP0010754,CMP0116,2023-05-25,14032,505,252.58
DSP0010755,CMP0116,2023-05-26,15031,506,270.57
DSP0010756,CMP0116,2023-05-27,22811,599,410.61
DSP0010757,CMP0116,2023-05-28,17503,702,315.06
DSP0010758,CMP0116,2023-05-29,20144,573,362.60
DSP0010759,CMP0116,2023-05-30,18743,472,337.38
DSP0010760,CMP0116,2023-05-31,15988,716,287.80
DSP0010761,CMP0116,2023-06-01,13681,380,246.26
DSP0010762,CMP0116,2023-06-02,14338,517,258.10
DSP0010763,CMP0116,2023-06-03,19316,571,347.70
DSP0010764,CMP0116,2023-06-04,23493,735,422.89
DSP0010765,CMP0116,2023-06-05,21766,842,391.79
DSP0010766,CMP0116,2023-06-06,14022,628,252.41
DSP0010767,CMP0116,2023-06-07,13302,597,239.45
DSP0010768,CMP0116,2023-06-08,17990,522,323.82
DSP0010769,CMP0116,2023-06-09,22603,590,406.87
DSP0010770,CMP0116,2023-06-10,14108,361,253.96
DSP0010771,CMP0116,2023-06-11,18657,495,335.84
DSP0010772,CMP0116,2023-06-12,16574,702,298.34
DSP0010773,CMP0116,2023-06-13,23681,796,426.27
DSP0010774,CMP0116,2023-06-14,15919,626,286.55
DSP0010775,CMP0116,2023-06-15,23908,887,430.36
DSP0010776,CMP0116,2023-06-16,17053,562,306.96
DSP0010777,CMP0116,2023-06-17,17378,497,312.82
DSP0010778,CMP0116,2023-06-18,16898,503,304.18
DSP0010779,CMP0116,2023-06-19,21463,929,386.35
DSP0010780,CMP0116,2023-06-20,23940,858,430.92
DSP0010781,CMP0116,2023-06-21,19320,474,347.76
DSP0010782,CMP0116,2023-06-22,16761,701,301.70
DSP0010783,CMP0116,2023-06-23,19183,786,345.30
DSP0010784,CMP0116,2023-06-24,13133,341,236.40
DSP0010785,CMP0116,2023-06-25,19658,522,353.85
DSP0010786,CMP0116,2023-06-26,17115,669,308.07
DSP0010787,CMP0116,2023-06-27,17212,666,309.83
DSP0010788,CMP0116,2023-06-28,20015,626,360.27
DSP0010789,CMP0116,2023-06-29,20466,871,368.40
DSP0010790,CMP0116,2023-06-30,15893,490,286.08
DSP0010791,CMP0116,2023-07-01,16736,616,301.25
DSP0010792,CMP0116,2023-07-02,13170,552,237.07
DSP0010793,CMP0116,2023-07-03,18989,847,341.81
DSP0010794,CMP0116,2023-07-04,17661,452,317.90
DSP0010795,CMP0116,2023-07-05,13442,330,241.97
DSP0010796,CMP0116,2023-07-06,21576,941,388.38
DSP0010797,CMP0116,2023-07-07,13469,500,242.45
DSP0010798,CMP0116,2023-07-08,22106,645,397.92
DSP0010799,CMP0116,2023-07-09,21206,960,381.72
DSP0010800,CMP0116,2023-07-10,17495,722,314.92
DSP0010801,CMP0116,2023-07-11,20120,654,362.16
DSP0010802,CMP0116,2023-07-12,19670,601,354.06
DSP0010803,CMP0116,2023-07-13,21323,962,383.82
DSP0010804,CMP0116,2023-07-14,18331,792,329.97
DSP0010805,CMP0116,2023-07-15,15406,650,277.32
DSP0010806,CMP0116,2023-07-16,20248,869,364.47
DSP0010807,CMP0116,2023-07-17,21573,578,388.32
DSP0010808,CMP0116,2023-07-18,14906,645,268.32
DSP0010809,CMP0116,2023-07-19,21418,716,385.54
DSP0010810,CMP0116,2023-07-20,17928,447,322.72
DSP0010811,CMP0116,2023-07-21,20359,600,366.47
DSP0010812,CMP0116,2023-07-22,21730,542,391.14
DSP0010813,CMP0116,2023-07-23,17452,683,314.15
DSP0010814,CMP0116,2023-07-24,21658,882,389.86
DSP0010815,CMP0116,2023-07-25,20253,615,364.57
DSP0010816,CMP0116,2023-07-26,14667,478,264.01
DSP0010817,CMP0116,2023-07-27,22673,855,408.12
DSP0010818,CMP0116,2023-07-28,19831,732,356.97
DSP0010819,CMP0116,2023-07-29,22458,967,404.26
DSP0010820,CMP0116,2023-07-30,22543,633,405.78
DSP0010821,CMP0116,2023-07-31,14478,633,260.61
DSP0010822,CMP0116,2023-08-01,23173,768,417.12
DSP0010823,CMP0116,2023-08-02,19015,737,342.27
DSP0010824,CMP0116,2023-08-03,18967,766,341.42
DSP0010825,CMP0116,2023-08-04,17229,558,310.13
DSP0010826,CMP0116,2023-08-05,23107,602,415.94
DSP0010827,CMP0116,2023-08-06,17845,676,321.21
DSP0010828,CMP0116,2023-08-07,14941,436,268.94
DSP0010829,CMP0116,2023-08-08,13981,467,251.66
DSP0010830,CMP0116,2023-08-09,18779,617,338.03
DSP0010831,CMP0116,2023-08-10,14525,469,261.46
DSP0010832,CMP0116,2023-08-11,22933,937,412.80
DSP0010833,CMP0116,2023-08-12,20361,776,366.51
DSP0010834,CMP0116,2023-08-13,13755,595,247.60
DSP0010835,CMP0116,2023-08-14,16259,731,292.67
DSP0010836,CMP0116,2023-08-15,16033,632,288.61
DSP0010837,CMP0116,2023-08-16,19463,683,350.35
DSP0010838,CMP0116,2023-08-17,21285,563,383.13
DSP0010839,CMP0116,2023-08-18,17801,650,320.42
DSP0010840,CMP0116,2023-08-19,18265,628,328.78
DSP0010841,CMP0116,2023-08-20,21883,699,393.91
DSP0010842,CMP0116,2023-08-21,17013,474,306.24
DSP0010843,CMP0116,2023-08-22,17613,627,317.05
DSP0010844,CMP0116,2023-08-23,19920,653,358.57
DSP0010845,CMP0116,2023-08-24,18167,648,327.01
DSP0010846,CMP0116,2023-08-25,15242,691,274.36
DSP0010847,CMP0116,2023-08-26,21875,918,393.76
DSP0010848,CMP0116,2023-08-27,22946,881,413.04
DSP0010849,CMP0116,2023-08-28,20572,674,370.31
DSP0010850,CMP0116,2023-08-29,14418,388,259.53
DSP0010851,CMP0116,2023-08-30,18027,646,324.49
DSP0010852,CMP0116,2023-08-31,20804,614,374.48
DSP0010853,CMP0116,2023-09-01,17827,540,320.89
DSP0010854,CMP0116,2023-09-02,19876,747,357.77
DSP0010855,CMP0116,2023-09-03,21663,916,389.94
DSP0010856,CMP0116,2023-09-04,17311,505,311.60
DSP0010857,CMP0117,2023-08-12,62254,1450,684.80
DSP0010858,CMP0117,2023-08-13,58394,1156,642.34
DSP0010859,CMP0117,2023-08-14,51495,1160,566.45
DSP0010860,CMP0117,2023-08-15,60340,887,663.75
DSP0010861,CMP0117,2023-08-16,46182,798,508.01
DSP0010862,CMP0117,2023-08-17,50872,934,559.60
DSP0010863,CMP0117,2023-08-18,42020,905,462.22
DSP0010864,CMP0117,2023-08-19,35513,538,390.65
DSP0010865,CMP0117,2023-08-20,48491,630,533.41
DSP0010866,CMP0117,2023-08-21,64387,1093,708.26
DSP0010867,CMP0117,2023-08-22,44688,778,491.57
DSP0010868,CMP0117,2023-08-23,58977,1370,648.75
DSP0010869,CMP0117,2023-08-24,54480,1185,599.29
DSP0010870,CMP0117,2023-08-25,54592,1240,600.52
DSP0010871,CMP0117,2023-08-26,60072,1341,660.80
DSP0010872,CMP0117,2023-08-27,41339,951,454.73
DSP0010873,CMP0117,2023-08-28,40579,679,446.37
DSP0010874,CMP0117,2023-08-29,47062,864,517.69
DSP0010875,CMP0117,2023-08-30,42163,595,463.80
DSP0010876,CMP0117,2023-08-31,48920,890,538.12
DSP0010877,CMP0117,2023-09-01,45941,744,505.36
DSP0010878,CMP0117,2023-09-02,41282,653,454.11
DSP0010879,CMP0117,2023-09-03,47782,1063,525.61
DSP0010880,CMP0117,2023-09-04,35105,589,386.16
DSP0010881,CMP0117,2023-09-05,56506,868,621.57
DSP0010882,CMP0117,2023-09-06,52403,1103,576.44
DSP0010883,CMP0117,2023-09-07,60484,849,665.33
DSP0010884,CMP0117,2023-09-08,36594,485,402.54
DSP0010885,CMP0117,2023-09-09,37934,578,417.28
DSP0010886,CMP0117,2023-09-10,40084,555,440.93
DSP0010887,CMP0117,2023-09-11,39785,886,437.64
DSP0010888,CMP0117,2023-09-12,37213,828,409.35
DSP0010889,CMP0117,2023-09-13,57594,1259,633.54
DSP0010890,CMP0117,2023-09-14,43503,789,478.54
DSP0010891,CMP0117,2023-09-15,36901,859,405.92
DSP0010892,CMP0117,2023-09-16,64031,970,704.35
DSP0010893,CMP0117,2023-09-17,60938,889,670.32
DSP0010894,CMP0117,2023-09-18,50465,1137,555.12
DSP0010895,CMP0117,2023-09-19,52343,1159,575.78
DSP0010896,CMP0117,2023-09-20,39584,551,435.43
DSP0010897,CMP0117,2023-09-21,59456,1191,654.02
DSP0010898,CMP0117,2023-09-22,36959,726,406.55
DSP0010899,CMP0117,2023-09-23,51720,764,568.92
DSP0010900,CMP0117,2023-09-24,57949,973,637.44
DSP0010901,CMP0117,2023-09-25,50567,1025,556.24
DSP0010902,CMP0117,2023-09-26,54987,796,604.86
DSP0010903,CMP0117,2023-09-27,36911,638,406.03
DSP0010904,CMP0117,2023-09-28,58942,793,648.37
DSP0010905,CMP0117,2023-09-29,44150,798,485.66
DSP0010906,CMP0117,2023-09-30,48004,754,528.05
DSP0010907,CMP0117,2023-10-01,43402,856,477.43
DSP0010908,CMP0117,2023-10-02,53570,746,589.27
DSP0010909,CMP0117,2023-10-03,62663,837,689.30
DSP0010910,CMP0117,2023-10-04,39599,792,435.59
DSP0010911,CMP0117,2023-10-05,37144,514,408.59
DSP0010912,CMP0117,2023-10-06,57620,980,633.83
DSP0010913,CMP0117,2023-10-07,58880,1287,647.69
DSP0010914,CMP0117,2023-10-08,64607,1357,710.68
DSP0010915,CMP0117,2023-10-09,37603,707,413.64
DSP0010916,CMP0117,2023-10-10,43553,948,479.09
DSP0010917,CMP0117,2023-10-11,52926,742,582.19
DSP0010918,CMP0117,2023-10-12,64542,1052,709.97
DSP0010919,CMP0117,2023-10-13,40140,721,441.55
DSP0010920,CMP0117,2023-10-14,64080,1201,704.88
DSP0010921,CMP0117,2023-10-15,35623,782,391.86
DSP0010922,CMP0117,2023-10-16,43505,557,478.56
DSP0010923,CMP0117,2023-10-17,56952,731,626.48
DSP0010924,CMP0117,2023-10-18,38442,833,422.87
DSP0010925,CMP0117,2023-10-19,63567,1203,699.24
DSP0010926,CMP0117,2023-10-20,59138,984,650.52
DSP0010927,CMP0117,2023-10-21,56185,710,618.04
DSP0010928,CMP0117,2023-10-22,59440,772,653.84
DSP0010929,CMP0117,2023-10-23,63046,1349,693.51
DSP0010930,CMP0117,2023-10-24,40838,564,449.22
DSP0010931,CMP0117,2023-10-25,54670,890,601.37
DSP0010932,CMP0117,2023-10-26,53135,975,584.49
DSP0010933,CMP0117,2023-10-27,60626,781,666.89
DSP0010934,CMP0117,2023-10-28,61722,1287,678.95
DSP0010935,CMP0117,2023-10-29,59591,941,655.51
DSP0010936,CMP0117,2023-10-30,51989,1055,571.88
DSP0010937,CMP0117,2023-10-31,62558,1059,688.14
DSP0010938,CMP0117,2023-11-01,61730,1181,679.03
DSP0010939,CMP0117,2023-11-02,50936,1158,560.30
DSP0010940,CMP0117,2023-11-03,38941,754,428.36
DSP0010941,CMP0117,2023-11-04,56277,1281,619.05
DSP0010942,CMP0117,2023-11-05,55808,746,613.89
DSP0010943,CMP0117,2023-11-06,38579,657,424.37
DSP0010944,CMP0117,2023-11-07,60680,1262,667.48
DSP0010945,CMP0117,2023-11-08,48350,947,531.86
DSP0010946,CMP0117,2023-11-09,47895,988,526.85
DSP0010947,CMP0117,2023-11-10,35152,689,386.68
DSP0010948,CMP0117,2023-11-11,43861,801,482.48
DSP0010949,CMP0117,2023-11-12,35158,566,386.74
DSP0010950,CMP0117,2023-11-13,55251,889,607.77
DSP0010951,CMP0117,2023-11-14,43458,578,478.04
DSP0010952,CMP0117,2023-11-15,42498,767,467.48
DSP0010953,CMP0117,2023-11-16,48690,925,535.59
DSP0010954,CMP0117,2023-11-17,57431,956,631.75
DSP0010955,CMP0117,2023-11-18,39581,922,435.40
DSP0010956,CMP0117,2023-11-19,51445,679,565.90
DSP0010957,CMP0117,2023-11-20,62313,953,685.45
DSP0010958,CMP0117,2023-11-21,47205,711,519.26
DSP0010959,CMP0117,2023-11-22,58881,1192,647.70
DSP0010960,CMP0117,2023-11-23,42948,608,472.43
DSP0010961,CMP0117,2023-11-24,35372,790,389.10
DSP0010962,CMP0117,2023-11-25,54786,942,602.65
DSP0010963,CMP0117,2023-11-26,40740,685,448.15
DSP0010964,CMP0117,2023-11-27,62487,1373,687.36
DSP0010965,CMP0117,2023-11-28,58190,831,640.10
DSP0010966,CMP0117,2023-11-29,36959,710,406.55
DSP0010967,CMP0117,2023-11-30,45637,1005,502.01
DSP0010968,CMP0117,2023-12-01,53093,968,584.03
DSP0010969,CMP0117,2023-12-02,46801,875,514.82
DSP0010970,CMP0117,2023-12-03,44516,980,489.68
DSP0010971,CMP0117,2023-12-04,42454,720,467.00
DSP0010972,CMP0117,2023-12-05,58052,921,638.58
DSP0010973,CMP0117,2023-12-06,57778,1263,635.56
DSP0010974,CMP0118,2023-10-16,44686,303,290.46
DSP0010975,CMP0118,2023-10-17,75195,551,488.77
DSP0010976,CMP0118,2023-10-18,74963,564,487.26
DSP0010977,CMP0118,2023-10-19,44089,252,286.58
DSP0010978,CMP0118,2023-10-20,64015,418,416.10
DSP0010979,CMP0118,2023-10-21,58392,432,379.55
DSP0010980,CMP0118,2023-10-22,52938,273,344.10
DSP0010981,CMP0118,2023-10-23,47063,209,305.91
DSP0010982,CMP0118,2023-10-24,74613,336,484.99
DSP0010983,CMP0118,2023-10-25,73880,407,480.22
DSP0010984,CMP0118,2023-10-26,59496,270,386.73
DSP0010985,CMP0118,2023-10-27,69433,503,451.32
DSP0010986,CMP0118,2023-10-28,56929,287,370.04
DSP0010987,CMP0118,2023-10-29,69969,458,454.80
DSP0010988,CMP0118,2023-10-30,65546,314,426.05
DSP0010989,CMP0118,2023-10-31,71704,388,466.08
DSP0010990,CMP0118,2023-11-01,67620,361,439.53
DSP0010991,CMP0118,2023-11-02,57580,325,374.27
DSP0010992,CMP0118,2023-11-03,75373,377,489.93
DSP0010993,CMP0118,2023-11-04,44644,294,290.19
DSP0010994,CMP0118,2023-11-05,47304,261,307.48
DSP0010995,CMP0118,2023-11-06,66816,423,434.31
DSP0010996,CMP0118,2023-11-07,53313,320,346.54
DSP0010997,CMP0118,2023-11-08,58916,347,382.96
DSP0010998,CMP0118,2023-11-09,75320,413,489.58
DSP0010999,CMP0118,2023-11-10,63958,375,415.73
DSP0011000,CMP0118,2023-11-11,65393,504,425.06
DSP0011001,CMP0118,2023-11-12,50861,254,330.60
DSP0011002,CMP0118,2023-11-13,66426,379,431.77
DSP0011003,CMP0118,2023-11-14,57587,327,374.32
DSP0011004,CMP0118,2023-11-15,68646,335,446.20
DSP0011005,CMP0118,2023-11-16,50636,318,329.14
DSP0011006,CMP0118,2023-11-17,58826,365,382.37
DSP0011007,CMP0118,2023-11-18,44689,264,290.48
DSP0011008,CMP0118,2023-11-19,56787,420,369.12
DSP0011009,CMP0118,2023-11-20,55424,272,360.26
DSP0011010,CMP0118,2023-11-21,62649,373,407.22
DSP0011011,CMP0118,2023-11-22,47278,329,307.31
DSP0011012,CMP0118,2023-11-23,68747,493,446.86
DSP0011013,CMP0118,2023-11-24,73550,544,478.08
DSP0011014,CMP0118,2023-11-25,48535,220,315.48
DSP0011015,CMP0118,2023-11-26,65918,358,428.47
DSP0011016,CMP0118,2023-11-27,51255,258,333.16
DSP0011017,CMP0118,2023-11-28,61118,360,397.27
DSP0011018,CMP0118,2023-11-29,61050,325,396.83
DSP0011019,CMP0118,2023-11-30,61978,287,402.86
DSP0011020,CMP0118,2023-12-01,76233,587,495.52
DSP0011021,CMP0118,2023-12-02,65156,462,423.52
DSP0011022,CMP0118,2023-12-03,45843,297,297.98
DSP0011023,CMP0118,2023-12-04,72964,367,474.27
DSP0011024,CMP0118,2023-12-05,63653,276,413.75
DSP0011025,CMP0118,2023-12-06,48583,272,315.79
DSP0011026,CMP0118,2023-12-07,58178,273,378.16
DSP0011027,CMP0118,2023-12-08,61223,419,397.95
DSP0011028,CMP0118,2023-12-09,76207,399,495.35
DSP0011029,CMP0118,2023-12-10,67644,460,439.69
DSP0011030,CMP0118,2023-12-11,57449,422,373.42
DSP0011031,CMP0118,2023-12-12,69346,393,450.75
DSP0011032,CMP0118,2023-12-13,45926,235,298.52
DSP0011033,CMP0118,2023-12-14,43106,205,280.19
DSP0011034,CMP0118,2023-12-15,69206,404,449.84
DSP0011035,CMP0118,2023-12-16,70827,402,460.38
DSP0011036,CMP0118,2023-12-17,63232,322,411.01
DSP0011037,CMP0118,2023-12-18,49972,262,324.82
DSP0011038,CMP0118,2023-12-19,55153,298,358.50
DSP0011039,CMP0118,2023-12-20,57015,397,370.60
DSP0011040,CMP0118,2023-12-21,45995,290,298.97
DSP0011041,CMP0118,2023-12-22,74978,461,487.36
DSP0011042,CMP0118,2023-12-23,56124,418,364.81
DSP0011043,CMP0118,2023-12-24,63604,353,413.43
DSP0011044,CMP0118,2023-12-25,60956,403,396.22
DSP0011045,CMP0118,2023-12-26,45812,294,297.78
DSP0011046,CMP0118,2023-12-27,41996,193,272.98
DSP0011047,CMP0118,2023-12-28,45710,242,297.12
DSP0011048,CMP0118,2023-12-29,64870,323,421.66
DSP0011049,CMP0118,2023-12-30,67284,454,437.35
DSP0011050,CMP0118,2023-12-31,50433,314,327.82
DSP0011051,CMP0118,2024-01-01,50513,278,328.34
DSP0011052,CMP0118,2024-01-02,43476,273,282.60
DSP0011053,CMP0118,2024-01-03,53366,252,346.88
DSP0011054,CMP0118,2024-01-04,68383,335,444.49
DSP0011055,CMP0118,2024-01-05,72129,408,468.84
DSP0011056,CMP0118,2024-01-06,71843,411,466.98
DSP0011057,CMP0118,2024-01-07,48707,252,316.60
DSP0011058,CMP0118,2024-01-08,51436,347,334.34
DSP0011059,CMP0118,2024-01-09,60843,265,395.48
DSP0011060,CMP0118,2024-01-10,58015,334,377.10
DSP0011061,CMP0118,2024-01-11,62296,406,404.93
DSP0011062,CMP0118,2024-01-12,49986,241,324.91
DSP0011063,CMP0118,2024-01-13,52195,396,339.27
DSP0011064,CMP0118,2024-01-14,53632,310,348.61
DSP0011065,CMP0118,2024-01-15,60530,437,393.45
DSP0011066,CMP0118,2024-01-16,75273,477,489.28
DSP0011067,CMP0118,2024-01-17,59695,267,388.02
DSP0011068,CMP0118,2024-01-18,76204,568,495.33
DSP0011069,CMP0118,2024-01-19,54696,385,355.53
DSP0011070,CMP0118,2024-01-20,73061,408,474.90
DSP0011071,CMP0118,2024-01-21,72329,525,470.14
DSP0011072,CMP0118,2024-01-22,46949,214,305.17
DSP0011073,CMP0118,2024-01-23,44715,307,290.65
DSP0011074,CMP0118,2024-01-24,72944,553,474.14
DSP0011075,CMP0118,2024-01-25,47007,201,305.55
DSP0011076,CMP0118,2024-01-26,56230,310,365.50
DSP0011077,CMP0118,2024-01-27,45326,323,294.62
DSP0011078,CMP0118,2024-01-28,60058,432,390.38
DSP0011079,CMP0118,2024-01-29,59706,453,388.09
DSP0011080,CMP0118,2024-01-30,74952,489,487.19
DSP0011081,CMP0118,2024-01-31,54258,311,352.68
DSP0011082,CMP0118,2024-02-01,57333,297,372.67
DSP0011083,CMP0118,2024-02-02,60076,291,390.50
DSP0011084,CMP0118,2024-02-03,44560,275,289.64
DSP0011085,CMP0118,2024-02-04,59107,300,384.20
DSP0011086,CMP0118,2024-02-05,44727,346,290.73
DSP0011087,CMP0118,2024-02-06,56218,260,365.42
DSP0011088,CMP0118,2024-02-07,54583,402,354.79
DSP0011089,CMP0118,2024-02-08,68015,475,442.10
DSP0011090,CMP0118,2024-02-09,51623,399,335.55
DSP0011091,CMP0118,2024-02-10,58258,446,378.68
DSP0011092,CMP0118,2024-02-11,69689,376,452.98
DSP0011093,CMP0118,2024-02-12,43624,266,283.56
DSP0011094,CMP0118,2024-02-13,59309,348,385.51
DSP0011095,CMP0118,2024-02-14,61136,417,397.39
DSP0011096,CMP0118,2024-02-15,56670,313,368.36
DSP0011097,CMP0118,2024-02-16,76798,396,499.19
DSP0011098,CMP0118,2024-02-17,72169,395,469.10
DSP0011099,CMP0118,2024-02-18,66318,405,431.07
DSP0011100,CMP0118,2024-02-19,45266,294,294.23
DSP0011101,CMP0118,2024-02-20,54484,376,354.15
DSP0011102,CMP0118,2024-02-21,68136,500,442.89
DSP0011103,CMP0118,2024-02-22,72447,322,470.91
DSP0011104,CMP0118,2024-02-23,68606,346,445.94
DSP0011105,CMP0118,2024-02-24,59967,451,389.79
DSP0011106,CMP0118,2024-02-25,59264,340,385.22
DSP0011107,CMP0118,2024-02-26,52081,290,338.53
DSP0011108,CMP0118,2024-02-27,46701,226,303.56
DSP0011109,CMP0118,2024-02-28,58164,299,378.07
DSP0011110,CMP0118,2024-02-29,42083,266,273.54
DSP0011111,CMP0118,2024-03-01,63523,381,412.90
DSP0011112,CMP0118,2024-03-02,42846,298,278.50
DSP0011113,CMP0118,2024-03-03,72992,559,474.45
DSP0011114,CMP0118,2024-03-04,59363,327,385.86
DSP0011115,CMP0118,2024-03-05,55575,376,361.24
DSP0011116,CMP0118,2024-03-06,45860,238,298.09
DSP0011117,CMP0118,2024-03-07,69132,399,449.36
DSP0011118,CMP0118,2024-03-08,72155,453,469.01
DSP0011119,CMP0119,2025-07-02,17848,207,267.73
DSP0011120,CMP0119,2025-07-03,17494,201,262.42
DSP0011121,CMP0119,2025-07-04,12711,135,190.67
DSP0011122,CMP0119,2025-07-05,17123,161,256.85
DSP0011123,CMP0119,2025-07-06,18786,175,281.79
DSP0011124,CMP0119,2025-07-07,21850,212,327.75
DSP0011125,CMP0119,2025-07-08,14670,169,220.05
DSP0011126,CMP0119,2025-07-09,13365,149,200.48
DSP0011127,CMP0119,2025-07-10,21229,205,318.44
DSP0011128,CMP0119,2025-07-11,19788,166,296.82
DSP0011129,CMP0119,2025-07-12,18905,129,283.58
DSP0011130,CMP0119,2025-07-13,14003,131,210.05
DSP0011131,CMP0119,2025-07-14,15712,141,235.68
DSP0011132,CMP0119,2025-07-15,11933,127,179.00
DSP0011133,CMP0119,2025-07-16,15924,126,238.86
DSP0011134,CMP0119,2025-07-17,14306,100,214.60
DSP0011135,CMP0119,2025-07-18,21753,200,326.30
DSP0011136,CMP0119,2025-07-19,18816,208,282.24
DSP0011137,CMP0119,2025-07-20,18136,161,272.04
DSP0011138,CMP0119,2025-07-21,15489,130,232.34
DSP0011139,CMP0119,2025-07-22,21212,157,318.19
DSP0011140,CMP0119,2025-07-23,20202,147,303.04
DSP0011141,CMP0119,2025-07-24,13397,100,200.96
DSP0011142,CMP0119,2025-07-25,19083,141,286.25
DSP0011143,CMP0119,2025-07-26,15623,155,234.35
DSP0011144,CMP0119,2025-07-27,21222,141,318.34
DSP0011145,CMP0119,2025-07-28,14905,150,223.58
DSP0011146,CMP0119,2025-07-29,14758,123,221.38
DSP0011147,CMP0119,2025-07-30,20947,215,314.21
DSP0011148,CMP0119,2025-07-31,20016,216,300.24
DSP0011149,CMP0119,2025-08-01,13671,155,205.07
DSP0011150,CMP0119,2025-08-02,16579,182,248.69
DSP0011151,CMP0119,2025-08-03,12230,80,183.45
DSP0011152,CMP0119,2025-08-04,14063,90,210.95
DSP0011153,CMP0119,2025-08-05,19889,166,298.34
DSP0011154,CMP0119,2025-08-06,21431,230,321.47
DSP0011155,CMP0119,2025-08-07,21521,236,322.82
DSP0011156,CMP0119,2025-08-08,19375,131,290.63
DSP0011157,CMP0119,2025-08-09,20978,213,314.68
DSP0011158,CMP0119,2025-08-10,21217,208,318.26
DSP0011159,CMP0119,2025-08-11,20954,166,314.32
DSP0011160,CMP0119,2025-08-12,21738,174,326.08
DSP0011161,CMP0119,2025-08-13,12218,108,183.27
DSP0011162,CMP0119,2025-08-14,16857,113,252.86
DSP0011163,CMP0119,2025-08-15,15137,128,227.06
DSP0011164,CMP0119,2025-08-16,21030,195,315.46
DSP0011165,CMP0119,2025-08-17,13446,122,201.69
DSP0011166,CMP0119,2025-08-18,16921,193,253.82
DSP0011167,CMP0119,2025-08-19,12145,102,182.18
DSP0011168,CMP0119,2025-08-20,18990,178,284.86
DSP0011169,CMP0119,2025-08-21,15449,152,231.74
DSP0011170,CMP0119,2025-08-22,21980,193,329.70
DSP0011171,CMP0119,2025-08-23,19822,125,297.34
DSP0011172,CMP0119,2025-08-24,22067,162,331.01
DSP0011173,CMP0119,2025-08-25,17658,174,264.87
DSP0011174,CMP0119,2025-08-26,12012,138,180.19
DSP0011175,CMP0119,2025-08-27,14864,149,222.97
DSP0011176,CMP0119,2025-08-28,13329,86,199.94
DSP0011177,CMP0119,2025-08-29,11926,136,178.90
DSP0011178,CMP0119,2025-08-30,12772,125,191.58
DSP0011179,CMP0119,2025-08-31,17767,147,266.51
DSP0011180,CMP0119,2025-09-01,21404,154,321.06
DSP0011181,CMP0119,2025-09-02,12345,83,185.18
DSP0011182,CMP0119,2025-09-03,14842,151,222.63
DSP0011183,CMP0119,2025-09-04,21843,143,327.65
DSP0011184,CMP0120,2023-08-14,31882,579,286.94
DSP0011185,CMP0120,2023-08-15,42884,1017,385.96
DSP0011186,CMP0120,2023-08-16,36208,1016,325.88
DSP0011187,CMP0120,2023-08-17,39918,1074,359.27
DSP0011188,CMP0120,2023-08-18,27130,767,244.17
DSP0011189,CMP0120,2023-08-19,38876,976,349.89
DSP0011190,CMP0120,2023-08-20,44322,862,398.90
DSP0011191,CMP0120,2023-08-21,36723,904,330.51
DSP0011192,CMP0120,2023-08-22,29167,615,262.51
DSP0011193,CMP0120,2023-08-23,41757,797,375.82
DSP0011194,CMP0120,2023-08-24,30305,895,272.75
DSP0011195,CMP0120,2023-08-25,42054,1252,378.49
DSP0011196,CMP0120,2023-08-26,36711,734,330.40
DSP0011197,CMP0120,2023-08-27,44587,1317,401.29
DSP0011198,CMP0120,2023-08-28,33614,794,302.53
DSP0011199,CMP0120,2023-08-29,37895,682,341.06
DSP0011200,CMP0120,2023-08-30,27873,583,250.86
DSP0011201,CMP0120,2023-08-31,40932,1219,368.39
DSP0011202,CMP0120,2023-09-01,44017,1055,396.16
DSP0011203,CMP0120,2023-09-02,34303,717,308.73
DSP0011204,CMP0120,2023-09-03,35000,815,315.00
DSP0011205,CMP0120,2023-09-04,26723,744,240.51
DSP0011206,CMP0120,2023-09-05,27661,861,248.95
DSP0011207,CMP0120,2023-09-06,30187,661,271.69
DSP0011208,CMP0120,2023-09-07,29543,811,265.89
DSP0011209,CMP0120,2023-09-08,33540,933,301.86
DSP0011210,CMP0120,2023-09-09,26897,670,242.08
DSP0011211,CMP0120,2023-09-10,35027,687,315.25
DSP0011212,CMP0120,2023-09-11,42260,955,380.34
DSP0011213,CMP0120,2023-09-12,30628,738,275.66
DSP0011214,CMP0120,2023-09-13,27373,809,246.36
DSP0011215,CMP0120,2023-09-14,30185,584,271.67
DSP0011216,CMP0120,2023-09-15,27961,677,251.65
DSP0011217,CMP0120,2023-09-16,45811,1417,412.30
DSP0011218,CMP0120,2023-09-17,30491,669,274.42
DSP0011219,CMP0120,2023-09-18,28006,638,252.06
DSP0011220,CMP0120,2023-09-19,38772,1255,348.95
DSP0011221,CMP0120,2023-09-20,28776,726,258.99
DSP0011222,CMP0120,2023-09-21,34961,974,314.65
DSP0011223,CMP0120,2023-09-22,43112,1341,388.01
DSP0011224,CMP0120,2023-09-23,40283,1005,362.55
DSP0011225,CMP0120,2023-09-24,42254,966,380.29
DSP0011226,CMP0120,2023-09-25,45158,1176,406.43
DSP0011227,CMP0120,2023-09-26,30024,923,270.22
DSP0011228,CMP0120,2023-09-27,36460,903,328.14
DSP0011229,CMP0120,2023-09-28,43640,971,392.76
DSP0011230,CMP0120,2023-09-29,44113,1086,397.02
DSP0011231,CMP0120,2023-09-30,30518,536,274.67
DSP0011232,CMP0120,2023-10-01,42080,1325,378.72
DSP0011233,CMP0120,2023-10-02,42253,912,380.28
DSP0011234,CMP0120,2023-10-03,31446,664,283.02
DSP0011235,CMP0120,2023-10-04,45073,1398,405.66
DSP0011236,CMP0120,2023-10-05,25690,812,231.21
DSP0011237,CMP0120,2023-10-06,33340,621,300.06
DSP0011238,CMP0120,2023-10-07,35531,1100,319.78
DSP0011239,CMP0120,2023-10-08,33588,784,302.30
DSP0011240,CMP0120,2023-10-09,29001,890,261.01
